Index,demand
0,0.037902046
1,0.02523854
2,0.03068358
3,0.030744238
4,0.047193434
5,0.052230764
6,0.050419107
7,0.05341311
8,0.051796984
9,0.086376764
10,0.07671243
11,0.26721284
12,0.26895812
13,0.051340166
14,0.051201385
15,0.057088148
16,0.07422913
17,0.08600519
18,0.05907564
19,0.058816668
20,0.05298407
21,0.033866707
22,0.059238523
23,0.0557309
24,0.45482674
25,0.09808815
26,0.054077357
27,0.051386923
28,0.050931506
29,0.05237577
30,0.033866707
31,0.037253447
32,0.037313975
33,0.0618643
34,0.27717024
35,0.41581392
36,0.053641558
37,0.055927992
38,0.05093128
39,0.050931506
40,0.050168276
41,0.033866707
42,0.033866707
43,0.036550745
44,0.036231995
45,0.042519856
46,0.054731682
47,0.4589715
48,0.087846324
49,0.08752228
50,0.2590737
51,0.06982594
52,0.06946791
53,0.07383879
54,0.04136161
55,0.04136161
56,0.054472998
57,0.055085562
58,0.048998203
59,0.04968008
60,0.06342549
61,0.07171356
62,0.08752228
63,0.087846324
64,0.07029535
65,0.4636145
66,0.044608384
67,0.039666038
68,0.05623725
69,0.050204158
70,0.04905873
71,0.040354796
72,0.062909685
73,0.05580167
74,0.05649907
75,0.07085923
76,0.07171356
77,0.0680015
78,0.07082633
79,0.07516126
80,0.04389443
81,0.039666038
82,0.04147845
83,0.07166681
84,0.06706215
85,0.07082633
86,0.069361396
87,0.4973782
88,0.0439082
89,0.0440969
90,0.04183648
91,0.06345867
92,0.07621878
93,0.074169904
94,0.06522816
95,0.04801695
96,0.040148556
97,0.03941287
98,0.070493475
99,0.070493475
100,0.040354796
101,0.05338637
102,0.05338637
103,0.062909685
104,0.050713047
105,0.060779534
106,0.051690888
107,0.07329648
108,0.48271346
109,0.04725372
110,0.04801695
111,0.039666038
112,0.06926759
113,0.06583386
114,0.058623765
115,0.052713856
116,0.06517798
117,0.06517798
118,0.050713047
119,0.040666685
120,0.04217768
121,0.026005242
122,0.034343418
123,0.025958484
124,0.055477623
125,0.06124202
126,0.060531005
127,0.277968
128,0.067339435
129,0.09447753
130,0.054935373
131,0.051962726
132,0.03362311
133,0.033378225
134,0.047189504
135,0.04801695
136,0.048417985
137,0.06944324
138,0.27509335
139,0.056926284
140,0.056926284
141,0.05928554
142,0.05398393
143,0.052713856
144,0.06413743
145,0.050713047
146,0.0407309
147,0.0407309
148,0.049181283
149,0.0266644
150,0.02616124
151,0.034170795
152,0.06124202
153,0.077276185
154,0.07707575
155,0.093155265
156,0.26366153
157,0.053114824
158,0.054731887
159,0.03362311
160,0.06514459
161,0.047956422
162,0.0724092
163,0.06926759
164,0.59448844
165,0.057648744
166,0.05622348
167,0.059461188
168,0.054383777
169,0.053680185
170,0.06517798
171,0.050713047
172,0.04099153
173,0.048734404
174,0.026282534
175,0.03341332
176,0.0354914
177,0.049395513
178,0.077292174
179,0.086966045
180,0.1211747
181,0.276118
182,0.5472916
183,0.08832051
184,0.066399455
185,0.07239542
186,0.07234867
187,0.074299715
188,0.041235615
189,0.041966535
190,0.06185054
191,0.061836768
192,0.061463233
193,0.061082255
194,0.079539895
195,0.05983061
196,0.06558758
197,0.042113464
198,0.046070635
199,0.042207062
200,0.051085915
201,0.050570108
202,0.02560504
203,0.036442835
204,0.035502408
205,0.07981395
206,0.0781465
207,0.085145235
208,0.11492705
209,0.13254994
210,0.13022627
211,0.08832051
212,0.066399455
213,0.0724092
214,0.066124715
215,0.04106489
216,0.041235615
217,0.06179001
218,0.06185054
219,0.061546795
220,0.061099105
221,0.05980298
222,0.05980298
223,0.06514357
224,0.06563433
225,0.042743735
226,0.047128096
227,0.04188831
228,0.050825287
229,0.03341332
230,0.033965323
231,0.071615174
232,0.071001984
233,0.1211747
234,0.2922467
235,0.11541542
236,0.08815073
237,0.06593587
238,0.0894588
239,0.072756246
240,0.07436394
241,0.066952154
242,0.061465807
243,0.26488134
244,0.05963365
245,0.07319145
246,0.065606706
247,0.07799842
248,0.046273053
249,0.046256885
250,0.04246769
251,0.04246769
252,0.032754164
253,0.034242615
254,0.03641938
255,0.07178495
256,0.08989627
257,0.12153005
258,0.121640846
259,0.11535119
260,0.08832051
261,0.264416
262,0.08992238
263,0.42449287
264,0.075127155
265,0.066952154
266,0.039494798
267,0.03905769
268,0.061512563
269,0.061512563
270,0.2656846
271,0.07302212
272,0.44907364
273,0.07890819
274,0.042207062
275,0.03528775
276,0.041941598
277,0.041664306
278,0.09065355
279,0.088229835
280,0.09847616
281,0.2817537
282,0.09034848
283,0.09064229
284,0.09395512
285,0.112186186
286,0.13525806
287,0.2652254
288,0.0970365
289,0.056365035
290,0.057185385
291,0.084199734
292,0.6239182
293,0.07912524
294,0.07890819
295,0.27626428
296,0.27250412
297,0.04246769
298,0.041951884
299,0.041941598
300,0.049103245
301,0.08742226
302,0.2586997
303,0.09784184
304,0.09034848
305,0.26371753
306,0.26086134
307,0.111430354
308,0.26621735
309,0.48233074
310,0.08946635
311,0.057725616
312,0.05500066
313,0.05700674
314,0.057261273
315,0.085267864
316,0.72464263
317,0.0779342
318,0.07890819
319,0.44111896
320,0.04246769
321,0.042207062
322,0.2740699
323,0.03584969
324,0.04839223
325,0.048363756
326,0.08276585
327,0.08283007
328,0.09609934
329,0.09042032
330,0.09042032
331,0.111430354
332,0.11090737
333,0.26305872
334,0.27659866
335,0.0895131
336,0.039494798
337,0.2727549
338,0.26749343
339,0.08571562
340,0.6842438
341,0.73030597
342,0.28056836
343,0.07893582
344,0.07890819
345,0.054213464
346,0.05354396
347,0.03721928
348,0.060787413
349,0.05580167
350,0.08283007
351,0.09609934
352,0.09563576
353,0.09056821
354,0.0922079
355,0.111435175
356,0.06358164
357,0.11442779
358,0.09627329
359,0.08809115
360,0.039207987
361,0.056392692
362,0.26749343
363,0.044902198
364,0.088427916
365,0.60254896
366,0.72374976
367,0.46809456
368,0.0779342
369,0.07930804
370,0.042906284
371,0.05354396
372,0.27036047
373,0.038645506
374,0.038645506
375,0.03721928
376,0.03721928
377,0.06439195
378,0.06485553
379,0.073609486
380,0.07407307
381,0.27132007
382,0.09360879
383,0.11655505
384,0.11618484
385,0.11655505
386,0.1222189
387,0.07890819
388,0.080384605
389,0.06624005
390,0.09000582
391,0.09064437
392,0.07890193
393,0.07919057
394,0.68880945
395,0.75384575
396,0.81740344
397,0.06982104
398,0.0670206
399,0.08567211
400,0.08342977
401,0.26587677
402,0.056238092
403,0.05644051
404,0.06238308
405,0.06439195
406,0.06485553
407,0.25627384
408,0.07407307
409,0.52504617
410,0.27541047
411,0.11655505
412,0.11609147
413,0.11655505
414,0.095645376
415,0.080384605
416,0.07947484
417,0.06621242
418,0.065302655
419,0.09138221
420,0.0910024
421,0.07944536
422,0.08641004
423,0.049386684
424,0.72910255
425,0.817435
426,0.81621444
427,0.047603935
428,0.054282688
429,0.2617617
430,0.08253667
431,0.08444953
432,0.043277193
433,0.06358164
434,0.06480878
435,0.045950245
436,0.07354526
437,0.06589992
438,0.57945687
439,0.56068075
440,0.11655505
441,0.11638527
442,0.12245079
443,0.27886242
444,0.0849362
445,0.25449157
446,0.065302655
447,0.06567423
448,0.07948437
449,0.07901983
450,0.086703844
451,0.07193046
452,0.06937928
453,0.2779555
454,0.5218949
455,0.116064705
456,0.053766884
457,0.06982104
458,0.26231584
459,0.060271606
460,0.26402688
461,0.08132275
462,0.056238092
463,0.06485553
464,0.06485553
465,0.04701239
466,0.06589992
467,0.066363506
468,0.26459828
469,0.67743236
470,0.4756462
471,0.49132407
472,0.13556083
473,0.13515125
474,0.25467566
475,0.44873303
476,0.065302655
477,0.065302655
478,0.079417735
479,0.079417735
480,0.262028
481,0.07193046
482,0.06931505
483,0.27893713
484,0.27493927
485,0.27256525
486,0.9503455
487,0.06982104
488,0.06612276
489,0.060787413
490,0.2674194
491,0.063697405
492,0.056238092
493,0.42088133
494,0.047059145
495,0.046610687
496,0.04741827
497,0.092056565
498,0.095239
499,0.26762465
500,0.49242976
501,0.5641573
502,0.5283
503,0.5345358
504,0.13119394
505,0.10728332
506,0.28213164
507,0.09070859
508,0.07193046
509,0.07130763
510,0.07080408
511,0.07142691
512,0.115878455
513,0.1001248
514,0.4920283
515,0.06572028
516,0.06259103
517,0.06340105
518,0.07047956
519,0.060126778
520,0.06547892
521,0.042984176
522,0.04688935
523,0.047465026
524,0.047465026
525,0.092056565
526,0.09584729
527,0.1165083
528,0.11655505
529,0.5197258
530,0.6109686
531,0.52815014
532,0.5132943
533,0.4718566
534,0.099832654
535,0.07193046
536,0.07101382
537,0.07080408
538,0.07091111
539,0.11540715
540,0.1006406
541,0.049239706
542,0.06594526
543,0.062119726
544,0.06259103
545,0.06241354
546,0.06421321
547,0.07275184
548,0.05992887
549,0.062093597
550,0.0466015
551,0.042549815
552,0.042581182
553,0.042117573
554,0.095606714
555,0.09584729
556,0.11679562
557,0.2797006
558,0.64170355
559,0.5525231
560,0.81687206
561,0.8061872
562,0.45338032
563,0.09000582
564,0.07101382
565,0.07142691
566,0.070510276
567,0.1001248
568,0.049755517
569,0.06241354
570,0.5098451
571,0.06259103
572,0.0602551
573,0.06951938
574,0.059742622
575,0.062093597
576,0.079816066
577,0.04350091
578,0.067399
579,0.057338133
580,0.042117573
581,0.042581182
582,0.095606714
583,0.09514313
584,0.11655505
585,0.49489522
586,0.6074531
587,0.28071904
588,0.8178298
589,0.4664645
590,0.46676308
591,0.09064437
592,0.07101382
593,0.06966433
594,0.08260979
595,0.0492842
596,0.04957801
597,0.062075235
598,0.061800975
599,0.44675663
600,0.060790632
601,0.25740993
602,0.06006256
603,0.062279847
604,0.07911401
605,0.06282679
606,0.2592887
607,0.059990175
608,0.07407307
609,0.04625677
610,0.12378957
611,0.6453215
612,0.4983037
613,0.2644968
614,0.065838166
615,0.4278669
616,0.081628926
617,0.08589903
618,0.03939179
619,0.056450512
620,0.06646309
621,0.07150525
622,0.27452752
623,0.04532656
624,0.27407295
625,0.050108578
626,0.050901726
627,0.07833058
628,0.077670015
629,0.050308205
630,0.12338
631,0.11486982
632,0.06542859
633,0.2656711
634,0.2662432
635,0.082093984
636,0.08545383
637,0.03937131
638,0.049306188
639,0.055731982
640,0.05543597
641,0.05651253
642,0.26971337
643,0.07211161
644,0.044790473
645,0.045539174
646,0.054745644
647,0.049606007
648,0.050689362
649,0.0782338
650,0.05627055
651,0.05026145
652,0.11566926
653,0.053416394
654,0.06894853
655,0.06834024
656,0.07894407
657,0.076193765
658,0.4471061
659,0.46110675
660,0.08482104
661,0.05000129
662,0.054284945
663,0.05457876
664,0.05651253
665,0.054062445
666,0.07121144
667,0.077032074
668,0.045539174
669,0.04989982
670,0.04954179
671,0.031068552
672,0.050308205
673,0.115479834
674,0.27381808
675,0.065838166
676,0.06613275
677,0.075782165
678,0.039369732
679,0.08910877
680,0.26983333
681,0.08658671
682,0.040199995
683,0.05000129
684,0.050203707
685,0.055996723
686,0.054124463
687,0.054124463
688,0.071393386
689,0.077032074
690,0.050108578
691,0.049498826
692,0.26610416
693,0.043711677
694,0.053217046
695,0.27139223
696,0.0629629
697,0.03941649
698,0.03941649
699,0.05694909
700,0.058670737
701,0.41143557
702,0.061607145
703,0.0476959
704,0.05412666
705,0.06615958
706,0.06626067
707,0.06626067
708,0.06309644
709,0.06361226
710,0.06201143
711,0.06124396
712,0.033029605
713,0.032837495
714,0.07572914
715,0.07619234
716,0.046520263
717,0.046520263
718,0.055408545
719,0.052942578
720,0.089315586
721,0.06325747
722,0.03941649
723,0.28456223
724,0.5435839
725,0.27120394
726,0.06060252
727,0.0476959
728,0.04821171
729,0.04781042
730,0.06597764
731,0.06667539
732,0.5723006
733,0.06361226
734,0.06361226
735,0.062305257
736,0.06175625
737,0.032691438
738,0.07644325
739,0.41069528
740,0.04475632
741,0.07591788
742,0.048053574
743,0.041524533
744,0.062916145
745,0.07052367
746,0.031513214
747,0.03216259
748,0.056172147
749,0.04102632
750,0.041434385
751,0.048414126
752,0.047516607
753,0.04837283
754,0.06626067
755,0.06646309
756,0.065562926
757,0.06309644
758,0.061646093
759,0.06155654
760,0.06342549
761,0.032691438
762,0.07570953
763,0.4686111
764,0.07549718
765,0.046520263
766,0.059659746
767,0.0629629
768,0.07022223
769,0.05242093
770,0.040918577
771,0.048520856
772,0.06585673
773,0.06646309
774,0.0654987
775,0.062474478
776,0.25859934
777,0.06342549
778,0.035306443
779,0.078298025
780,0.28455356
781,0.0759821
782,0.044684943
783,0.040712524
784,0.030161968
785,0.033530667
786,0.2693408
787,0.041524533
788,0.017165335
789,0.019721517
790,0.052507915
791,0.050792176
792,0.06295126
793,0.06569308
794,0.039330132
795,0.039989978
796,0.033728443
797,0.058648407
798,0.25150996
799,0.0848039
800,0.029026793
801,0.029635252
802,0.024821397
803,0.033530667
804,0.032404378
805,0.039923467
806,0.018199325
807,0.017419863
808,0.017939685
809,0.021304766
810,0.02161433
811,0.052507915
812,0.050165694
813,0.066100635
814,0.06569308
815,0.03951821
816,0.034756135
817,0.05903984
818,0.06247997
819,0.03350679
820,0.024885615
821,0.032039
822,0.040153127
823,0.036104914
824,0.016223941
825,0.017939685
826,0.020015333
827,0.019721517
828,0.047476567
829,0.04687895
830,0.040176228
831,0.033728443
832,0.0582372
833,0.058038723
834,0.02952811
835,0.024326427
836,0.024821397
837,0.035411224
838,0.03218342
839,0.041272793
840,0.035746884
841,0.021378154
842,0.020598693
843,0.050165694
844,0.039989978
845,0.033728443
846,0.058531012
847,0.0649039
848,0.08059121
849,0.057576176
850,0.028371766
851,0.024206173
852,0.035106298
853,0.025019402
854,0.024255667
855,0.030719738
856,0.034540273
857,0.06863375
858,0.038705543
859,0.038940832
860,0.02163462
861,0.030973278
862,0.021154853
863,0.034301773
864,0.025437733
865,0.026612546
866,0.029750537
867,0.020296915
868,0.035315722
869,0.06681123
870,0.06295126
871,0.0848039
872,0.02891579
873,0.022175498
874,0.020548843
875,0.025019402
876,0.02638289
877,0.026511258
878,0.020556554
879,0.019777093
880,0.01999599
881,0.034281738
882,0.052507915
883,0.066035785
884,0.06295126
885,0.03954075
886,0.08355813
887,0.031332806
888,0.031267975
889,0.029140467
890,0.029426377
891,0.050419107
892,0.05152485
893,0.05341311
894,0.051378656
895,0.051378656
896,0.030115651
897,0.052230764
898,0.050784484
899,0.05868265
900,0.076045275
901,0.051438954
902,0.2695387
903,0.051340166
904,0.051386923
905,0.051571608
906,0.06981017
907,0.5606598
908,0.0782701
909,0.0583413
910,0.053641558
911,0.05010406
912,0.050378527
913,0.25591356
914,0.06981017
915,0.49299362
916,0.089991614
917,0.0583413
918,0.049920492
919,0.05046209
920,0.03591927
921,0.036550745
922,0.042519856
923,0.041988876
924,0.059756912
925,0.061981745
926,0.097812206
927,0.40179402
928,0.05703529
929,0.057133034
930,0.051340166
931,0.050637465
932,0.050931506
933,0.033866707
934,0.035833772
935,0.036231995
936,0.041988876
937,0.05523198
938,0.45947996
939,0.08505052
940,0.087846324
941,0.25861996
942,0.07082633
943,0.4684123
944,0.044289634
945,0.044902198
946,0.057359558
947,0.055085562
948,0.049910344
949,0.049910344
950,0.06342549
951,0.06919505
952,0.08739926
953,0.088444166
954,0.07082633
955,0.07314847
956,0.27918202
957,0.044608384
958,0.04277723
959,0.0392051
960,0.05622348
961,0.048998203
962,0.049591593
963,0.04183648
964,0.051320694
965,0.05552438
966,0.07085923
967,0.07154378
968,0.067339435
969,0.069213375
970,0.040294345
971,0.048998203
972,0.041542668
973,0.06504174
974,0.24804465
975,0.067339435
976,0.06946791
977,0.06881515
978,0.27736753
979,0.04134856
980,0.04392125
981,0.04905873
982,0.040354796
983,0.040294267
984,0.06342549
985,0.06342549
986,0.07340299
987,0.2794019
988,0.27799067
989,0.04008434
990,0.040148556
991,0.070493475
992,0.069710486
993,0.05338637
994,0.05398393
995,0.06361174
996,0.06384092
997,0.05045787
998,0.051697273
999,0.07423043
1000,0.07314847
1001,0.4973935
1002,0.06493435
1003,0.04693497
1004,0.048579294
1005,0.040148556
1006,0.065266214
1007,0.065769635
1008,0.059271768
1009,0.053970158
1010,0.06523534
1011,0.06420165
1012,0.05141227
1013,0.03996343
1014,0.048734404
1015,0.02529423
1016,0.0289803
1017,0.026005242
1018,0.05441548
1019,0.061519314
1020,0.060502533
1021,0.2761327
1022,0.06508095
1023,0.093155265
1024,0.052458864
1025,0.04960236
1026,0.033787113
1027,0.033153694
1028,0.04864351
1029,0.04801695
1030,0.0457635
1031,0.06870939
1032,0.06583386
1033,0.055416565
1034,0.055480782
1035,0.05928554
1036,0.058727335
1037,0.05338637
1038,0.053970158
1039,0.06447612
1040,0.050973676
1041,0.04041215
1042,0.04919745
1043,0.02529423
1044,0.026005242
1045,0.025958484
1046,0.060502533
1047,0.07873891
1048,0.2759262
1049,0.25211167
1050,0.25850564
1051,0.049082655
1052,0.052152146
1053,0.03384764
1054,0.06563704
1055,0.047189504
1056,0.0724092
1057,0.06926759
1058,0.5636462
1059,0.056258615
1060,0.05928554
1061,0.05928554
1062,0.05398393
1063,0.05398393
1064,0.063076176
1065,0.05045787
1066,0.040666685
1067,0.048880193
1068,0.042113464
1069,0.0364411
1070,0.0266644
1071,0.041092336
1072,0.036442835
1073,0.049395513
1074,0.07556999
1075,0.086305045
1076,0.11948033
1077,0.09592956
1078,0.50010836
1079,0.08832051
1080,0.06622968
1081,0.070929
1082,0.0724092
1083,0.075127155
1084,0.041235615
1085,0.04163297
1086,0.061836768
1087,0.06329003
1088,0.06255236
1089,0.061112877
1090,0.07750098
1091,0.059339836
1092,0.072409555
1093,0.06563247
1094,0.04265213
1095,0.046256885
1096,0.047486126
1097,0.042207062
1098,0.050506536
1099,0.051272165
1100,0.051272165
1101,0.0266644
1102,0.03578368
1103,0.035413455
1104,0.07941363
1105,0.07928286
1106,0.081447445
1107,0.11897468
1108,0.13068986
1109,0.13068986
1110,0.088273756
1111,0.06593587
1112,0.0724092
1113,0.07285179
1114,0.066952154
1115,0.041966535
1116,0.04163297
1117,0.062250387
1118,0.062250387
1119,0.061099105
1120,0.061099105
1121,0.05980298
1122,0.059176713
1123,0.066187456
1124,0.06563247
1125,0.04262456
1126,0.047192313
1127,0.042207062
1128,0.051085915
1129,0.041092336
1130,0.034242615
1131,0.034154743
1132,0.07093062
1133,0.071055345
1134,0.11918342
1135,0.5419729
1136,0.10873636
1137,0.08832051
1138,0.06593587
1139,0.08939458
1140,0.07305005
1141,0.074459486
1142,0.066952154
1143,0.041966535
1144,0.06166644
1145,0.26477244
1146,0.060013477
1147,0.07317232
1148,0.06615983
1149,0.0779342
1150,0.047128096
1151,0.046070635
1152,0.042174675
1153,0.03285695
1154,0.033965323
1155,0.03641938
1156,0.07067606
1157,0.08531501
1158,0.12354707
1159,0.5496775
1160,0.11535119
1161,0.0877927
1162,0.26705748
1163,0.08939458
1164,0.25870252
1165,0.2606935
1166,0.067352004
1167,0.03916123
1168,0.060858667
1169,0.061602224
1170,0.26725674
1171,0.07319145
1172,0.26899293
1173,0.07799842
1174,0.042207062
1175,0.03829488
1176,0.03721928
1177,0.0354026
1178,0.04161755
1179,0.041371908
1180,0.08083589
1181,0.087906376
1182,0.098012574
1183,0.09847616
1184,0.09064229
1185,0.09034848
1186,0.090729594
1187,0.112186186
1188,0.26422587
1189,0.26769745
1190,0.09702273
1191,0.056406464
1192,0.054706845
1193,0.05700674
1194,0.08424649
1195,0.60254896
1196,0.07829223
1197,0.07799842
1198,0.27569604
1199,0.27124515
1200,0.041951884
1201,0.035696413
1202,0.0408606
1203,0.04905649
1204,0.09065355
1205,0.085728385
1206,0.098012574
1207,0.090812065
1208,0.26783207
1209,0.26388335
1210,0.111430354
1211,0.26769745
1212,0.47705737
1213,0.08876366
1214,0.056406464
1215,0.056392692
1216,0.058299758
1217,0.05799913
1218,0.08220033
1219,0.7241775
1220,0.07890819
1221,0.07829223
1222,0.40673974
1223,0.04246769
1224,0.042207062
1225,0.2669586
1226,0.036921423
1227,0.03614209
1228,0.048310548
1229,0.049380537
1230,0.085728385
1231,0.08283007
1232,0.098429404
1233,0.09609934
1234,0.090609744
1235,0.08995674
1236,0.11271399
1237,0.109687954
1238,0.26178253
1239,0.50941235
1240,0.27608564
1241,0.03869966
1242,0.26897988
1243,0.27211207
1244,0.0819209
1245,0.6942968
1246,0.7033722
1247,0.28103387
1248,0.07890819
1249,0.078281924
1250,0.07890819
1251,0.056058984
1252,0.054213464
1253,0.038613632
1254,0.03721928
1255,0.05552438
1256,0.09415745
1257,0.09524501
1258,0.08995674
1259,0.09349154
1260,0.1116246
1261,0.063118055
1262,0.11590799
1263,0.0970365
1264,0.08876366
1265,0.03916123
1266,0.05464263
1267,0.26897988
1268,0.044902198
1269,0.08494225
1270,0.6318554
1271,0.7321394
1272,0.48134345
1273,0.078672044
1274,0.07820866
1275,0.04265394
1276,0.053479742
1277,0.26616728
1278,0.038645506
1279,0.038613632
1280,0.036921423
1281,0.06358164
1282,0.06439195
1283,0.06485553
1284,0.07402632
1285,0.07213118
1286,0.27438432
1287,0.09413868
1288,0.1167314
1289,0.11655505
1290,0.11655505
1291,0.1055825
1292,0.07890819
1293,0.080784455
1294,0.06621242
1295,0.09070859
1296,0.09064437
1297,0.07901983
1298,0.07919057
1299,0.68036073
1300,0.72428554
1301,0.7936804
1302,0.053236455
1303,0.06982104
1304,0.06740128
1305,0.285161
1306,0.08342977
1307,0.07866964
1308,0.056238092
1309,0.055510715
1310,0.063118055
1311,0.06439195
1312,0.06485553
1313,0.25475082
1314,0.07407307
1315,0.5647783
1316,0.27256033
1317,0.1161996
1318,0.11655505
1319,0.11655505
1320,0.10307591
1321,0.080384605
1322,0.08041223
1323,0.06569562
1324,0.06559646
1325,0.09115043
1326,0.09063463
1327,0.079417735
1328,0.08641004
1329,0.049386684
1330,0.7296997
1331,0.7729727
1332,0.7882856
1333,0.053236455
1334,0.26243138
1335,0.28730014
1336,0.084175065
1337,0.06358164
1338,0.06439195
1339,0.045860592
1340,0.07371762
1341,0.06589992
1342,0.5666346
1343,0.5784481
1344,0.11655505
1345,0.11655505
1346,0.09540557
1347,0.13556083
1348,0.08486294
1349,0.45861515
1350,0.06621242
1351,0.06523843
1352,0.07944536
1353,0.07901983
1354,0.08663721
1355,0.07193046
1356,0.67024344
1357,0.4981573
1358,0.11534292
1359,0.053220287
1360,0.06977132
1361,0.0670206
1362,0.06612276
1363,0.060787413
1364,0.08204097
1365,0.081436075
1366,0.055510715
1367,0.06485553
1368,0.064685754
1369,0.047059145
1370,0.065729186
1371,0.066363506
1372,0.58186024
1373,0.6417855
1374,0.4763189
1375,0.28497013
1376,0.13556083
1377,0.13515125
1378,0.25420272
1379,0.44497636
1380,0.06621242
1381,0.065302655
1382,0.07919057
1383,0.07939861
1384,0.08817052
1385,0.25416172
1386,0.06931505
1387,0.27872938
1388,0.27434278
1389,0.2739344
1390,0.93641573
1391,0.06977132
1392,0.06558723
1393,0.05951278
1394,0.082024805
1395,0.06441563
1396,0.056238092
1397,0.39408422
1398,0.047465026
1399,0.04729523
1400,0.092056565
1401,0.095606714
1402,0.11602724
1403,0.4938431
1404,0.2817852
1405,0.52447164
1406,0.52784973
1407,0.13177785
1408,0.2837723
1409,0.28184944
1410,0.070695065
1411,0.07193046
1412,0.070510276
1413,0.07142691
1414,0.27568138
1415,0.2627636
1416,0.0492842
1417,0.4919212
1418,0.26807866
1419,0.062119726
1420,0.06421321
1421,0.07010871
1422,0.059226815
1423,0.062093597
1424,0.04389415
1425,0.04688935
1426,0.04741827
1427,0.04741827
1428,0.092056565
1429,0.095606714
1430,0.1161996
1431,0.11679562
1432,0.52555907
1433,0.6138273
1434,0.5471032
1435,0.5463019
1436,0.47063455
1437,0.09967431
1438,0.07193046
1439,0.07108265
1440,0.07142691
1441,0.06975398
1442,0.11508839
1443,0.1006406
1444,0.049239706
1445,0.06612276
1446,0.06259103
1447,0.062119726
1448,0.06421321
1449,0.06951938
1450,0.062279847
1451,0.04389415
1452,0.043277193
1453,0.063889354
1454,0.042581182
1455,0.042581182
1456,0.09543694
1457,0.09555996
1458,0.11655505
1459,0.27481687
1460,0.28456742
1461,0.52107066
1462,0.8165411
1463,0.8304722
1464,0.48631057
1465,0.09115043
1466,0.07101382
1467,0.07091111
1468,0.07044605
1469,0.10023812
1470,0.049755517
1471,0.06205551
1472,0.5111665
1473,0.062119726
1474,0.0602551
1475,0.07281607
1476,0.060126778
1477,0.060340952
1478,0.07994976
1479,0.043277193
1480,0.06297014
1481,0.0655862
1482,0.09584729
1483,0.09514313
1484,0.11655505
1485,0.49057215
1486,0.61782354
1487,0.28111538
1488,0.8358636
1489,0.47832003
1490,0.46065807
1491,0.090992086
1492,0.071911335
1493,0.07091111
1494,0.08260979
1495,0.049755517
1496,0.049353033
1497,0.06259103
1498,0.06259103
1499,0.4515199
1500,0.060319316
1501,0.42620462
1502,0.060126778
1503,0.06322978
1504,0.07866964
1505,0.06432007
1506,0.06432007
1507,0.06028319
1508,0.047248784
1509,0.27298003
1510,0.5971664
1511,0.5080299
1512,0.49361816
1513,0.065838166
1514,0.43282935
1515,0.08260979
1516,0.086758256
1517,0.060790632
1518,0.055996723
1519,0.06646309
1520,0.071393386
1521,0.27190664
1522,0.044034336
1523,0.27015543
1524,0.04989982
1525,0.051191933
1526,0.07619499
1527,0.078451514
1528,0.050308205
1529,0.12341936
1530,0.115479834
1531,0.065838166
1532,0.2608802
1533,0.088883184
1534,0.08260979
1535,0.0860254
1536,0.040183827
1537,0.05000129
1538,0.054920163
1539,0.054284945
1540,0.05671495
1541,0.26387537
1542,0.07190919
1543,0.047260072
1544,0.050108578
1545,0.050108578
1546,0.05055581
1547,0.078451514
1548,0.056615807
1549,0.050308205
1550,0.11543308
1551,0.052942578
1552,0.065838166
1553,0.06894853
1554,0.076193765
1555,0.076193765
1556,0.46012083
1557,0.26949587
1558,0.0860709
1559,0.05543597
1560,0.056195978
1561,0.053608656
1562,0.07044396
1563,0.07784832
1564,0.044968236
1565,0.04989982
1566,0.049606007
1567,0.051191933
1568,0.044197135
1569,0.05019242
1570,0.11507026
1571,0.27099454
1572,0.065109834
1573,0.065838166
1574,0.07324215
1575,0.03941649
1576,0.08889876
1577,0.27035886
1578,0.08475221
1579,0.03939179
1580,0.049306188
1581,0.050203707
1582,0.05651253
1583,0.05412666
1584,0.05380791
1585,0.07190919
1586,0.07727824
1587,0.046543717
1588,0.046280287
1589,0.049508214
1590,0.043711677
1591,0.044197135
1592,0.053416394
1593,0.08217793
1594,0.0629629
1595,0.039605908
1596,0.03941649
1597,0.059116036
1598,0.059054095
1599,0.2809423
1600,0.06135263
1601,0.045943826
1602,0.054124463
1603,0.06615958
1604,0.065562926
1605,0.06626067
1606,0.06389001
1607,0.06379852
1608,0.062272076
1609,0.06201143
1610,0.035008766
1611,0.03215479
1612,0.034816656
1613,0.26368213
1614,0.044684943
1615,0.046520263
1616,0.056615807
1617,0.05069637
1618,0.088945374
1619,0.06284713
1620,0.038540334
1621,0.03871106
1622,0.2822422
1623,0.5262306
1624,0.061671384
1625,0.061671384
1626,0.04745239
1627,0.047516607
1628,0.04821171
1629,0.047516607
1630,0.06597764
1631,0.06627291
1632,0.5864238
1633,0.06371927
1634,0.06361226
1635,0.06201143
1636,0.061692677
1637,0.03440359
1638,0.08593389
1639,0.44115752
1640,0.044197135
1641,0.07591788
1642,0.046520263
1643,0.044684943
1644,0.041710783
1645,0.062263202
1646,0.07015346
1647,0.03570754
1648,0.056476686
1649,0.04134507
1650,0.04134507
1651,0.039302476
1652,0.04821171
1653,0.047791075
1654,0.049825277
1655,0.06626067
1656,0.065562926
1657,0.06352467
1658,0.06175625
1659,0.062272076
1660,0.06342549
1661,0.032147456
1662,0.07815231
1663,0.469224
1664,0.0767941
1665,0.046004456
1666,0.041524533
1667,0.06284713
1668,0.070407905
1669,0.03235201
1670,0.032471426
1671,0.2803183
1672,0.041434385
1673,0.048691582
1674,0.06646309
1675,0.065562926
1676,0.06201143
1677,0.06201143
1678,0.25756463
1679,0.06345867
1680,0.032158654
1681,0.07907745
1682,0.4645118
1683,0.046520263
1684,0.04555882
1685,0.041524533
1686,0.056168117
1687,0.030161968
1688,0.024475105
1689,0.03456485
1690,0.041709557
1691,0.04128874
1692,0.017939685
1693,0.020598693
1694,0.021118514
1695,0.05148251
1696,0.24344708
1697,0.062543705
1698,0.066286884
1699,0.03951821
1700,0.039989978
1701,0.034756135
1702,0.033664227
1703,0.0578673
1704,0.26208338
1705,0.086237445
1706,0.023205068
1707,0.030352214
1708,0.024361853
1709,0.03755137
1710,0.032332815
1711,0.040153127
1712,0.017939685
1713,0.016732419
1714,0.021118514
1715,0.052507915
1716,0.050165694
1717,0.06558483
1718,0.06569308
1719,0.03947417
1720,0.033728443
1721,0.059350464
1722,0.06471765
1723,0.057974506
1724,0.030060673
1725,0.024974415
1726,0.039923467
1727,0.036614507
1728,0.016542688
1729,0.017419863
1730,0.021118514
1731,0.050165694
1732,0.050165694
1733,0.03927837
1734,0.03355971
1735,0.059556693
1736,0.06462771
1737,0.06365646
1738,0.0285771
1739,0.024326427
1740,0.024206173
1741,0.034735575
1742,0.030834092
1743,0.04537176
1744,0.038092818
1745,0.016542688
1746,0.02123023
1747,0.021118514
1748,0.020598693
1749,0.021118514
1750,0.05066151
1751,0.039582428
1752,0.033728443
1753,0.059164215
1754,0.07364435
1755,0.0649039
1756,0.06247997
1757,0.029213045
1758,0.024455396
1759,0.034301773
1760,0.028101318
1761,0.024884311
1762,0.03262794
1763,0.020296915
1764,0.034894302
1765,0.06655159
1766,0.062479492
1767,0.037910078
1768,0.03759989
1769,0.029554028
1770,0.023387767
1771,0.024974415
1772,0.034958273
1773,0.02460984
1774,0.027030878
1775,0.026418315
1776,0.030336764
1777,0.020114662
1778,0.020296915
1779,0.034536272
1780,0.06655159
1781,0.062479492
1782,0.034756135
1783,0.08500771
1784,0.02242859
1785,0.027363637
1786,0.02229733
1787,0.02460984
1788,0.02638289
1789,0.027030878
1790,0.019179203
1791,0.019781105
1792,0.020598693
1793,0.033659093
1794,0.052507915
1795,0.048768707
1796,0.066035785
1797,0.062479492
1798,0.0632109
1799,0.037084084
1800,0.08585343
1801,0.023266545
1802,0.030987563
1803,0.02905884
1804,0.031867664
1805,0.03317278
1806,0.057289958
1807,0.054396786
1808,0.051378656
1809,0.05164759
1810,0.039883953
1811,0.061666343
1812,0.053837143
1813,0.051796984
1814,0.0682401
1815,0.06958219
1816,0.26590785
1817,0.27807435
1818,0.057289958
1819,0.064811796
1820,0.07247295
1821,0.08042562
1822,0.05694367
1823,0.0583413
1824,0.050733026
1825,0.033866707
1826,0.06617645
1827,0.061874278
1828,0.4612723
1829,0.09227267
1830,0.05907564
1831,0.050637465
1832,0.050931506
1833,0.05298407
1834,0.050931506
1835,0.03278473
1836,0.037313975
1837,0.036550745
1838,0.041988876
1839,0.041975103
1840,0.058366653
1841,0.06225616
1842,0.28643087
1843,0.41140583
1844,0.060413122
1845,0.05057325
1846,0.050168276
1847,0.05046209
1848,0.033039264
1849,0.036550745
1850,0.04159723
1851,0.05552438
1852,0.50673866
1853,0.087846324
1854,0.08739926
1855,0.48559088
1856,0.06881515
1857,0.4706603
1858,0.044902198
1859,0.044608384
1860,0.056176722
1861,0.05622348
1862,0.050583985
1863,0.049666308
1864,0.06310065
1865,0.09034713
1866,0.07100255
1867,0.08850839
1868,0.08752228
1869,0.074216664
1870,0.27872837
1871,0.04335636
1872,0.039768577
1873,0.056176722
1874,0.050184812
1875,0.049591593
1876,0.040064357
1877,0.054813363
1878,0.07154378
1879,0.067339435
1880,0.067339435
1881,0.07082633
1882,0.039883953
1883,0.04335636
1884,0.04137194
1885,0.07265291
1886,0.06706215
1887,0.06953213
1888,0.06946791
1889,0.47404853
1890,0.0457635
1891,0.043847673
1892,0.044608384
1893,0.04905873
1894,0.040354796
1895,0.06316487
1896,0.062909685
1897,0.051690888
1898,0.07346722
1899,0.07423043
1900,0.27718836
1901,0.04835377
1902,0.039768577
1903,0.039768577
1904,0.05338637
1905,0.053970158
1906,0.06313247
1907,0.06523534
1908,0.050973676
1909,0.055357385
1910,0.053595603
1911,0.07340299
1912,0.48863196
1913,0.04725372
1914,0.048417985
1915,0.040168423
1916,0.06859993
1917,0.066127665
1918,0.05836923
1919,0.05398393
1920,0.063882895
1921,0.06416926
1922,0.051176094
1923,0.0407309
1924,0.048995033
1925,0.0266644
1926,0.026005242
1927,0.021627072
1928,0.060949624
1929,0.061519314
1930,0.26972583
1931,0.06508095
1932,0.093479306
1933,0.050909106
1934,0.053382855
1935,0.03384764
1936,0.033378225
1937,0.0457635
1938,0.04801695
1939,0.04864351
1940,0.06533044
1941,0.5915844
1942,0.056926284
1943,0.057648744
1944,0.059685387
1945,0.059461188
1946,0.053680185
1947,0.05331626
1948,0.063882895
1949,0.050973676
1950,0.040560175
1951,0.048479225
1952,0.026282534
1953,0.025958484
1954,0.02616124
1955,0.061519314
1956,0.07856914
1957,0.27656856
1958,0.09234769
1959,0.09320202
1960,0.054465435
1961,0.048814192
1962,0.032367438
1963,0.06568379
1964,0.04801695
1965,0.07164598
1966,0.06926759
1967,0.58225745
1968,0.2611047
1969,0.05623725
1970,0.057145454
1971,0.053923402
1972,0.05398393
1973,0.06575114
1974,0.05054232
1975,0.040666685
1976,0.048670188
1977,0.042113464
1978,0.02610803
1979,0.028411383
1980,0.03578368
1981,0.054731887
1982,0.07981395
1983,0.081447445
1984,0.12112795
1985,0.27286795
1986,0.26670435
1987,0.0877927
1988,0.06587165
1989,0.0724092
1990,0.07164598
1991,0.08876366
1992,0.041966535
1993,0.041952766
1994,0.061188765
1995,0.06185054
1996,0.061099105
1997,0.061099105
1998,0.078713514
1999,0.05983061
2000,0.073219076
2001,0.065377936
2002,0.04262456
2003,0.046070635
2004,0.046937134
2005,0.051085915
2006,0.050570108
2007,0.025958484
2008,0.03578368
2009,0.036442835
2010,0.07703761
2011,0.077292174
2012,0.086305045
2013,0.11858393
2014,0.26587316
2015,0.1306431
2016,0.08832051
2017,0.06593587
2018,0.0724092
2019,0.07345893
2020,0.06587018
2021,0.041952766
2022,0.062250387
2023,0.06185054
2024,0.061188765
2025,0.061112877
2026,0.05927562
2027,0.05980298
2028,0.06563247
2029,0.065377936
2030,0.04163314
2031,0.047128096
2032,0.04246769
2033,0.051272165
2034,0.03341332
2035,0.033965323
2036,0.034242615
2037,0.0729213
2038,0.06819467
2039,0.118910454
2040,0.53931403
2041,0.11166924
2042,0.08832051
2043,0.06587165
2044,0.08955217
2045,0.07305005
2046,0.075066626
2047,0.066952154
2048,0.039494798
2049,0.061512563
2050,0.49131384
2051,0.05665922
2052,0.07319145
2053,0.065696694
2054,0.077827685
2055,0.047192313
2056,0.04568375
2057,0.03341332
2058,0.034242615
2059,0.03641938
2060,0.0717382
2061,0.09072591
2062,0.1189938
2063,0.5464642
2064,0.11166924
2065,0.08832051
2066,0.08975261
2067,0.08939458
2068,0.25666717
2069,0.25908563
2070,0.06618894
2071,0.03905769
2072,0.06166644
2073,0.061602224
2074,0.072557576
2075,0.073401935
2076,0.26916018
2077,0.078889064
2078,0.04246769
2079,0.038907446
2080,0.03641938
2081,0.040809967
2082,0.041371908
2083,0.09065355
2084,0.09126859
2085,0.09847616
2086,0.097367264
2087,0.090812065
2088,0.090812065
2089,0.093785346
2090,0.111430354
2091,0.13525806
2092,0.27059624
2093,0.09595453
2094,0.055104196
2095,0.056406464
2096,0.05732549
2097,0.084199734
2098,0.62669975
2099,0.07799842
2100,0.07799842
2101,0.27182642
2102,0.27124515
2103,0.042036336
2104,0.03666689
2105,0.0354026
2106,0.040809967
2107,0.047743343
2108,0.088229835
2109,0.08070084
2110,0.098012574
2111,0.09034848
2112,0.2673693
2113,0.09395512
2114,0.11234378
2115,0.13443063
2116,0.26176876
2117,0.08869944
2118,0.054706845
2119,0.058720637
2120,0.05732549
2121,0.082365945
2122,0.69480026
2123,0.07829223
2124,0.07893582
2125,0.07890819
2126,0.44701916
2127,0.04246769
2128,0.26927775
2129,0.0354026
2130,0.049380537
2131,0.048310548
2132,0.08276585
2133,0.08230579
2134,0.09619367
2135,0.09042032
2136,0.08995674
2137,0.2690338
2138,0.111435175
2139,0.11584746
2140,0.52607095
2141,0.0884449
2142,0.038046908
2143,0.2785597
2144,0.11357581
2145,0.08571562
2146,0.67864597
2147,0.71903706
2148,0.28552565
2149,0.077679664
2150,0.07890819
2151,0.07893582
2152,0.04246769
2153,0.05472927
2154,0.05354396
2155,0.03884727
2156,0.03721928
2157,0.05467004
2158,0.085728385
2159,0.09609934
2160,0.09609934
2161,0.09037357
2162,0.09395512
2163,0.11090737
2164,0.061983254
2165,0.114826016
2166,0.26921296
2167,0.27542177
2168,0.038445126
2169,0.054497056
2170,0.2735418
2171,0.0439082
2172,0.0874136
2173,0.6365657
2174,0.7023825
2175,0.49894512
2176,0.07890819
2177,0.0787617
2178,0.041951884
2179,0.05699595
2180,0.26378796
2181,0.03907668
2182,0.038613632
2183,0.06238308
2184,0.06485553
2185,0.06439195
2186,0.07407307
2187,0.07407307
2188,0.27108625
2189,0.09430846
2190,0.1161996
2191,0.11655505
2192,0.11655505
2193,0.11019812
2194,0.07930804
2195,0.080384605
2196,0.06621242
2197,0.09115043
2198,0.09070859
2199,0.07912634
2200,0.07948437
2201,0.7004223
2202,0.7446708
2203,0.7794392
2204,0.053766884
2205,0.07000729
2206,0.0669352
2207,0.062220134
2208,0.084384166
2209,0.08413182
2210,0.079629816
2211,0.059498183
2212,0.056238092
2213,0.06358164
2214,0.064327724
2215,0.064327724
2216,0.2555791
2217,0.073609486
2218,0.53106606
2219,0.29979834
2220,0.27839017
2221,0.1167314
2222,0.11655505
2223,0.10880446
2224,0.07947484
2225,0.080384605
2226,0.06621242
2227,0.065302655
2228,0.09070859
2229,0.09115043
2230,0.079417735
2231,0.086703844
2232,0.0495891
2233,0.71970034
2234,0.8223625
2235,0.818432
2236,0.053034037
2237,0.053034037
2238,0.26792237
2239,0.085378304
2240,0.081838556
2241,0.04294817
2242,0.06358164
2243,0.06485553
2244,0.046204805
2245,0.073609486
2246,0.066363506
2247,0.586667
2248,0.6155332
2249,0.11585538
2250,0.1167314
2251,0.111619815
2252,0.1358554
2253,0.08556247
2254,0.46722582
2255,0.06621242
2256,0.06559646
2257,0.07912634
2258,0.07948437
2259,0.08647887
2260,0.07193046
2261,0.070036836
2262,0.27710408
2263,0.52404815
2264,0.26799968
2265,0.05256272
2266,0.06934973
2267,0.06740128
2268,0.065651454
2269,0.060384933
2270,0.081838556
2271,0.081838556
2272,0.055510715
2273,0.064685754
2274,0.06439195
2275,0.046595536
2276,0.06631675
2277,0.06589992
2278,0.26534384
2279,0.6236208
2280,0.28379163
2281,0.2863557
2282,0.13556083
2283,0.27977192
2284,0.0846527
2285,0.46427777
2286,0.065302655
2287,0.06379409
2288,0.079417735
2289,0.079417735
2290,0.08609128
2291,0.07214751
2292,0.06985059
2293,0.1254443
2294,0.5170324
2295,0.26780054
2296,0.93893963
2297,0.069906436
2298,0.06612276
2299,0.060787413
2300,0.08146771
2301,0.056790832
2302,0.4403767
2303,0.04729523
2304,0.047465026
2305,0.092056565
2306,0.09584729
2307,0.11655505
2308,0.53123116
2309,0.5256869
2310,0.5233333
2311,0.57735
2312,0.13218819
2313,0.10721909
2314,0.28196052
2315,0.07130763
2316,0.07214751
2317,0.07142691
2318,0.07142691
2319,0.26926208
2320,0.26468426
2321,0.049755517
2322,0.06558723
2323,0.27104965
2324,0.0665497
2325,0.070681974
2326,0.06312795
2327,0.062093597
2328,0.043277193
2329,0.047059145
2330,0.0469372
2331,0.047465026
2332,0.092056565
2333,0.09514313
2334,0.11655505
2335,0.11636593
2336,0.5293928
2337,0.6750482
2338,0.55300957
2339,0.28552273
2340,0.47362223
2341,0.09967431
2342,0.07141466
2343,0.07091111
2344,0.07091111
2345,0.115878455
2346,0.1001248
2347,0.049957935
2348,0.048617475
2349,0.06612276
2350,0.06279346
2351,0.0665497
2352,0.07327696
2353,0.06247775
2354,0.043277193
2355,0.0466015
2356,0.071148895
2357,0.042534426
2358,0.042117573
2359,0.095606714
2360,0.09507891
2361,0.11655505
2362,0.27839017
2363,0.2905969
2364,0.5256636
2365,0.81043303
2366,0.8118748
2367,0.4550891
2368,0.09064437
2369,0.07130763
2370,0.070510276
2371,0.07019152
2372,0.10010507
2373,0.049755517
2374,0.0492842
2375,0.06302964
2376,0.5184272
2377,0.06241354
2378,0.059250455
2379,0.07004449
2380,0.059742622
2381,0.06247775
2382,0.07618791
2383,0.04350091
2384,0.05740235
2385,0.041946847
2386,0.042411387
2387,0.09555996
2388,0.095606714
2389,0.11655505
2390,0.49016413
2391,0.64087087
2392,0.12886724
2393,0.8289346
2394,0.50313616
2395,0.47088766
2396,0.09115043
2397,0.07101382
2398,0.070510276
2399,0.0492842
2400,0.048438266
2401,0.06279346
2402,0.45319918
2403,0.06061313
2404,0.2724662
2405,0.06312795
2406,0.061281443
2407,0.07881766
2408,0.0702191
2409,0.06834068
2410,0.0655862
2411,0.07199913
2412,0.045886546
2413,0.12378957
2414,0.59402484
2415,0.5188663
2416,0.49592125
2417,0.24397042
2418,0.45274007
2419,0.082637414
2420,0.08656883
2421,0.040199995
2422,0.039302476
2423,0.060790632
2424,0.054284945
2425,0.05651253
2426,0.06626067
2427,0.07121144
2428,0.07692556
2429,0.04601967
2430,0.26853204
2431,0.050108578
2432,0.05058218
2433,0.26131007
2434,0.078935474
2435,0.046890754
2436,0.04983439
2437,0.123673804
2438,0.11489952
2439,0.065838166
2440,0.263132
2441,0.08958859
2442,0.081628926
2443,0.0860254
2444,0.049306188
2445,0.05562222
2446,0.05543597
2447,0.055996723
2448,0.06646309
2449,0.07211161
2450,0.04663861
2451,0.046543717
2452,0.0491122
2453,0.050108578
2454,0.051191933
2455,0.074877486
2456,0.07227476
2457,0.05609761
2458,0.04983439
2459,0.115479834
2460,0.053416394
2461,0.065838166
2462,0.06480126
2463,0.076193765
2464,0.07582355
2465,0.4543717
2466,0.4635809
2467,0.08658671
2468,0.05651473
2469,0.053831447
2470,0.07190919
2471,0.0770963
2472,0.04663861
2473,0.0528516
2474,0.049606007
2475,0.051191933
2476,0.032352448
2477,0.044197135
2478,0.044878855
2479,0.05019242
2480,0.11543308
2481,0.3676152
2482,0.065838166
2483,0.073177926
2484,0.04223101
2485,0.08820669
2486,0.26949587
2487,0.0860709
2488,0.03959629
2489,0.048987437
2490,0.054124463
2491,0.054062445
2492,0.27179578
2493,0.07727824
2494,0.04532656
2495,0.04989982
2496,0.048384823
2497,0.26424944
2498,0.03384014
2499,0.046084456
2500,0.053416394
2501,0.089315586
2502,0.06255332
2503,0.037994087
2504,0.039605908
2505,0.05630024
2506,0.057455935
2507,0.0860709
2508,0.062552735
2509,0.04821171
2510,0.054124463
2511,0.066877805
2512,0.06626067
2513,0.06539219
2514,0.06389001
2515,0.2585156
2516,0.062272076
2517,0.062474478
2518,0.032633763
2519,0.03332728
2520,0.08153165
2521,0.07924651
2522,0.043549076
2523,0.044684943
2524,0.056615807
2525,0.05069637
2526,0.08275824
2527,0.0629629
2528,0.03941649
2529,0.28819704
2530,0.5998503
2531,0.06280508
2532,0.0625689
2533,0.040918577
2534,0.04821171
2535,0.04821171
2536,0.04821171
2537,0.04821171
2538,0.06597764
2539,0.06667539
2540,0.58094084
2541,0.06435306
2542,0.06435306
2543,0.062272076
2544,0.062474478
2545,0.033215854
2546,0.03332728
2547,0.07869007
2548,0.4411521
2549,0.048428677
2550,0.075811364
2551,0.04388776
2552,0.041710783
2553,0.062592685
2554,0.07052367
2555,0.03570754
2556,0.05855274
2557,0.05502655
2558,0.041434385
2559,0.04224259
2560,0.047516607
2561,0.049386684
2562,0.0654987
2563,0.06646309
2564,0.065562926
2565,0.06361226
2566,0.061692677
2567,0.062305257
2568,0.06299414
2569,0.035492692
2570,0.078451514
2571,0.47362655
2572,0.07591788
2573,0.044684943
2574,0.046004456
2575,0.041524533
2576,0.06284713
2577,0.07356981
2578,0.03216597
2579,0.03240721
2580,0.05748643
2581,0.041555323
2582,0.049386684
2583,0.065562926
2584,0.06479544
2585,0.06175625
2586,0.06245831
2587,0.06342549
2588,0.06284611
2589,0.031933848
2590,0.073972985
2591,0.466
2592,0.046520263
2593,0.04388776
2594,0.041524533
2595,0.05242093
2596,0.030161968
2597,0.024821397
2598,0.034338314
2599,0.041272793
2600,0.040712524
2601,0.019721517
2602,0.052507915
2603,0.051110927
2604,0.0632109
2605,0.06491177
2606,0.040485796
2607,0.032947145
2608,0.03320168
2609,0.059164215
2610,0.2750078
2611,0.08597781
2612,0.027569229
2613,0.029998045
2614,0.024885615
2615,0.034735575
2616,0.03132203
2617,0.040153127
2618,0.017939685
2619,0.018058969
2620,0.019721517
2621,0.021118514
2622,0.051110927
2623,0.050425336
2624,0.06558483
2625,0.06367409
2626,0.039644722
2627,0.033664227
2628,0.059164215
2629,0.06437239
2630,0.059890565
2631,0.028457336
2632,0.029998045
2633,0.024644814
2634,0.040153127
2635,0.035908762
2636,0.017939685
2637,0.031583354
2638,0.019721517
2639,0.020093104
2640,0.04906252
2641,0.03947417
2642,0.039582428
2643,0.034240328
2644,0.058511667
2645,0.0732025
2646,0.06307115
2647,0.024455396
2648,0.024974415
2649,0.034338314
2650,0.031974785
2651,0.044696078
2652,0.035277024
2653,0.017939685
2654,0.021118514
2655,0.048768707
2656,0.039989978
2657,0.035015777
2658,0.06636159
2659,0.06402281
2660,0.029434264
2661,0.029645726
2662,0.024326427
2663,0.036104914
2664,0.02460984
2665,0.024255667
2666,0.032004774
2667,0.019781105
2668,0.034281738
2669,0.06673784
2670,0.062543705
2671,0.03557795
2672,0.03515719
2673,0.038395975
2674,0.027122824
2675,0.023888482
2676,0.024885615
2677,0.024885615
2678,0.034301773
2679,0.024903655
2680,0.027030878
2681,0.031225324
2682,0.020483166
2683,0.019777093
2684,0.06827572
2685,0.08616406
2686,0.029552856
2687,0.026737062
2688,0.019951656
2689,0.019777093
2690,0.020598693
2691,0.03505608
2692,0.052694164
2693,0.047834598
2694,0.06863375
2695,0.062239643
2696,0.03557795
2697,0.086237445
2698,0.032875046
2699,0.03875424
2700,0.040605567
2701,0.03463825
2702,0.05407449
2703,0.050572872
2704,0.054733645
2705,0.054733645
2706,0.06407589
2707,0.05421956
2708,0.072939426
2709,0.05063317
2710,0.48702565
2711,0.050915744
2712,0.05366732
2713,0.051678974
2714,0.063797645
2715,0.07984857
2716,0.078652695
2717,0.055791162
2718,0.05620627
2719,0.051209558
2720,0.050446555
2721,0.051209785
2722,0.036764808
2723,0.25797284
2724,0.05959103
2725,0.5514622
2726,0.09658839
2727,0.056977164
2728,0.26525283
2729,0.05038234
2730,0.050446555
2731,0.03338176
2732,0.036829025
2733,0.037592255
2734,0.041503925
2735,0.04094039
2736,0.062123284
2737,0.062123284
2738,0.41803434
2739,0.4379471
2740,0.058619577
2741,0.053919837
2742,0.050915744
2743,0.05074037
2744,0.03338176
2745,0.037592255
2746,0.037592255
2747,0.042798135
2748,0.08099809
2749,0.28076118
2750,0.087746665
2751,0.49665225
2752,0.4962932
2753,0.07110461
2754,0.2763286
2755,0.044323128
2756,0.044822447
2757,0.044185758
2758,0.05536385
2759,0.05645501
2760,0.04933702
2761,0.049958367
2762,0.06379338
2763,0.040523283
2764,0.07073391
2765,0.087924905
2766,0.086854376
2767,0.072626196
2768,0.07543954
2769,0.45921996
2770,0.041880008
2771,0.044323128
2772,0.05500582
2773,0.04933702
2774,0.040633082
2775,0.06051222
2776,0.070573695
2777,0.06696249
2778,0.067239776
2779,0.27284208
2780,0.044597287
2781,0.042026687
2782,0.040426828
2783,0.5051924
2784,0.067239776
2785,0.06981041
2786,0.27769
2787,0.2740744
2788,0.04292002
2789,0.04163989
2790,0.039679166
2791,0.039679166
2792,0.049958367
2793,0.041820955
2794,0.042085424
2795,0.063981965
2796,0.063812725
2797,0.061620753
2798,0.05553501
2799,0.07503969
2800,0.27698532
2801,0.2739143
2802,0.038657762
2803,0.039691143
2804,0.054201685
2805,0.05395847
2806,0.06351892
2807,0.05050543
2808,0.05552575
2809,0.07382615
2810,0.07368127
2811,0.49182326
2812,0.047532003
2813,0.04828146
2814,0.04072064
2815,0.06954588
2816,0.07077176
2817,0.059230737
2818,0.053664654
2819,0.053600438
2820,0.06809909
2821,0.06809909
2822,0.050441213
2823,0.040783912
2824,0.033479042
2825,0.025037162
2826,0.025929462
2827,0.06627258
2828,0.06674404
2829,0.09052476
2830,0.067239776
2831,0.09310236
2832,0.054835707
2833,0.047911074
2834,0.033362694
2835,0.033362694
2836,0.046968468
2837,0.04828146
2838,0.048295233
2839,0.29111227
2840,0.2721137
2841,0.055195533
2842,0.05792703
2843,0.058402732
2844,0.0595033
2845,0.054262213
2846,0.05395847
2847,0.065532014
2848,0.049941894
2849,0.040459067
2850,0.048787415
2851,0.026311329
2852,0.025605412
2853,0.03399035
2854,0.059245132
2855,0.0659802
2856,0.08099809
2857,0.28446028
2858,0.09355789
2859,0.26836926
2860,0.05336649
2861,0.048982993
2862,0.034125924
2863,0.06597586
2864,0.048234705
2865,0.07262695
2866,0.06560872
2867,0.5134028
2868,0.056292117
2869,0.05890205
2870,0.059563827
2871,0.05424844
2872,0.053929124
2873,0.065639295
2874,0.04796325
2875,0.041905846
2876,0.035774346
2877,0.025808169
2878,0.033060253
2879,0.03543061
2880,0.048982993
2881,0.07594931
2882,0.08345944
2883,0.11939434
2884,0.27426356
2885,0.5020584
2886,0.08654015
2887,0.06466585
2888,0.07308733
2889,0.07186004
2890,0.07539166
2891,0.089805156
2892,0.041266903
2893,0.04224482
2894,0.061531268
2895,0.061216373
2896,0.061330635
2897,0.061531268
2898,0.077278525
2899,0.059210207
2900,0.071804285
2901,0.06542185
2902,0.04296032
2903,0.045863017
2904,0.045863017
2905,0.04143591
2906,0.05061767
2907,0.050878298
2908,0.03399035
2909,0.035202548
2910,0.039297797
2911,0.07754925
2912,0.07383638
2913,0.08816266
2914,0.11769996
2915,0.2602291
2916,0.12878649
2917,0.0865869
2918,0.064202264
2919,0.07308733
2920,0.06740608
2921,0.041911248
2922,0.061795738
2923,0.06182508
2924,0.061391164
2925,0.060481105
2926,0.065884985
2927,0.06542185
2928,0.04296032
2929,0.04727851
2930,0.042260073
2931,0.049663957
2932,0.038639653
2933,0.033060253
2934,0.03546478
2935,0.03615808
2936,0.06926837
2937,0.070051335
2938,0.11682888
2939,0.54409486
2940,0.108201295
2941,0.2633649
2942,0.064202264
2943,0.088188775
2944,0.07419759
2945,0.075344905
2946,0.066761024
2947,0.041911248
2948,0.039773084
2949,0.061804622
2950,0.2679615
2951,0.05991193
2952,0.07174006
2953,0.066284835
2954,0.077713154
2955,0.04442575
2956,0.046984695
2957,0.042446323
2958,0.035636477
2959,0.03251313
2960,0.034503233
2961,0.07000458
2962,0.08465911
2963,0.11818712
2964,0.53578454
2965,0.108201295
2966,0.084979184
2967,0.088188775
2968,0.088188775
2969,0.25528985
2970,0.07407867
2971,0.06534106
2972,0.039335977
2973,0.039042164
2974,0.061001632
2975,0.2672119
2976,0.0734506
2977,0.26727012
2978,0.0782767
2979,0.041744266
2980,0.038123846
2981,0.036007985
2982,0.03524272
2983,0.04076494
2984,0.04047254
2985,0.08649623
2986,0.0889412
2987,0.09674255
2988,0.27580848
2989,0.089078456
2990,0.089078456
2991,0.09222151
2992,0.110980384
2993,0.13420959
2994,0.26160708
2995,0.09731478
2996,0.056684747
2997,0.056684747
2998,0.057463672
2999,0.08856188
3000,0.6976909
3001,0.07918647
3002,0.07915064
3003,0.45307395
3004,0.27049208
3005,0.036007985
3006,0.035774346
3007,0.035073362
3008,0.04047254
3009,0.052824
3010,0.088919945
3011,0.2546664
3012,0.09282875
3013,0.089078456
3014,0.2621917
3015,0.26265886
3016,0.110980384
3017,0.13552257
3018,0.5165214
3019,0.089805156
3020,0.03943951
3021,0.056684747
3022,0.054530554
3023,0.05789759
3024,0.057463672
3025,0.08245458
3026,0.78719145
3027,0.07854115
3028,0.07918647
3029,0.4438222
3030,0.041744266
3031,0.041744266
3032,0.26983368
3033,0.035520013
3034,0.054091092
3035,0.052017275
3036,0.079843275
3037,0.08109646
3038,0.09431898
3039,0.087587595
3040,0.08822313
3041,0.110980384
3042,0.108371176
3043,0.11542305
3044,0.46494588
3045,0.08979138
3046,0.039042164
3047,0.27304938
3048,0.27252722
3049,0.08699293
3050,0.74081993
3051,0.755895
3052,0.28282723
3053,0.07821248
3054,0.0794064
3055,0.079378776
3056,0.04143591
3057,0.054521654
3058,0.038341798
3059,0.034627713
3060,0.058733825
3061,0.08103224
3062,0.092758015
3063,0.092758015
3064,0.08822313
3065,0.09222151
3066,0.109237984
3067,0.06184806
3068,0.1142969
3069,0.26818308
3070,0.08904194
3071,0.039773084
3072,0.056684747
3073,0.11425394
3074,0.04418648
3075,0.09064912
3076,0.6880134
3077,0.79019207
3078,0.47766557
3079,0.079378776
3080,0.079378776
3081,0.054521654
3082,0.2585798
3083,0.038406014
3084,0.035774346
3085,0.06184806
3086,0.06312196
3087,0.062658355
3088,0.07036495
3089,0.07123062
3090,0.27137712
3091,0.09211127
3092,0.1142212
3093,0.11482144
3094,0.114729434
3095,0.09658794
3096,0.0794064
3097,0.08023923
3098,0.26279038
3099,0.09321499
3100,0.093195856
3101,0.08018031
3102,0.08018031
3103,0.78355825
3104,0.7547202
3105,0.8104685
3106,0.052905798
3107,0.2555074
3108,0.05937483
3109,0.08693525
3110,0.085208714
3111,0.25554377
3112,0.0570532
3113,0.056988984
3114,0.06184806
3115,0.06295216
3116,0.06312196
3117,0.2569231
3118,0.07187588
3119,0.52513975
3120,0.27133814
3121,0.11482144
3122,0.114729434
3123,0.114293635
3124,0.1013423
3125,0.07994542
3126,0.0798812
3127,0.06587575
3128,0.09321499
3129,0.092699185
3130,0.08018031
3131,0.087380655
3132,0.78983134
3133,0.7893627
3134,0.7609074
3135,0.05093582
3136,0.052908063
3137,0.06781084
3138,0.060782213
3139,0.085208714
3140,0.0831017
3141,0.06184806
3142,0.06259413
3143,0.04532553
3144,0.07233946
3145,0.064629905
3146,0.5856145
3147,0.57520676
3148,0.114651665
3149,0.11482144
3150,0.11098835
3151,0.13382721
3152,0.086432904
3153,0.25640684
3154,0.06590337
3155,0.06587575
3156,0.08024695
3157,0.08018031
3158,0.08717261
3159,0.07121285
3160,0.2853134
3161,0.5158031
3162,0.26560348
3163,0.048013497
3164,0.069695055
3165,0.066873446
3166,0.066061005
3167,0.06230633
3168,0.0831017
3169,0.0831017
3170,0.056988984
3171,0.06202282
3172,0.06250697
3173,0.043717805
3174,0.0641021
3175,0.06416632
3176,0.26154104
3177,0.68566227
3178,0.27542642
3179,0.28148296
3180,0.13382721
3181,0.13412179
3182,0.08505906
3183,0.48370755
3184,0.06496598
3185,0.06496598
3186,0.079389594
3187,0.08018031
3188,0.08596855
3189,0.07217723
3190,0.070654705
3191,0.12671973
3192,0.49538746
3193,0.26816633
3194,0.91185814
3195,0.25969985
3196,0.06634046
3197,0.058761727
3198,0.0831017
3199,0.06320639
3200,0.055898443
3201,0.25704235
3202,0.045116402
3203,0.0452678
3204,0.090322964
3205,0.09327287
3206,0.26599035
3207,0.48954663
3208,0.26952705
3209,0.5500034
3210,0.28363886
3211,0.13004424
3212,0.10981734
3213,0.28783634
3214,0.09321499
3215,0.07171217
3216,0.07272066
3217,0.071566656
3218,0.07218949
3219,0.116682574
3220,0.2610776
3221,0.049649265
3222,0.50070006
3223,0.26840502
3224,0.064613774
3225,0.07067771
3226,0.059940774
3227,0.061086785
3228,0.04532553
3229,0.04592083
3230,0.09027621
3231,0.09387311
3232,0.11435786
3233,0.11482144
3234,0.2717723
3235,0.64488477
3236,0.5881789
3237,0.5651044
3238,0.47282836
3239,0.101749174
3240,0.07121285
3241,0.07127285
3242,0.07218949
3243,0.26635528
3244,0.10144472
3245,0.044670753
3246,0.066061005
3247,0.06282309
3248,0.07016191
3249,0.05873581
3250,0.061753947
3251,0.043146323
3252,0.043146323
3253,0.06219517
3254,0.04084757
3255,0.040800814
3256,0.09386669
3257,0.09387311
3258,0.11482144
3259,0.11506201
3260,0.27442804
3261,0.5431089
3262,0.8102636
3263,0.81295526
3264,0.27619043
3265,0.09281185
3266,0.07217723
3267,0.07218949
3268,0.07127285
3269,0.10079745
3270,0.049693752
3271,0.050367486
3272,0.062484786
3273,0.5264752
3274,0.06246279
3275,0.06004314
3276,0.0703301
3277,0.059424967
3278,0.0626759
3279,0.08319394
3280,0.0440923
3281,0.06451822
3282,0.057536285
3283,0.04084757
3284,0.040677775
3285,0.09370334
3286,0.09382636
3287,0.11435786
3288,0.47529167
3289,0.65561926
3290,0.1270694
3291,0.81748843
3292,0.47903633
3293,0.45604366
3294,0.09303759
3295,0.0717764
3296,0.08339999
3297,0.050367486
3298,0.049693752
3299,0.061965734
3300,0.06252927
3301,0.40442425
3302,0.0607452
3303,0.24887227
3304,0.060127024
3305,0.06177594
3306,0.07862299
3307,0.06451822
3308,0.06759715
3309,0.06068376
3310,0.07233946
3311,0.05313324
3312,0.052429087
3313,0.11926687
3314,0.5958349
3315,0.5006134
3316,0.48633003
3317,0.06539731
3318,0.43548068
3319,0.08102873
3320,0.08733141
3321,0.038124207
3322,0.038124207
3323,0.060381446
3324,0.054053262
3325,0.056283046
3326,0.07368979
3327,0.07843831
3328,0.045779176
3329,0.06580315
3330,0.050097972
3331,0.051390085
3332,0.24927714
3333,0.07190643
3334,0.051730886
3335,0.05442668
3336,0.11926687
3337,0.11095713
3338,0.06503449
3339,0.089194484
3340,0.26266417
3341,0.08358941
3342,0.08733141
3343,0.039021727
3344,0.050991658
3345,0.054053262
3346,0.05468848
3347,0.056283046
3348,0.06698326
3349,0.07255345
3350,0.045008205
3351,0.044480823
3352,0.05030673
3353,0.049496602
3354,0.078709126
3355,0.056403395
3356,0.05442668
3357,0.264201
3358,0.053211708
3359,0.06539731
3360,0.07467873
3361,0.07518466
3362,0.48804408
3363,0.4748022
3364,0.085514784
3365,0.038124207
3366,0.053711794
3367,0.055204287
3368,0.056283046
3369,0.073251195
3370,0.07913606
3371,0.04491022
3372,0.05030673
3373,0.050097972
3374,0.050887514
3375,0.03322776
3376,0.049566165
3377,0.053317826
3378,0.11118749
3379,0.373434
3380,0.06447094
3381,0.06544406
3382,0.07598908
3383,0.039694767
3384,0.09156006
3385,0.27295342
3386,0.08734928
3387,0.03805999
3388,0.05080541
3389,0.049934357
3390,0.05571951
3391,0.05389278
3392,0.052081443
3393,0.07221197
3394,0.078620255
3395,0.05304975
3396,0.05030673
3397,0.2544767
3398,0.044395287
3399,0.05254847
3400,0.06629771
3401,0.062094964
3402,0.039629277
3403,0.039694767
3404,0.058383062
3405,0.05931924
3406,0.27343866
3407,0.06272778
3408,0.04861454
3409,0.051858515
3410,0.06664611
3411,0.06566757
3412,0.065805845
3413,0.06424407
3414,0.064537875
3415,0.06262611
3416,0.06263995
3417,0.03322776
3418,0.032352947
3419,0.033525437
3420,0.08209651
3421,0.07699226
3422,0.04825934
3423,0.060335
3424,0.053022288
3425,0.08781264
3426,0.06174367
3427,0.039694767
3428,0.03898934
3429,0.27998623
3430,0.5474468
3431,0.26525328
3432,0.062433973
3433,0.049015827
3434,0.048144776
3435,0.049015827
3436,0.04825651
3437,0.065330416
3438,0.06574594
3439,0.64530915
3440,0.06396631
3441,0.062828526
3442,0.062110297
3443,0.033129595
3444,0.07620447
3445,0.42471173
3446,0.044395287
3447,0.07699226
3448,0.044750784
3449,0.06256876
3450,0.07008281
3451,0.032394115
3452,0.05640367
3453,0.05269921
3454,0.04174187
3455,0.040417857
3456,0.049015827
3457,0.049015827
3458,0.049674995
3459,0.06626504
3460,0.066083096
3461,0.06601887
3462,0.062365487
3463,0.06262611
3464,0.06351892
3465,0.036168545
3466,0.076235175
3467,0.49085686
3468,0.0795644
3469,0.04825934
3470,0.047743533
3471,0.041722685
3472,0.062522024
3473,0.06965577
3474,0.032718718
3475,0.2774217
3476,0.040780134
3477,0.040933665
3478,0.04650719
3479,0.050377052
3480,0.06678084
3481,0.066083096
3482,0.06263995
3483,0.0639658
3484,0.06351892
3485,0.0781642
3486,0.27205366
3487,0.077961676
3488,0.041850016
3489,0.030276326
3490,0.024733668
3491,0.033808947
3492,0.040431406
3493,0.041206878
3494,0.016208818
3495,0.021316666
3496,0.021316666
3497,0.021576306
3498,0.052965708
3499,0.052186258
3500,0.06405385
3501,0.066795684
3502,0.038808964
3503,0.039540373
3504,0.03404689
3505,0.03353108
3506,0.06062547
3507,0.07538191
3508,0.0825725
3509,0.029800514
3510,0.030405285
3511,0.028282454
3512,0.031342033
3513,0.040201746
3514,0.01863365
3515,0.017618014
3516,0.021316666
3517,0.020796845
3518,0.01947917
3519,0.052706067
3520,0.050363846
3521,0.06576958
3522,0.06576958
3523,0.060662966
3524,0.052427843
3525,0.059050854
3526,0.024484444
3527,0.03530767
3528,0.04230298
3529,0.036233798
3530,0.018137835
3531,0.018137835
3532,0.04209539
3533,0.021576306
3534,0.021576306
3535,0.039540373
3536,0.038704447
3537,0.03353108
3538,0.06527224
3539,0.06371175
3540,0.024753377
3541,0.035288323
3542,0.032253064
3543,0.040431406
3544,0.017622026
3545,0.021316666
3546,0.021316666
3547,0.021502918
3548,0.050363846
3549,0.04988327
3550,0.03928073
3551,0.03404689
3552,0.09000134
3553,0.06599266
3554,0.052427843
3555,0.021499269
3556,0.031624362
3557,0.03511413
3558,0.024371464
3559,0.024763605
3560,0.027159752
3561,0.04007165
3562,0.018951386
3563,0.03544048
3564,0.050363846
3565,0.0679138
3566,0.06454966
3567,0.03542959
3568,0.029299198
3569,0.020646831
3570,0.03056433
3571,0.036025163
3572,0.023761984
3573,0.02689082
3574,0.026661163
3575,0.04138933
3576,0.018951386
3577,0.034664188
3578,0.06944252
3579,0.0825725
3580,0.03505731
3581,0.029561972
3582,0.02488812
3583,0.027159752
3584,0.029831128
3585,0.020495066
3586,0.019975245
3587,0.01947917
3588,0.021316666
3589,0.03544048
3590,0.06765416
3591,0.06405385
3592,0.03866837
3593,0.0825725
3594,0.030366473
3595,0.033650216
3596,0.0315098
3597,0.03188777
3598,0.05296559
3599,0.050378636
3600,0.050697386
3601,0.03497881
3602,0.05435178
3603,0.055851776
3604,0.05351318
3605,0.051717233
3606,0.052201405
3607,0.054733645
3608,0.07935659
3609,0.48043045
3610,0.48975277
3611,0.051678974
3612,0.051011305
3613,0.39270467
3614,0.062123284
3615,0.27191326
3616,0.07908651
3617,0.26827344
3618,0.056256015
3619,0.05185462
3620,0.051209785
3621,0.036764808
3622,0.03712284
3623,0.2657394
3624,0.060050033
3625,0.49467453
3626,0.09234532
3627,0.051618446
3628,0.050446555
3629,0.034144986
3630,0.037592255
3631,0.036764808
3632,0.042253383
3633,0.042798135
3634,0.06174141
3635,0.064431414
3636,0.40678546
3637,0.41417447
3638,0.05974749
3639,0.059094947
3640,0.0516652
3641,0.2640113
3642,0.033317544
3643,0.036829025
3644,0.037103493
3645,0.042267155
3646,0.05953753
3647,0.4736404
3648,0.087746665
3649,0.49740723
3650,0.50083953
3651,0.07055985
3652,0.46931344
3653,0.044886664
3654,0.04163989
3655,0.25864953
3656,0.056515537
3657,0.050951924
3658,0.04989784
3659,0.0639658
3660,0.09052476
3661,0.0716139
3662,0.087924905
3663,0.08840873
3664,0.042253383
3665,0.0737455
3666,0.2752285
3667,0.044172708
3668,0.042039737
3669,0.039691143
3670,0.057237998
3671,0.050124414
3672,0.04933702
3673,0.040074877
3674,0.057971768
3675,0.05879804
3676,0.068108514
3677,0.07189119
3678,0.06155653
3679,0.06696249
3680,0.27240825
3681,0.04162684
3682,0.039174803
3683,0.04080873
3684,0.063454695
3685,0.45982984
3686,0.06679271
3687,0.07057363
3688,0.06981041
3689,0.47728845
3690,0.04869627
3691,0.044886664
3692,0.044886664
3693,0.03908515
3694,0.04036261
3695,0.049323246
3696,0.040633082
3697,0.04103293
3698,0.06326374
3699,0.063200146
3700,0.066915736
3701,0.04914926
3702,0.07368127
3703,0.27698532
3704,0.27481297
3705,0.039691143
3706,0.039483372
3707,0.04061931
3708,0.05424844
3709,0.054262213
3710,0.063981965
3711,0.06438495
3712,0.05076606
3713,0.05419524
3714,0.07368127
3715,0.4962555
3716,0.04863205
3717,0.03994431
3718,0.065402865
3719,0.066047914
3720,0.0595033
3721,0.05424844
3722,0.063430235
3723,0.065532014
3724,0.05076606
3725,0.040783912
3726,0.041970063
3727,0.025281949
3728,0.025929462
3729,0.025754958
3730,0.06541825
3731,0.06654987
3732,0.27891973
3733,0.06625148
3734,0.09397749
3735,0.04816613
3736,0.049549155
3737,0.03588974
3738,0.03452577
3739,0.047532003
3740,0.049828544
3741,0.048295233
3742,0.06558393
3743,0.27685422
3744,0.05792703
3745,0.056646366
3746,0.060624458
3747,0.05890205
3748,0.05395847
3749,0.05395847
3750,0.06570352
3751,0.050968476
3752,0.040068395
3753,0.048526786
3754,0.026311329
3755,0.024543274
3756,0.025929462
3757,0.06553312
3758,0.076491974
3759,0.08099809
3760,0.088367455
3761,0.09310236
3762,0.04929585
3763,0.049414393
3764,0.03411215
3765,0.06597586
3766,0.048295233
3767,0.071753524
3768,0.06560872
3769,0.5134028
3770,0.058326878
3771,0.056501765
3772,0.059963673
3773,0.059563827
3774,0.05370401
3775,0.054262213
3776,0.065532014
3777,0.050952308
3778,0.048973665
3779,0.036007985
3780,0.03399035
3781,0.032401096
3782,0.035383854
3783,0.051863063
3784,0.077443846
3785,0.085165285
3786,0.114904
3787,0.27273732
3788,0.47452205
3789,0.08573257
3790,0.06466585
3791,0.07262695
3792,0.0726737
3793,0.074936025
3794,0.041807715
3795,0.062115055
3796,0.06182508
3797,0.061391164
3798,0.06083296
3799,0.07681539
3800,0.05991193
3801,0.065884985
3802,0.042444512
3803,0.045283638
3804,0.046748582
3805,0.042260073
3806,0.050911482
3807,0.02565217
3808,0.036089767
3809,0.036089767
3810,0.07636614
3811,0.07383638
3812,0.08279844
3813,0.11769996
3814,0.26618543
3815,0.13081634
3816,0.08612332
3817,0.06466585
3818,0.07268748
3819,0.06614846
3820,0.0415139
3821,0.062128827
3822,0.061531268
3823,0.061391164
3824,0.061391164
3825,0.05991193
3826,0.06008126
3827,0.066284835
3828,0.06542185
3829,0.04241694
3830,0.046729516
3831,0.041999444
3832,0.050878298
3833,0.032492872
3834,0.032961268
3835,0.033889547
3836,0.06932173
3837,0.06747482
3838,0.11944109
3839,0.5654696
3840,0.10919705
3841,0.0865869
3842,0.0634673
3843,0.088188775
3844,0.07373721
3845,0.07464222
3846,0.06812541
3847,0.041449685
3848,0.039773084
3849,0.061804622
3850,0.2623426
3851,0.0595539
3852,0.07294237
3853,0.065715656
3854,0.079214096
3855,0.045283638
3856,0.045283638
3857,0.042698666
3858,0.03235434
3859,0.033889547
3860,0.034503233
3861,0.06719753
3862,0.08532662
3863,0.11782909
3864,0.5539013
3865,0.10815454
3866,0.0865869
3867,0.2633015
3868,0.088188775
3869,0.073034525
3870,0.07464222
3871,0.06723043
3872,0.038977947
3873,0.039759308
3874,0.061944727
3875,0.061744094
3876,0.07159843
3877,0.0734506
3878,0.26792547
3879,0.07846085
3880,0.042260073
3881,0.038639653
3882,0.03561997
3883,0.04076494
3884,0.04104223
3885,0.09049918
3886,0.08568865
3887,0.09657277
3888,0.09674255
3889,0.08861487
3890,0.089078456
3891,0.09102297
3892,0.110980384
3893,0.13552257
3894,0.26881254
3895,0.09771463
3896,0.054666378
3897,0.08773896
3898,0.6794015
3899,0.07916734
3900,0.07821248
3901,0.27456003
3902,0.27012047
3903,0.041935228
3904,0.042260073
3905,0.03560362
3906,0.040718183
3907,0.054091092
3908,0.08953498
3909,0.26087707
3910,0.09588822
3911,0.089078456
3912,0.27201146
3913,0.08982898
3914,0.1105168
3915,0.13356668
3916,0.48604023
3917,0.089805156
3918,0.055278942
3919,0.056684747
3920,0.057463672
3921,0.05753956
3922,0.27838963
3923,0.78893083
3924,0.07918647
3925,0.0785602
3926,0.43686387
3927,0.042446323
3928,0.042260073
3929,0.26656452
3930,0.035520013
3931,0.054091092
3932,0.055195972
3933,0.081772156
3934,0.083994776
3935,0.09674255
3936,0.2725479
3937,0.08863996
3938,0.08868671
3939,0.10923316
3940,0.10970157
3941,0.25916138
3942,0.46011004
3943,0.08904194
3944,0.039042164
3945,0.27021617
3946,0.11077155
3947,0.08481155
3948,0.7390772
3949,0.7844249
3950,0.2828662
3951,0.07918647
3952,0.07846901
3953,0.078404784
3954,0.055851366
3955,0.054521654
3956,0.03606816
3957,0.059619617
3958,0.034385808
3959,0.058744833
3960,0.09390215
3961,0.09045193
3962,0.088158906
3963,0.090937875
3964,0.10970157
3965,0.06138445
3966,0.11569752
3967,0.26502538
3968,0.27385038
3969,0.039773084
3970,0.05498513
3971,0.27296495
3972,0.044172708
3973,0.08382602
3974,0.6980018
3975,0.7882871
3976,0.4760189
3977,0.07969683
3978,0.056788333
3979,0.2624701
3980,0.038406014
3981,0.03571013
3982,0.061320234
3983,0.06295216
3984,0.06312196
3985,0.07233946
3986,0.07115032
3987,0.27599654
3988,0.0922194
3989,0.11482144
3990,0.11435786
3991,0.11482144
3992,0.09428198
3993,0.079378776
3994,0.08085519
3995,0.26205942
3996,0.09277315
3997,0.09304761
3998,0.079664506
3999,0.080161184
4000,0.76205194
4001,0.7012661
4002,0.8157947
4003,0.053266097
4004,0.2583307
4005,0.067344755
4006,0.08393409
4007,0.08386987
4008,0.2589965
4009,0.056436244
4010,0.0570532
4011,0.06138445
4012,0.06295216
4013,0.062658355
4014,0.25113606
4015,0.07233946
4016,0.53370434
4017,0.27133814
4018,0.11435786
4019,0.11412177
4020,0.114651665
4021,0.09428198
4022,0.08085519
4023,0.08125504
4024,0.06590337
4025,0.06587575
4026,0.092957295
4027,0.2690262
4028,0.07995314
4029,0.08739978
4030,0.05039322
4031,0.75144917
4032,0.8180464
4033,0.81343085
4034,0.054692253
4035,0.053443596
4036,0.067344755
4037,0.060766045
4038,0.08674203
4039,0.08573201
4040,0.061320234
4041,0.06312196
4042,0.04486192
4043,0.07215034
4044,0.064629905
4045,0.55115086
4046,0.5600645
4047,0.11482144
4048,0.11482144
4049,0.110924125
4050,0.26001552
4051,0.08482295
4052,0.25672245
4053,0.064901754
4054,0.06496598
4055,0.08018031
4056,0.07995314
4057,0.08688398
4058,0.07267391
4059,0.67520416
4060,0.49497882
4061,0.11688499
4062,0.054692253
4063,0.07023059
4064,0.06729504
4065,0.05976764
4066,0.0831017
4067,0.08266663
4068,0.056436244
4069,0.06312196
4070,0.044955306
4071,0.064629905
4072,0.064629905
4073,0.26391232
4074,0.6431974
4075,0.27414343
4076,0.26936784
4077,0.13371146
4078,0.13335341
4079,0.25517836
4080,0.46023434
4081,0.064901754
4082,0.06590337
4083,0.079782404
4084,0.080161184
4085,0.08739978
4086,0.072693035
4087,0.06986464
4088,0.27452722
4089,0.26848212
4090,0.116211265
4091,0.92362136
4092,0.070433006
4093,0.06661771
4094,0.061948296
4095,0.08214152
4096,0.06404051
4097,0.056436244
4098,0.054813378
4099,0.0452678
4100,0.045203585
4101,0.090322964
4102,0.09387311
4103,0.11482144
4104,0.48066363
4105,0.27103788
4106,0.53300786
4107,0.5270105
4108,0.12975042
4109,0.109789714
4110,0.47970873
4111,0.092699185
4112,0.0720702
4113,0.07217723
4114,0.071566656
4115,0.071673684
4116,0.26662344
4117,0.27001274
4118,0.05016507
4119,0.50697875
4120,0.26354346
4121,0.06404051
4122,0.06926881
4123,0.06014319
4124,0.06133157
4125,0.043146323
4126,0.04532553
4127,0.04573141
4128,0.04573141
4129,0.090322964
4130,0.09116332
4131,0.11482144
4132,0.11482144
4133,0.5396347
4134,0.64838445
4135,0.531891
4136,0.28200355
4137,0.52221125
4138,0.10145537
4139,0.0717764
4140,0.07218949
4141,0.07095409
4142,0.116682574
4143,0.10126722
4144,0.05016507
4145,0.06574225
4146,0.06318684
4147,0.06300059
4148,0.06459761
4149,0.069717534
4150,0.059940774
4151,0.043475345
4152,0.042747967
4153,0.040477347
4154,0.040800814
4155,0.09370334
4156,0.09387311
4157,0.11482144
4158,0.11482144
4159,0.14799301
4160,0.5210179
4161,0.7903336
4162,0.7967446
4163,0.46046203
4164,0.093242615
4165,0.072910085
4166,0.072693035
4167,0.07218949
4168,0.071208626
4169,0.10104224
4170,0.049693752
4171,0.06343918
4172,0.5319134
4173,0.062210526
4174,0.06004314
4175,0.07030687
4176,0.059940774
4177,0.062611684
4178,0.07982796
4179,0.046764445
4180,0.04038396
4181,0.09370334
4182,0.094113685
4183,0.11506201
4184,0.5109674
4185,0.6594937
4186,0.12666662
4187,0.78918403
4188,0.47218776
4189,0.4714151
4190,0.09245438
4191,0.0717764
4192,0.07127285
4193,0.08337236
4194,0.05016507
4195,0.049693752
4196,0.06300059
4197,0.06300059
4198,0.39826187
4199,0.06055895
4200,0.40534157
4201,0.059940774
4202,0.062611684
4203,0.08021212
4204,0.07133089
4205,0.07062884
4206,0.06132349
4207,0.072528884
4208,0.051730886
4209,0.051730886
4210,0.11926687
4211,0.60055244
4212,0.4824882
4213,0.49190423
4214,0.06544406
4215,0.43872455
4216,0.08335324
4217,0.08632292
4218,0.038124207
4219,0.03821352
4220,0.060023416
4221,0.05657686
4222,0.056283046
4223,0.07255345
4224,0.07913606
4225,0.049659953
4226,0.057600502
4227,0.054943796
4228,0.050887514
4229,0.2534952
4230,0.076644346
4231,0.0516151
4232,0.053726997
4233,0.11926687
4234,0.10830135
4235,0.06573864
4236,0.088424854
4237,0.26265788
4238,0.08274953
4239,0.08730378
4240,0.03736793
4241,0.0502896
4242,0.055204287
4243,0.055204287
4244,0.05621883
4245,0.0663769
4246,0.073437445
4247,0.045531914
4248,0.0432698
4249,0.04980416
4250,0.050089788
4251,0.0781642
4252,0.05662254
4253,0.05442668
4254,0.11095713
4255,0.053022288
4256,0.06471573
4257,0.06544406
4258,0.07509425
4259,0.07579966
4260,0.45468923
4261,0.5009783
4262,0.08580859
4263,0.03900556
4264,0.050991658
4265,0.055204287
4266,0.054053262
4267,0.05576504
4268,0.053894978
4269,0.072848715
4270,0.07843831
4271,0.044990692
4272,0.05304975
4273,0.049496602
4274,0.050823297
4275,0.03288959
4276,0.05442668
4277,0.11084136
4278,0.2630327
4279,0.06507385
4280,0.06532829
4281,0.07509425
4282,0.039694767
4283,0.09001937
4284,0.27795458
4285,0.08734928
4286,0.037697714
4287,0.049264375
4288,0.056283046
4289,0.053576227
4290,0.05389278
4291,0.073251195
4292,0.078620255
4293,0.046201717
4294,0.048731
4295,0.04980416
4296,0.2610182
4297,0.053022288
4298,0.07291928
4299,0.06256876
4300,0.03867059
4301,0.039283153
4302,0.0539729
4303,0.05722737
4304,0.27222246
4305,0.062433973
4306,0.049218245
4307,0.05383076
4308,0.06574594
4309,0.06698326
4310,0.2622566
4311,0.064179845
4312,0.25491726
4313,0.062365487
4314,0.06262611
4315,0.031994916
4316,0.03284828
4317,0.08195792
4318,0.25875235
4319,0.046718415
4320,0.05694129
4321,0.053022288
4322,0.08892148
4323,0.06215918
4324,0.039693493
4325,0.27963212
4326,0.27847162
4327,0.062612265
4328,0.06272778
4329,0.049015827
4330,0.049218245
4331,0.049015827
4332,0.04825651
4333,0.06644369
4334,0.06644369
4335,0.6377218
4336,0.063943736
4337,0.062194757
4338,0.062110297
4339,0.03263416
4340,0.082946196
4341,0.40783352
4342,0.04387948
4343,0.07717851
4344,0.044686567
4345,0.041206878
4346,0.08892148
4347,0.06286334
4348,0.070129566
4349,0.03244087
4350,0.056460522
4351,0.04060824
4352,0.040780134
4353,0.04825651
4354,0.048595194
4355,0.04864977
4356,0.06678084
4357,0.066083096
4358,0.06204673
4359,0.0626593
4360,0.0639658
4361,0.035690844
4362,0.0781642
4363,0.48136306
4364,0.07699226
4365,0.045044597
4366,0.046718415
4367,0.041850016
4368,0.06286334
4369,0.070129566
4370,0.032070648
4371,0.53493226
4372,0.041215934
4373,0.040417857
4374,0.050190803
4375,0.06678084
4376,0.0663769
4377,0.06204673
4378,0.063454695
4379,0.06275144
4380,0.032249972
4381,0.033525437
4382,0.07835045
4383,0.49434295
4384,0.07944467
4385,0.046718415
4386,0.045044597
4387,0.040515423
4388,0.033382073
4389,0.025252687
4390,0.034616593
4391,0.042158563
4392,0.041850016
4393,0.021428382
4394,0.021428382
4395,0.020971408
4396,0.05130908
4397,0.052965708
4398,0.06284658
4399,0.066795684
4400,0.03928073
4401,0.03946698
4402,0.03430653
4403,0.03404689
4404,0.0600504
4405,0.06599266
4406,0.08414928
4407,0.031624362
4408,0.030662412
4409,0.030440236
4410,0.024484444
4411,0.032414943
4412,0.019671144
4413,0.018137835
4414,0.020213485
4415,0.0201094
4416,0.01991967
4417,0.05099033
4418,0.049260672
4419,0.066626936
4420,0.066626936
4421,0.060093965
4422,0.06363397
4423,0.030566277
4424,0.025252687
4425,0.034386534
4426,0.041551072
4427,0.035555303
4428,0.017976047
4429,0.021316666
4430,0.02108087
4431,0.04803275
4432,0.038704447
4433,0.03430653
4434,0.06363397
4435,0.06359746
4436,0.024484444
4437,0.024753377
4438,0.03530767
4439,0.0324617
4440,0.042158563
4441,0.034580052
4442,0.017792577
4443,0.021316666
4444,0.020796845
4445,0.050363846
4446,0.03295498
4447,0.059142306
4448,0.0676366
4449,0.06528105
4450,0.06373848
4451,0.029299198
4452,0.03435039
4453,0.025181936
4454,0.02488812
4455,0.0274852
4456,0.04190914
4457,0.023019586
4458,0.034151055
4459,0.03525423
4460,0.0673089
4461,0.06284658
4462,0.038644288
4463,0.02864417
4464,0.024706619
4465,0.03592068
4466,0.041393332
4467,0.020681318
4468,0.020495066
4469,0.035750046
4470,0.06784041
4471,0.0636463
4472,0.08436073
4473,0.03311358
4474,0.02159445
4475,0.025196394
4476,0.027015336
4477,0.027424902
4478,0.020754706
4479,0.020754706
4480,0.020213485
4481,0.03385724
4482,0.03525423
4483,0.052706067
4484,0.05130908
4485,0.050363846
4486,0.06765416
4487,0.06311953
4488,0.03787229
4489,0.08482329
4490,0.018139165
4491,0.0311072
4492,0.027340664
4493,0.031474747
4494,0.032480136
4495,0.033938333
4496,0.05407449
4497,0.055904984
4498,0.050378636
4499,0.050572872
4500,0.031007823
4501,0.05435178
4502,0.055915993
4503,0.051925868
4504,0.05407449
4505,0.078355126
4506,0.0799128
4507,0.2606473
4508,0.5033853
4509,0.050851528
4510,0.051678974
4511,0.25307426
4512,0.062123284
4513,0.073339604
4514,0.07979536
4515,0.7656186
4516,0.06105619
4517,0.05212226
4518,0.051209785
4519,0.034144986
4520,0.2586842
4521,0.0644138
4522,0.5140415
4523,0.099508114
4524,0.051678974
4525,0.050446555
4526,0.034084458
4527,0.037592255
4528,0.036510274
4529,0.042798135
4530,0.042267155
4531,0.26196936
4532,0.062123284
4533,0.4082245
4534,0.46642885
4535,0.05768649
4536,0.056675702
4537,0.05373154
4538,0.050446555
4539,0.037592255
4540,0.037592255
4541,0.042798135
4542,0.05879804
4543,0.46497783
4544,0.27342066
4545,0.083899766
4546,0.49918348
4547,0.26928627
4548,0.49319583
4549,0.044822447
4550,0.25797823
4551,0.054751284
4552,0.049736865
4553,0.05018863
4554,0.06326374
4555,0.077784926
4556,0.27511764
4557,0.087422624
4558,0.087746665
4559,0.06981041
4560,0.07357476
4561,0.07543954
4562,0.04419953
4563,0.039691143
4564,0.05500582
4565,0.04933702
4566,0.049958367
4567,0.04211477
4568,0.058733825
4569,0.058733825
4570,0.07189119
4571,0.07073391
4572,0.24542408
4573,0.061620753
4574,0.27875125
4575,0.0737455
4576,0.04418648
4577,0.05018863
4578,0.04354336
4579,0.4675785
4580,0.067239776
4581,0.06696249
4582,0.07055985
4583,0.07110461
4584,0.49319583
4585,0.048921794
4586,0.044886664
4587,0.04163989
4588,0.039679166
4589,0.04103293
4590,0.0639658
4591,0.06377954
4592,0.06783762
4593,0.053495936
4594,0.07543954
4595,0.2744306
4596,0.4916601
4597,0.047532003
4598,0.040426828
4599,0.04072064
4600,0.0700493
4601,0.07022495
4602,0.054262213
4603,0.053664654
4604,0.063812725
4605,0.06571826
4606,0.05050543
4607,0.05080944
4608,0.07543954
4609,0.07450871
4610,0.49188143
4611,0.047213253
4612,0.04828146
4613,0.040426828
4614,0.06590252
4615,0.07117161
4616,0.042031206
4617,0.05926008
4618,0.054262213
4619,0.054201685
4620,0.2592212
4621,0.065589406
4622,0.050799243
4623,0.040783912
4624,0.042263877
4625,0.025605412
4626,0.02565217
4627,0.025281949
4628,0.06654987
4629,0.065479904
4630,0.2710311
4631,0.068238
4632,0.09404171
4633,0.051687174
4634,0.054622956
4635,0.03617849
4636,0.033362694
4637,0.046106
4638,0.04828146
4639,0.04869508
4640,0.06954588
4641,0.26643962
4642,0.058326878
4643,0.05720457
4644,0.059550054
4645,0.061097138
4646,0.054262213
4647,0.054262213
4648,0.065639295
4649,0.05025025
4650,0.04098633
4651,0.048801254
4652,0.048787415
4653,0.024941158
4654,0.025929462
4655,0.021274
4656,0.06642727
4657,0.07957861
4658,0.2738653
4659,0.09397749
4660,0.25582972
4661,0.054632217
4662,0.05334237
4663,0.03388762
4664,0.06514842
4665,0.04869508
4666,0.07308733
4667,0.06560872
4668,0.58154553
4669,0.25783566
4670,0.057237998
4671,0.059563827
4672,0.054262213
4673,0.053600438
4674,0.06423693
4675,0.05018668
4676,0.040459067
4677,0.04846257
4678,0.03561997
4679,0.026311329
4680,0.032401096
4681,0.03897375
4682,0.054632217
4683,0.07383638
4684,0.08380478
4685,0.117176846
4686,0.27273715
4687,0.50008
4688,0.08621669
4689,0.06466585
4690,0.07201981
4691,0.07192426
4692,0.075344905
4693,0.041449685
4694,0.06182508
4695,0.06182508
4696,0.061391164
4697,0.061212517
4698,0.077278525
4699,0.059618115
4700,0.06591075
4701,0.04182821
4702,0.046984695
4703,0.045863017
4704,0.041999444
4705,0.05036249
4706,0.05061767
4707,0.02565217
4708,0.036089767
4709,0.036089767
4710,0.07740293
4711,0.072822616
4712,0.08353465
4713,0.116100974
4714,0.26026362
4715,0.12878649
4716,0.0865869
4717,0.064202264
4718,0.07268748
4719,0.07379774
4720,0.067169905
4721,0.042231046
4722,0.061805736
4723,0.06182508
4724,0.061391164
4725,0.061391164
4726,0.06010889
4727,0.06008126
4728,0.06641898
4729,0.06673825
4730,0.042444512
4731,0.046984695
4732,0.045863017
4733,0.041744266
4734,0.050446942
4735,0.04058599
4736,0.033889547
4737,0.033889547
4738,0.06986222
4739,0.068307966
4740,0.11774671
4741,0.5346282
4742,0.113681816
4743,0.08654015
4744,0.06466585
4745,0.088188775
4746,0.073783964
4747,0.075405434
4748,0.06721666
4749,0.04224482
4750,0.06188051
4751,0.26543483
4752,0.060481105
4753,0.07346973
4754,0.065804236
4755,0.07958632
4756,0.04727851
4757,0.04587857
4758,0.042293258
4759,0.042371027
4760,0.032030873
4761,0.03295026
4762,0.035520013
4763,0.06988156
4764,0.08345944
4765,0.12009334
4766,0.53578454
4767,0.108201295
4768,0.2630242
4769,0.088188775
4770,0.25412846
4771,0.075344905
4772,0.065750234
4773,0.039335977
4774,0.061744094
4775,0.061804622
4776,0.26158416
4777,0.07346973
4778,0.07918647
4779,0.0782767
4780,0.042260073
4781,0.035520013
4782,0.04076494
4783,0.04076494
4784,0.08953498
4785,0.087952435
4786,0.09621474
4787,0.095633656
4788,0.089078456
4789,0.089078456
4790,0.090937875
4791,0.10858785
4792,0.13445437
4793,0.26139674
4794,0.09648734
4795,0.056684747
4796,0.0574499
4797,0.057463672
4798,0.08324061
4799,0.67156637
4800,0.0782767
4801,0.07821248
4802,0.45532095
4803,0.2684013
4804,0.041680694
4805,0.04246249
4806,0.0399106
4807,0.05339369
4808,0.09049918
4809,0.24519631
4810,0.09674255
4811,0.089078456
4812,0.26603022
4813,0.091367185
4814,0.109696746
4815,0.13552257
4816,0.2652903
4817,0.08897772
4818,0.057084594
4819,0.058998924
4820,0.05753956
4821,0.28054062
4822,0.78719145
4823,0.07918647
4824,0.0782767
4825,0.45103624
4826,0.041680694
4827,0.042446323
4828,0.2672243
4829,0.03571013
4830,0.035520013
4831,0.05237691
4832,0.05339369
4833,0.083994776
4834,0.08089564
4835,0.27254727
4836,0.08863996
4837,0.08868671
4838,0.110980384
4839,0.109654814
4840,0.11470607
4841,0.5222859
4842,0.27253917
4843,0.11425394
4844,0.26441768
4845,0.08532472
4846,0.7600958
4847,0.7774846
4848,0.28290358
4849,0.07918647
4850,0.079378776
4851,0.07846901
4852,0.054521654
4853,0.037638545
4854,0.036007985
4855,0.035520013
4856,0.058241844
4857,0.094195955
4858,0.09436573
4859,0.08868671
4860,0.09205174
4861,0.10841793
4862,0.06099372
4863,0.11658612
4864,0.26628414
4865,0.089805156
4866,0.03943951
4867,0.05538248
4868,0.11385409
4869,0.04412595
4870,0.0893183
4871,0.70592296
4872,0.79697585
4873,0.48107767
4874,0.07977863
4875,0.078762814
4876,0.054005846
4877,0.26179835
4878,0.038437888
4879,0.035455596
4880,0.06184806
4881,0.06312196
4882,0.062487613
4883,0.07196925
4884,0.07233946
4885,0.26992822
4886,0.0925281
4887,0.11446599
4888,0.11463232
4889,0.11499779
4890,0.098605834
4891,0.079378776
4892,0.0798812
4893,0.2615646
4894,0.09321499
4895,0.09277315
4896,0.08024695
4897,0.080131434
4898,0.7815268
4899,0.72442406
4900,0.77307236
4901,0.053629845
4902,0.07031599
4903,0.06680922
4904,0.05930516
4905,0.08693525
4906,0.085208714
4907,0.25924495
4908,0.056436244
4909,0.056436244
4910,0.06184806
4911,0.06295216
4912,0.062658355
4913,0.07187588
4914,0.072169684
4915,0.53398275
4916,0.26972452
4917,0.11482144
4918,0.11482144
4919,0.11482144
4920,0.10995043
4921,0.0798812
4922,0.08088282
4923,0.0662756
4924,0.09277315
4925,0.09245438
4926,0.08020794
4927,0.08739978
4928,0.050190803
4929,0.79459053
4930,0.81282467
4931,0.8169543
4932,0.052908063
4933,0.053443596
4934,0.25692958
4935,0.08701302
4936,0.0831017
4937,0.06184806
4938,0.062658355
4939,0.04532553
4940,0.07198401
4941,0.064629905
4942,0.5717946
4943,0.58325815
4944,0.11477469
4945,0.11482144
4946,0.098837726
4947,0.13382721
4948,0.08541709
4949,0.25716907
4950,0.25261575
4951,0.0662756
4952,0.07995314
4953,0.07988892
4954,0.08717261
4955,0.07272066
4956,0.070654705
4957,0.7530906
4958,0.5198141
4959,0.2656502
4960,0.053646013
4961,0.070696674
4962,0.066873446
4963,0.066532314
4964,0.060063988
4965,0.0831017
4966,0.0831017
4967,0.056436244
4968,0.06259413
4969,0.062658355
4970,0.04532553
4971,0.064629905
4972,0.0641021
4973,0.550118
4974,0.6252413
4975,0.2722445
4976,0.27989045
4977,0.13382721
4978,0.13405757
4979,0.08756637
4980,0.47005206
4981,0.06587575
4982,0.06590337
4983,0.07888427
4984,0.08158108
4985,0.08688398
4986,0.28387424
4987,0.06933745
4988,0.12624842
4989,0.270255
4990,0.116682574
4991,0.92679965
4992,0.070696674
4993,0.066482596
4994,0.060579795
4995,0.08328795
4996,0.063976295
4997,0.056622494
4998,0.05700021
4999,0.0452678
5000,0.044532858
5001,0.08985938
5002,0.09387311
5003,0.11435786
5004,0.49624845
5005,0.26679334
5006,0.5349842
5007,0.2775056
5008,0.12928341
5009,0.10964168
5010,0.28615412
5011,0.07093045
5012,0.0720702
5013,0.07127285
5014,0.071673684
5015,0.2633986
5016,0.2696665
5017,0.049693752
5018,0.5316726
5019,0.26365903
5020,0.06359921
5021,0.07067771
5022,0.06014319
5023,0.06177594
5024,0.04447119
5025,0.04573141
5026,0.04573141
5027,0.08996751
5028,0.09387311
5029,0.114293635
5030,0.11482144
5031,0.14373425
5032,0.64488477
5033,0.5261919
5034,0.2783329
5035,0.48185778
5036,0.10145537
5037,0.0720702
5038,0.072693035
5039,0.07218949
5040,0.2675023
5041,0.11510514
5042,0.10097341
5043,0.05016507
5044,0.06661771
5045,0.062465057
5046,0.062484786
5047,0.06300246
5048,0.07330803
5049,0.059940774
5050,0.046799656
5051,0.0440923
5052,0.04084757
5053,0.040800814
5054,0.09404946
5055,0.09387311
5056,0.11573771
5057,0.26851624
5058,0.14840259
5059,0.5511912
5060,0.81748843
5061,0.7959924
5062,0.45840815
5063,0.09270892
5064,0.072693035
5065,0.072693035
5066,0.07218949
5067,0.0704269
5068,0.10144472
5069,0.050351318
5070,0.06177299
5071,0.50758135
5072,0.06318684
5073,0.0607452
5074,0.07024264
5075,0.058411058
5076,0.06177594
5077,0.07886778
5078,0.042743843
5079,0.06378644
5080,0.04084757
5081,0.040677775
5082,0.09387311
5083,0.09340953
5084,0.11477469
5085,0.5155318
5086,0.6344172
5087,0.12783778
5088,0.789328
5089,0.47251844
5090,0.47729316
5091,0.09298339
5092,0.07127285
5093,0.08337236
5094,0.049693752
5095,0.049693752
5096,0.06252927
5097,0.40416065
5098,0.28422123
5099,0.2500915
5100,0.060260713
5101,0.0626759
5102,0.083213285
5103,0.07114464
5104,0.068538845
5105,0.068828754
5106,0.0698657
5107,0.051730886
5108,0.052429087
5109,0.11956145
5110,0.62821764
5111,0.4863148
5112,0.4891728
5113,0.23893112
5114,0.2610455
5115,0.08335324
5116,0.08632292
5117,0.03821352
5118,0.03736793
5119,0.06055895
5120,0.05576504
5121,0.06678084
5122,0.07255345
5123,0.07843831
5124,0.044852406
5125,0.06759787
5126,0.05017574
5127,0.051181328
5128,0.42493036
5129,0.07852872
5130,0.051730886
5131,0.05442668
5132,0.11926687
5133,0.110347115
5134,0.06544406
5135,0.26135656
5136,0.08848908
5137,0.08337236
5138,0.08638714
5139,0.037697714
5140,0.05004609
5141,0.055204287
5142,0.055406705
5143,0.05576504
5144,0.066083096
5145,0.072489224
5146,0.044169344
5147,0.0432698
5148,0.25805607
5149,0.04980416
5150,0.050780334
5151,0.0781642
5152,0.059474397
5153,0.054379925
5154,0.11095713
5155,0.05261269
5156,0.06507385
5157,0.06544406
5158,0.07579966
5159,0.07538806
5160,0.08638714
5161,0.48723224
5162,0.086412296
5163,0.054360554
5164,0.056283046
5165,0.0713831
5166,0.07811955
5167,0.043687887
5168,0.05304975
5169,0.049739942
5170,0.050823297
5171,0.034339674
5172,0.04390983
5173,0.05442668
5174,0.11058692
5175,0.39175868
5176,0.06747855
5177,0.06539731
5178,0.07579966
5179,0.039694767
5180,0.08972556
5181,0.47855973
5182,0.08683348
5183,0.050110307
5184,0.048939966
5185,0.056280848
5186,0.053894978
5187,0.053894978
5188,0.073251195
5189,0.07913606
5190,0.04980416
5191,0.050887514
5192,0.037864827
5193,0.04390983
5194,0.052322604
5195,0.07362343
5196,0.061988454
5197,0.04318497
5198,0.039694767
5199,0.058383062
5200,0.05606477
5201,0.27383536
5202,0.06261556
5203,0.047474794
5204,0.053894978
5205,0.065927885
5206,0.06678084
5207,0.2613161
5208,0.064707115
5209,0.06396631
5210,0.062110297
5211,0.06262611
5212,0.035206918
5213,0.03235681
5214,0.080623396
5215,0.07705537
5216,0.044686567
5217,0.046718415
5218,0.056877073
5219,0.05254847
5220,0.08892148
5221,0.06256876
5222,0.039324544
5223,0.039694767
5224,0.2814562
5225,0.55082005
5226,0.06236975
5227,0.06331532
5228,0.04174187
5229,0.049015827
5230,0.049218245
5231,0.04861454
5232,0.04825651
5233,0.06664611
5234,0.06662994
5235,0.6393222
5236,0.066083096
5237,0.06392531
5238,0.06415256
5239,0.062828526
5240,0.06230127
5241,0.032352947
5242,0.033525437
5243,0.07664139
5244,0.44313064
5245,0.049080707
5246,0.07957201
5247,0.046202607
5248,0.0417858
5249,0.062452994
5250,0.0694299
5251,0.03442541
5252,0.05269921
5253,0.040673625
5254,0.040417857
5255,0.03821352
5256,0.049202077
5257,0.048595194
5258,0.04917695
5259,0.06626504
5260,0.06576434
5261,0.06469095
5262,0.06281236
5263,0.06262611
5264,0.06377954
5265,0.032292593
5266,0.0786308
5267,0.4686208
5268,0.07699226
5269,0.044686567
5270,0.062522024
5271,0.07008281
5272,0.03244087
5273,0.5338366
5274,0.04084435
5275,0.049674995
5276,0.06678084
5277,0.06576434
5278,0.06263995
5279,0.06377954
5280,0.06377954
5281,0.03284828
5282,0.07833699
5283,0.48644644
5284,0.046718415
5285,0.045044597
5286,0.04167929
5287,0.055953678
5288,0.030459767
5289,0.024604699
5290,0.03530767
5291,0.042158563
5292,0.041722685
5293,0.020796845
5294,0.021316666
5295,0.05219026
5296,0.052706067
5297,0.0636463
5298,0.06720323
5299,0.03928073
5300,0.03887318
5301,0.03430653
5302,0.032492433
5303,0.05980602
5304,0.24869688
5305,0.0862502
5306,0.06609745
5307,0.030630497
5308,0.025099669
5309,0.035013855
5310,0.03199853
5311,0.042530145
5312,0.017622026
5313,0.018137835
5314,0.01991967
5315,0.021428382
5316,0.020213485
5317,0.05140915
5318,0.04896686
5319,0.06601437
5320,0.06738948
5321,0.03928073
5322,0.03928073
5323,0.033019196
5324,0.0608317
5325,0.06469574
5326,0.06335828
5327,0.02730353
5328,0.02730353
5329,0.024383156
5330,0.03530767
5331,0.032682657
5332,0.042256225
5333,0.034580052
5334,0.04190914
5335,0.021316666
5336,0.021154879
5337,0.03928073
5338,0.03946698
5339,0.03404689
5340,0.067985535
5341,0.06650236
5342,0.024241906
5343,0.03530767
5344,0.031112371
5345,0.042158563
5346,0.020213485
5347,0.019600922
5348,0.050859664
5349,0.03353108
5350,0.06043922
5351,0.066488475
5352,0.06599266
5353,0.061878603
5354,0.02730353
5355,0.02989065
5356,0.036025163
5357,0.02488812
5358,0.025297683
5359,0.040805966
5360,0.01909807
5361,0.03385724
5362,0.06944252
5363,0.064313486
5364,0.03735648
5365,0.03787229
5366,0.028849505
5367,0.020466672
5368,0.034580052
5369,0.02488812
5370,0.027015336
5371,0.04190914
5372,0.020333279
5373,0.019391885
5374,0.03462791
5375,0.06765416
5376,0.062865
5377,0.03404689
5378,0.03542959
5379,0.0862502
5380,0.029299198
5381,0.02072114
5382,0.027015336
5383,0.027333954
5384,0.019469656
5385,0.020681318
5386,0.01991967
5387,0.01991967
5388,0.03385724
5389,0.052186258
5390,0.051138353
5391,0.04984804
5392,0.06765416
5393,0.06301302
5394,0.038182475
5395,0.09804701
5396,0.0862502
5397,0.024073074
5398,0.02297882
5399,0.029359838
5400,0.032480136
5401,0.032782532
5402,0.033150073
5403,0.065475516
5404,0.05979285
5405,0.053457156
5406,0.051656935
5407,0.030892173
5408,0.060306937
5409,0.070734486
5410,0.060306937
5411,0.055855922
5412,0.08263554
5413,0.48263484
5414,0.5011086
5415,0.051678974
5416,0.051678974
5417,0.26419875
5418,0.060499314
5419,0.2748443
5420,0.07677014
5421,0.053919837
5422,0.059094947
5423,0.051209785
5424,0.051209785
5425,0.034084458
5426,0.03712284
5427,0.037592255
5428,0.26465613
5429,0.07130401
5430,0.5075368
5431,0.10783041
5432,0.05599447
5433,0.2742584
5434,0.05212226
5435,0.034144986
5436,0.033211034
5437,0.037592255
5438,0.03712284
5439,0.04179774
5440,0.26365447
5441,0.071421444
5442,0.4154409
5443,0.4204649
5444,0.059094947
5445,0.051678974
5446,0.051209785
5447,0.051209785
5448,0.033317544
5449,0.03712284
5450,0.036829025
5451,0.0413332
5452,0.059814822
5453,0.4903122
5454,0.08746938
5455,0.27098164
5456,0.51421994
5457,0.27234286
5458,0.06974619
5459,0.48267075
5460,0.04419953
5461,0.25736973
5462,0.056501765
5463,0.04933702
5464,0.04933702
5465,0.06234857
5466,0.07073391
5467,0.088744886
5468,0.06990596
5469,0.0737455
5470,0.47445202
5471,0.04418648
5472,0.044139
5473,0.040300023
5474,0.055743676
5475,0.04933702
5476,0.04933702
5477,0.042494595
5478,0.059167307
5479,0.059245132
5480,0.07189119
5481,0.071444124
5482,0.24703264
5483,0.06735379
5484,0.2727568
5485,0.07450871
5486,0.044822447
5487,0.04412595
5488,0.041820955
5489,0.0716139
5490,0.46317968
5491,0.07110461
5492,0.06974619
5493,0.27633223
5494,0.047532003
5495,0.044886664
5496,0.04419953
5497,0.04927649
5498,0.041820955
5499,0.041756738
5500,0.06421814
5501,0.06377954
5502,0.061620753
5503,0.05525772
5504,0.07449494
5505,0.2744306
5506,0.2744503
5507,0.048295233
5508,0.04078254
5509,0.04078254
5510,0.0700493
5511,0.041502204
5512,0.053345904
5513,0.053345904
5514,0.25896516
5515,0.06455569
5516,0.05076606
5517,0.067239776
5518,0.05478895
5519,0.05552575
5520,0.27633223
5521,0.5122308
5522,0.04869508
5523,0.04984607
5524,0.040271055
5525,0.06560872
5526,0.0659414
5527,0.040633082
5528,0.058966268
5529,0.054262213
5530,0.05466206
5531,0.25817433
5532,0.065532014
5533,0.05076606
5534,0.040783912
5535,0.042444512
5536,0.025605412
5537,0.025929462
5538,0.025754958
5539,0.0659802
5540,0.06553312
5541,0.2754504
5542,0.06679271
5543,0.09437787
5544,0.047288395
5545,0.04929585
5546,0.03388762
5547,0.03411215
5548,0.048295233
5549,0.048234705
5550,0.047845922
5551,0.047467787
5552,0.06554449
5553,0.06611214
5554,0.058326878
5555,0.05575907
5556,0.05926008
5557,0.05890205
5558,0.053600438
5559,0.053664654
5560,0.064830154
5561,0.040204532
5562,0.04846257
5563,0.048787415
5564,0.02565217
5565,0.02565217
5566,0.033837073
5567,0.06654987
5568,0.08099809
5569,0.08099809
5570,0.09293258
5571,0.26620728
5572,0.048924915
5573,0.050523292
5574,0.033073947
5575,0.06597586
5576,0.04869627
5577,0.0716055
5578,0.06558393
5579,0.514107
5580,0.057144042
5581,0.059963673
5582,0.053600438
5583,0.054338295
5584,0.065589406
5585,0.050799243
5586,0.040783912
5587,0.040817097
5588,0.047982246
5589,0.041970063
5590,0.036007985
5591,0.025929462
5592,0.032401096
5593,0.039215263
5594,0.054622956
5595,0.07740293
5596,0.08279844
5597,0.11944109
5598,0.2728394
5599,0.513275
5600,0.08605909
5601,0.06449607
5602,0.07268748
5603,0.07221807
5604,0.07401489
5605,0.04224482
5606,0.062128827
5607,0.061212517
5608,0.061391164
5609,0.06137739
5610,0.07681539
5611,0.060062133
5612,0.0734506
5613,0.06673825
5614,0.045863017
5615,0.046984695
5616,0.041857593
5617,0.05061767
5618,0.050878298
5619,0.02569074
5620,0.039509077
5621,0.039662354
5622,0.076412894
5623,0.075558566
5624,0.08279844
5625,0.11724107
5626,0.26318038
5627,0.12784737
5628,0.08612332
5629,0.06466585
5630,0.07212927
5631,0.073783964
5632,0.06723043
5633,0.0415139
5634,0.061531268
5635,0.06252867
5636,0.061212517
5637,0.06137739
5638,0.059454992
5639,0.06643811
5640,0.06624944
5641,0.045863017
5642,0.046065435
5643,0.041680694
5644,0.05061767
5645,0.03537615
5646,0.032961268
5647,0.06894244
5648,0.070051335
5649,0.119144194
5650,0.54062533
5651,0.11361759
5652,0.08612332
5653,0.064202264
5654,0.26362184
5655,0.07332833
5656,0.07464222
5657,0.06723043
5658,0.0415139
5659,0.06179085
5660,0.26264843
5661,0.06008126
5662,0.07294237
5663,0.06643811
5664,0.07918647
5665,0.045863017
5666,0.047245324
5667,0.041935228
5668,0.042260073
5669,0.03250388
5670,0.032757916
5671,0.035520013
5672,0.07104137
5673,0.084612355
5674,0.11782909
5675,0.54113114
5676,0.10734697
5677,0.08641712
5678,0.26359296
5679,0.08733445
5680,0.25222686
5681,0.07464222
5682,0.06763028
5683,0.039773084
5684,0.039335977
5685,0.061804622
5686,0.07294237
5687,0.07300659
5688,0.07821248
5689,0.07918647
5690,0.042260073
5691,0.0348725
5692,0.0399106
5693,0.039908025
5694,0.08649623
5695,0.08953498
5696,0.09674255
5697,0.09674255
5698,0.089078456
5699,0.088444136
5700,0.09222151
5701,0.109696746
5702,0.13553634
5703,0.2610036
5704,0.097254254
5705,0.05498513
5706,0.05789759
5707,0.08191109
5708,0.7117839
5709,0.0782767
5710,0.07918647
5711,0.4622328
5712,0.2688347
5713,0.042260073
5714,0.034503233
5715,0.040130604
5716,0.05237691
5717,0.088919945
5718,0.25135154
5719,0.09674255
5720,0.089078456
5721,0.2740441
5722,0.09222151
5723,0.109696746
5724,0.13593619
5725,0.25923005
5726,0.08979138
5727,0.05498513
5728,0.055721153
5729,0.0574499
5730,0.2877034
5731,0.78963494
5732,0.07916734
5733,0.07795794
5734,0.44264454
5735,0.04246249
5736,0.042260073
5737,0.26098168
5738,0.035492178
5739,0.0531164
5740,0.0531164
5741,0.083994776
5742,0.08109646
5743,0.096489206
5744,0.27296117
5745,0.088158906
5746,0.088516936
5747,0.110980384
5748,0.1075636
5749,0.11612574
5750,0.4864719
5751,0.283215
5752,0.039042164
5753,0.26441768
5754,0.59176767
5755,0.27537456
5756,0.73518187
5757,0.7951918
5758,0.51002854
5759,0.07923228
5760,0.07977863
5761,0.056788333
5762,0.038123846
5763,0.038639653
5764,0.03606816
5765,0.060766045
5766,0.035073362
5767,0.05879804
5768,0.08109646
5769,0.09045193
5770,0.09399552
5771,0.08822313
5772,0.09222151
5773,0.10970157
5774,0.061678264
5775,0.11535883
5776,0.27745643
5777,0.08897772
5778,0.038977947
5779,0.05498513
5780,0.26917204
5781,0.2745975
5782,0.6982481
5783,0.78348416
5784,0.50271475
5785,0.07846901
5786,0.07875251
5787,0.041999444
5788,0.055851366
5789,0.2573182
5790,0.038123846
5791,0.035774346
5792,0.06184806
5793,0.06312196
5794,0.062658355
5795,0.07196925
5796,0.07233946
5797,0.26948833
5798,0.09204704
5799,0.11446599
5800,0.115010865
5801,0.11482144
5802,0.098605834
5803,0.07977863
5804,0.08088282
5805,0.06587575
5806,0.093195856
5807,0.092699185
5808,0.08024695
5809,0.079782404
5810,0.7903789
5811,0.7467713
5812,0.80065197
5813,0.05297228
5814,0.2629253
5815,0.067344755
5816,0.085208714
5817,0.085208714
5818,0.25773048
5819,0.060035024
5820,0.06184806
5821,0.06312196
5822,0.062658355
5823,0.26484329
5824,0.07233946
5825,0.54012275
5826,0.26883546
5827,0.114293635
5828,0.11477469
5829,0.11482144
5830,0.098837726
5831,0.08125504
5832,0.08023923
5833,0.06587575
5834,0.09321499
5835,0.09321499
5836,0.07995314
5837,0.08717261
5838,0.049674995
5839,0.790302
5840,0.8289867
5841,0.7977226
5842,0.052908063
5843,0.053629845
5844,0.46489868
5845,0.08564731
5846,0.08273085
5847,0.06184806
5848,0.06312196
5849,0.04532553
5850,0.072169684
5851,0.0641021
5852,0.58041763
5853,0.56087923
5854,0.11435786
5855,0.11499779
5856,0.10995043
5857,0.13382721
5858,0.08603305
5859,0.26032382
5860,0.06590337
5861,0.06587575
5862,0.08018031
5863,0.07963438
5864,0.086853854
5865,0.07067027
5866,0.7082084
5867,0.5230564
5868,0.27289253
5869,0.054176442
5870,0.069145635
5871,0.06705174
5872,0.059240945
5873,0.082005374
5874,0.08273085
5875,0.056436244
5876,0.062658355
5877,0.062658355
5878,0.045155734
5879,0.06416632
5880,0.06481933
5881,0.27051237
5882,0.631608
5883,0.48854664
5884,0.2725675
5885,0.13382721
5886,0.13382721
5887,0.26050472
5888,0.45551494
5889,0.2560858
5890,0.06585662
5891,0.08020794
5892,0.07995314
5893,0.08739978
5894,0.25175312
5895,0.070654705
5896,0.12620392
5897,0.26820564
5898,0.11616677
5899,0.9399984
5900,0.06975928
5901,0.06574225
5902,0.060063988
5903,0.08573201
5904,0.06404051
5905,0.0570532
5906,0.056877073
5907,0.045639385
5908,0.04487707
5909,0.08985938
5910,0.09370334
5911,0.11499779
5912,0.51140714
5913,0.28027645
5914,0.53220546
5915,0.52349603
5916,0.12928341
5917,0.10981734
5918,0.28692406
5919,0.07217723
5920,0.073722795
5921,0.07217036
5922,0.5305422
5923,0.93119127
5924,0.049693752
5925,0.51224214
5926,0.5300312
5927,0.06404051
5928,0.07067771
5929,0.059940774
5930,0.06273034
5931,0.04551495
5932,0.04462251
5933,0.04487707
5934,0.090322964
5935,0.09387311
5936,0.114293635
5937,0.11482144
5938,0.27455416
5939,0.64507633
5940,0.53323334
5941,0.543089
5942,0.47578073
5943,0.10145537
5944,0.0720702
5945,0.07127285
5946,0.071208626
5947,0.2633986
5948,0.09990454
5949,0.04998757
5950,0.049649265
5951,0.066532314
5952,0.06320301
5953,0.06300059
5954,0.06441137
5955,0.07067771
5956,0.059940774
5957,0.046406418
5958,0.043146323
5959,0.04084757
5960,0.04084757
5961,0.093683995
5962,0.09404946
5963,0.11482144
5964,0.27013513
5965,0.2692078
5966,0.5771096
5967,0.8035912
5968,0.78406966
5969,0.2764866
5970,0.09321499
5971,0.07171217
5972,0.07171217
5973,0.072217114
5974,0.07218949
5975,0.10144472
5976,0.049649265
5977,0.062465057
5978,0.52851814
5979,0.2752951
5980,0.06004314
5981,0.07016191
5982,0.060127024
5983,0.062494166
5984,0.07982796
5985,0.044679634
5986,0.07114464
5987,0.057536285
5988,0.04084757
5989,0.03911784
5990,0.09382636
5991,0.09387311
5992,0.11482144
5993,0.48309472
5994,0.66457516
5995,0.1275432
5996,0.8026799
5997,0.47960326
5998,0.47338036
5999,0.27244183
6000,0.07217723
6001,0.071673684
6002,0.08337236
6003,0.05016507
6004,0.05016507
6005,0.062210526
6006,0.06252927
6007,0.39302188
6008,0.2836463
6009,0.26050586
6010,0.06014319
6011,0.06229175
6012,0.083213285
6013,0.07114464
6014,0.07134706
6015,0.06132349
6016,0.07187588
6017,0.051429424
6018,0.118965425
6019,0.62370306
6020,0.5216029
6021,0.52467746
6022,0.06471573
6023,0.264809
6024,0.08228499
6025,0.08730378
6026,0.056467097
6027,0.06698326
6028,0.07255345
6029,0.07957465
6030,0.04456202
6031,0.26808235
6032,0.049283992
6033,0.06553943
6034,0.25561556
6035,0.076012775
6036,0.05442668
6037,0.1191511
6038,0.11048333
6039,0.06532829
6040,0.06544406
6041,0.26062047
6042,0.089194484
6043,0.08285656
6044,0.08531827
6045,0.039021727
6046,0.049004182
6047,0.054053262
6048,0.055204287
6049,0.056280848
6050,0.067493655
6051,0.073251195
6052,0.044046212
6053,0.04456202
6054,0.44258785
6055,0.049310353
6056,0.050887514
6057,0.077532776
6058,0.055834975
6059,0.05412522
6060,0.11025746
6061,0.053022288
6062,0.06503449
6063,0.0643175
6064,0.07579966
6065,0.07437727
6066,0.46654895
6067,0.48802644
6068,0.085514784
6069,0.051007826
6070,0.05468848
6071,0.056280848
6072,0.05383076
6073,0.073251195
6074,0.07873212
6075,0.045779176
6076,0.04951277
6077,0.049496602
6078,0.04991289
6079,0.032059133
6080,0.05442668
6081,0.10830135
6082,0.36895797
6083,0.06544406
6084,0.0684902
6085,0.07579966
6086,0.03964801
6087,0.08966134
6088,0.46174178
6089,0.08444591
6090,0.05080541
6091,0.056467097
6092,0.054095197
6093,0.05389278
6094,0.072847255
6095,0.07913606
6096,0.04980416
6097,0.04980416
6098,0.25702885
6099,0.03322776
6100,0.044355202
6101,0.053022288
6102,0.08892148
6103,0.06215918
6104,0.039693493
6105,0.039694767
6106,0.058028657
6107,0.057677362
6108,0.4249122
6109,0.06261556
6110,0.04861454
6111,0.049202077
6112,0.05418879
6113,0.06574594
6114,0.0663769
6115,0.26590422
6116,0.06396631
6117,0.2497242
6118,0.06262611
6119,0.062194757
6120,0.032352947
6121,0.032650623
6122,0.07982536
6123,0.2545804
6124,0.05700021
6125,0.053022288
6126,0.07067307
6127,0.06256876
6128,0.03867059
6129,0.042509288
6130,0.27883422
6131,0.574831
6132,0.06226324
6133,0.061856873
6134,0.04861454
6135,0.047474794
6136,0.048320726
6137,0.04815
6138,0.06664611
6139,0.06603975
6140,0.651738
6141,0.064179845
6142,0.064615645
6143,0.06230127
6144,0.06230127
6145,0.03322776
6146,0.032650623
6147,0.076562665
6148,0.45640993
6149,0.049080707
6150,0.0774134
6151,0.041722685
6152,0.08892148
6153,0.061988454
6154,0.07035992
6155,0.034489628
6156,0.055953678
6157,0.040933665
6158,0.040933665
6159,0.037018083
6160,0.04850002
6161,0.049218245
6162,0.050190803
6163,0.06601887
6164,0.06678084
6165,0.066083096
6166,0.06410222
6167,0.06230127
6168,0.06262611
6169,0.063981965
6170,0.035504594
6171,0.072750084
6172,0.47304338
6173,0.07705537
6174,0.044883095
6175,0.062452994
6176,0.07042415
6177,0.03244087
6178,0.5341737
6179,0.040933665
6180,0.03805999
6181,0.047251865
6182,0.048320726
6183,0.06698326
6184,0.066083096
6185,0.06262611
6186,0.0626593
6187,0.06377954
6188,0.06351892
6189,0.078126
6190,0.4965524
6191,0.07717851
6192,0.050496764
6193,0.0417858
6194,0.053205658
6195,0.033382073
6196,0.024604699
6197,0.03782965
6198,0.042158563
6199,0.04167929
6200,0.021576306
6201,0.020796845
6202,0.052186258
6203,0.052706067
6204,0.0636463
6205,0.06601437
6206,0.038704447
6207,0.038808964
6208,0.0327669
6209,0.03404689
6210,0.06043922
6211,0.25773287
6212,0.08650984
6213,0.030338949
6214,0.024484444
6215,0.03573626
6216,0.032253064
6217,0.042094346
6218,0.018137835
6219,0.016740838
6220,0.016740838
6221,0.021316666
6222,0.021502918
6223,0.051602893
6224,0.050859664
6225,0.06673146
6226,0.066795684
6227,0.037743773
6228,0.03946698
6229,0.06062547
6230,0.08186621
6231,0.064251125
6232,0.076633714
6233,0.024484444
6234,0.033808947
6235,0.032682657
6236,0.042158563
6237,0.038840957
6238,0.018137835
6239,0.04209539
6240,0.021316666
6241,0.042300858
6242,0.03946698
6243,0.033019196
6244,0.06043922
6245,0.06306446
6246,0.063745484
6247,0.029390896
6248,0.024484444
6249,0.035013855
6250,0.03506886
6251,0.042452376
6252,0.03511413
6253,0.017034654
6254,0.018137835
6255,0.021316666
6256,0.01991967
6257,0.021316666
6258,0.021154879
6259,0.04984804
6260,0.03928073
6261,0.060767483
6262,0.0662523
6263,0.06599266
6264,0.061878603
6265,0.028498694
6266,0.021499269
6267,0.034580052
6268,0.025181936
6269,0.028173773
6270,0.04190914
6271,0.020990882
6272,0.03473442
6273,0.06944252
6274,0.063183755
6275,0.03295498
6276,0.037922833
6277,0.037922833
6278,0.028173557
6279,0.027653262
6280,0.027839513
6281,0.024484444
6282,0.038371097
6283,0.024763605
6284,0.027015336
6285,0.026661163
6286,0.04190914
6287,0.020149808
6288,0.03544048
6289,0.0679138
6290,0.0862502
6291,0.027839513
6292,0.027839513
6293,0.027112994
6294,0.027015336
6295,0.020495066
6296,0.01909807
6297,0.020796845
6298,0.01991967
6299,0.03385724
6300,0.03544048
6301,0.052706067
6302,0.047937308
6303,0.06765416
6304,0.063538045
6305,0.03718011
6306,0.0862502
6307,0.027653262
6308,0.036249377
6309,0.039782517
6310,0.039414976
6311,0.064796895
6312,0.063561335
6313,0.051679164
6314,0.053176694
6315,0.03881968
6316,0.041234735
6317,0.06787627
6318,0.063561335
6319,0.052758366
6320,0.07262532
6321,0.058279205
6322,0.085557945
6323,0.07839515
6324,0.49804452
6325,0.4876344
6326,0.059861735
6327,0.41916165
6328,0.06345226
6329,0.27772215
6330,0.28355226
6331,0.0630602
6332,0.067139246
6333,0.059938427
6334,0.056703184
6335,0.037251685
6336,0.039935723
6337,0.27311954
6338,0.065463
6339,0.5068
6340,0.10425202
6341,0.059034288
6342,0.056996997
6343,0.037251685
6344,0.03648846
6345,0.039871506
6346,0.044546407
6347,0.039201546
6348,0.08206112
6349,0.07196469
6350,0.4133198
6351,0.42493454
6352,0.06233906
6353,0.06123181
6354,0.0619143
6355,0.057405885
6356,0.056703184
6357,0.037251685
6358,0.03648846
6359,0.03880958
6360,0.040698953
6361,0.044546407
6362,0.060874194
6363,0.08016205
6364,0.45789027
6365,0.093711175
6366,0.27806243
6367,0.5105023
6368,0.07479184
6369,0.07426086
6370,0.45988214
6371,0.04755792
6372,0.04834258
6373,0.25934038
6374,0.057220243
6375,0.051887073
6376,0.052108575
6377,0.06514666
6378,0.084912956
6379,0.27581975
6380,0.093711175
6381,0.045373853
6382,0.07775879
6383,0.4564206
6384,0.048278365
6385,0.046454284
6386,0.042828068
6387,0.058651973
6388,0.052632652
6389,0.05233884
6390,0.061148662
6391,0.061890975
6392,0.074429646
6393,0.07552876
6394,0.07211358
6395,0.480431
6396,0.07828977
6397,0.047779046
6398,0.05233884
6399,0.043971162
6400,0.043971162
6401,0.06468362
6402,0.46523488
6403,0.07239087
6404,0.076066434
6405,0.28012958
6406,0.46717995
6407,0.04834258
6408,0.04836091
6409,0.05233884
6410,0.0419803
6411,0.042769518
6412,0.064944245
6413,0.04094852
6414,0.07239087
6415,0.060476657
6416,0.076432034
6417,0.47095978
6418,0.48166734
6419,0.051545292
6420,0.5179319
6421,0.041820437
6422,0.06819812
6423,0.056412425
6424,0.055814866
6425,0.2570764
6426,0.06566049
6427,0.051133085
6428,0.07239087
6429,0.056596782
6430,0.07775879
6431,0.07775879
6432,0.48479864
6433,0.06875651
6434,0.053078603
6435,0.050280336
6436,0.0710868
6437,0.068262346
6438,0.06141029
6439,0.056079336
6440,0.056412425
6441,0.06791089
6442,0.0666
6443,0.05136926
6444,0.04094852
6445,0.042548425
6446,0.032509137
6447,0.029868688
6448,0.029162776
6449,0.06778438
6450,0.070349835
6451,0.26404762
6452,0.07239087
6453,0.09853074
6454,0.059136886
6455,0.056889
6456,0.036197256
6457,0.036612768
6458,0.051545292
6459,0.051545292
6460,0.038484838
6461,0.051545292
6462,0.05153152
6463,0.051484764
6464,0.07239911
6465,0.07292197
6466,0.057493765
6467,0.05935478
6468,0.061116476
6469,0.061714035
6470,0.05681227
6471,0.05575065
6472,0.06785351
6473,0.049716327
6474,0.04094852
6475,0.040432714
6476,0.04830476
6477,0.028594526
6478,0.03531719
6479,0.029162776
6480,0.070673876
6481,0.08333073
6482,0.2705488
6483,0.2680443
6484,0.097154334
6485,0.055190098
6486,0.059851147
6487,0.037375998
6488,0.06846271
6489,0.051545292
6490,0.05194514
6491,0.049655918
6492,0.07516183
6493,0.07199926
6494,0.5667011
6495,0.05784506
6496,0.057156026
6497,0.061714035
6498,0.06141029
6499,0.056412425
6500,0.05575065
6501,0.06538048
6502,0.050930668
6503,0.040824395
6504,0.047737684
6505,0.03578458
6506,0.029209534
6507,0.039258055
6508,0.041903514
6509,0.053477738
6510,0.07722181
6511,0.078407675
6512,0.111981936
6513,0.2688503
6514,0.5066313
6515,0.08423669
6516,0.061660785
6517,0.07433439
6518,0.07469242
6519,0.07787979
6520,0.043957923
6521,0.06361729
6522,0.06427906
6523,0.0635414
6524,0.0635414
6525,0.07795676
6526,0.061630525
6527,0.07369833
6528,0.06655759
6529,0.04259772
6530,0.046027627
6531,0.047563057
6532,0.042424683
6533,0.051042907
6534,0.051042907
6535,0.03062212
6536,0.038372964
6537,0.03964713
6538,0.07531175
6539,0.077327214
6540,0.08067371
6541,0.1138414
6542,0.51521033
6543,0.12447702
6544,0.08262897
6545,0.061660785
6546,0.074398614
6547,0.07550888
6548,0.06970479
6549,0.04366411
6550,0.063945964
6551,0.06426528
6552,0.0635414
6553,0.064980894
6554,0.061630525
6555,0.066113584
6556,0.06657672
6557,0.04260912
6558,0.046027627
6559,0.047563057
6560,0.05119603
6561,0.036617614
6562,0.034557395
6563,0.03744691
6564,0.07441056
6565,0.0698293
6566,0.109358214
6567,0.5344809
6568,0.10372204
6569,0.084256776
6570,0.06113294
6571,0.0844731
6572,0.076211564
6573,0.07711657
6574,0.06970479
6575,0.043957923
6576,0.06409497
6577,0.26328292
6578,0.061167385
6579,0.07416146
6580,0.066113584
6581,0.078968436
6582,0.047563057
6583,0.03334624
6584,0.03744691
6585,0.036663637
6586,0.06623902
6587,0.07801578
6588,0.10989316
6589,0.5223473
6590,0.10545639
6591,0.08423669
6592,0.4720656
6593,0.08465587
6594,0.26221782
6595,0.26390678
6596,0.07010464
6597,0.041923292
6598,0.06409497
6599,0.07399213
6600,0.07418909
6601,0.0798782
6602,0.078968436
6603,0.04761235
6604,0.042424683
6605,0.037680417
6606,0.042185854
6607,0.043202635
6608,0.08444069
6609,0.08294694
6610,0.09173549
6611,0.09173549
6612,0.08560978
6613,0.08607336
6614,0.088752836
6615,0.11239578
6616,0.14001186
6617,0.26505223
6618,0.1006272
6619,0.05883494
6620,0.057579428
6621,0.06072827
6622,0.060792487
6623,0.090295605
6624,0.6960558
6625,0.0798782
6626,0.078968436
6627,0.4763578
6628,0.27206343
6629,0.042957455
6630,0.03597083
6631,0.037680417
6632,0.04532946
6633,0.053523056
6634,0.25328702
6635,0.24799912
6636,0.092263296
6637,0.085545555
6638,0.2620519
6639,0.089236505
6640,0.11367942
6641,0.13961202
6642,0.481683
6643,0.09341138
6644,0.05883494
6645,0.05883494
6646,0.06114915
6647,0.060018457
6648,0.7037668
6649,0.77910304
6650,0.07911661
6651,0.0798782
6652,0.45061022
6653,0.04201427
6654,0.042424683
6655,0.26728407
6656,0.036524005
6657,0.05432676
6658,0.053587273
6659,0.07558403
6660,0.079515524
6661,0.4660229
6662,0.0840739
6663,0.08568162
6664,0.26677433
6665,0.11235385
6666,0.26157254
6667,0.5236632
6668,0.27814278
6669,0.112627946
6670,0.59112304
6671,0.2907981
6672,0.7821436
6673,0.75765616
6674,0.49345773
6675,0.0798782
6676,0.07982837
6677,0.08076576
6678,0.054170456
6679,0.055829726
6680,0.038984377
6681,0.03980724
6682,0.062588386
6683,0.076293364
6684,0.0894229
6685,0.08988648
6686,0.08568162
6687,0.08921642
6688,0.11187279
6689,0.0530298
6690,0.11837253
6691,0.27051455
6692,0.09386701
6693,0.041128155
6694,0.056009177
6695,0.11292175
6696,0.048808582
6697,0.27945003
6698,0.68520916
6699,0.79753333
6700,0.48077747
6701,0.08010283
6702,0.07982837
6703,0.042577807
6704,0.05542279
6705,0.26764894
6706,0.038984377
6707,0.038804263
6708,0.03635271
6709,0.0530298
6710,0.054303683
6711,0.054303683
6712,0.06485834
6713,0.06490509
6714,0.26844522
6715,0.088074826
6716,0.10910281
6717,0.109272584
6718,0.109272584
6719,0.08873312
6720,0.07926482
6721,0.08380696
6722,0.25865066
6723,0.06924649
6724,0.096402936
6725,0.09578276
6726,0.082859814
6727,0.2640874
6728,0.8753348
6729,0.7673008
6730,0.8245888
6731,0.058945403
6732,0.25979108
6733,0.06970463
6734,0.28374138
6735,0.085555956
6736,0.2592278
6737,0.057389464
6738,0.057389464
6739,0.0530298
6740,0.054303683
6741,0.054303683
6742,0.24989864
6743,0.06490509
6744,0.5683333
6745,0.27072567
6746,0.10910281
6747,0.109513156
6748,0.108163744
6749,0.08823377
6750,0.08318077
6751,0.083853714
6752,0.06884664
6753,0.095744036
6754,0.096008494
6755,0.08315121
6756,0.090079285
6757,0.052379124
6758,0.86337024
6759,0.8190208
6760,0.81815845
6761,0.0584296
6762,0.057696745
6763,0.2575243
6764,0.061029002
6765,0.08708105
6766,0.08427198
6767,0.044099543
6768,0.0530298
6769,0.054303683
6770,0.0342583
6771,0.06490509
6772,0.05673191
6773,0.58915126
6774,0.5803455
6775,0.108809
6776,0.10874478
6777,0.09579344
6778,0.1296197
6779,0.08802996
6780,0.4831754
6781,0.06882752
6782,0.06906369
6783,0.082859814
6784,0.08315121
6785,0.090079285
6786,0.074747294
6787,0.08131345
6788,0.696311
6789,0.53910524
6790,0.2729626
6791,0.05666189
6792,0.07108952
6793,0.06942479
6794,0.06020596
6795,0.25749648
6796,0.084974036
6797,0.05800642
6798,0.054303683
6799,0.034721907
6800,0.05658051
6801,0.05719552
6802,0.26335818
6803,0.64454454
6804,0.49138972
6805,0.27568275
6806,0.13072854
6807,0.1309589
6808,0.2578043
6809,0.47904995
6810,0.2569393
6811,0.068201326
6812,0.08313208
6813,0.0831985
6814,0.09014351
6815,0.07566393
6816,0.08182926
6817,0.2801381
6818,0.27084422
6819,0.12576085
6820,0.94293106
6821,0.26180887
6822,0.067477815
6823,0.2631613
6824,0.084787786
6825,0.065559655
6826,0.061007585
6827,0.064688325
6828,0.03512779
6829,0.033520065
6830,0.08515283
6831,0.088879324
6832,0.10874478
6833,0.48382708
6834,0.2724512
6835,0.52535194
6836,0.5284013
6837,0.1273559
6838,0.113160454
6839,0.2978909
6840,0.074747294
6841,0.075160384
6842,0.075160384
6843,0.5263859
6844,0.26407024
6845,0.051262405
6846,0.60091126
6847,0.6015828
6848,0.062407408
6849,0.06609746
6850,0.07255005
6851,0.061829276
6852,0.061816018
6853,0.034194082
6854,0.03466418
6855,0.034599964
6856,0.08515283
6857,0.08870298
6858,0.109513156
6859,0.109272584
6860,0.5794749
6861,0.6487316
6862,0.54268456
6863,0.5429206
6864,0.47331616
6865,0.10472006
6866,0.07468307
6867,0.07464458
6868,0.075160384
6869,0.12571637
6870,0.105027154
6871,0.05074336
6872,0.06794912
6873,0.06353057
6874,0.062407408
6875,0.06609746
6876,0.0723638
6877,0.06346203
6878,0.044428565
6879,0.043912757
6880,0.030243935
6881,0.030243935
6882,0.088656224
6883,0.088239394
6884,0.109272584
6885,0.26455075
6886,0.2671841
6887,0.54250056
6888,0.7239533
6889,0.7622419
6890,0.46113735
6891,0.09567981
6892,0.07566393
6893,0.075644806
6894,0.075160384
6895,0.07417952
6896,0.10606201
6897,0.05151715
6898,0.6357812
6899,0.2755757
6900,0.057239994
6901,0.074974775
6902,0.06162686
6903,0.06346203
6904,0.084899366
6905,0.044099543
6906,0.058489505
6907,0.029628927
6908,0.030243935
6909,0.08870298
6910,0.08817517
6911,0.109272584
6912,0.4820851
6913,0.6599104
6914,0.12333569
6915,0.7230507
6916,0.5172014
6917,0.4631301
6918,0.095744036
6919,0.07566393
6920,0.07453755
6921,0.0853624
6922,0.051778216
6923,0.051964466
6924,0.06441741
6925,0.06165884
6926,0.36985144
6927,0.2835854
6928,0.42415705
6929,0.061946798
6930,0.064362004
6931,0.080998234
6932,0.065407224
6933,0.06504073
6934,0.07137467
6935,0.064860955
6936,0.062477723
6937,0.2651323
6938,0.6073791
6939,0.57067317
6940,0.57683575
6941,0.24691987
6942,0.4545279
6943,0.08656031
6944,0.09025555
6945,0.03934683
6946,0.05725972
6947,0.05298162
6948,0.07140928
6949,0.07918317
6950,0.08454461
6951,0.04497964
6952,0.41445333
6953,0.050449822
6954,0.052343305
6955,0.41537791
6956,0.07629643
6957,0.06490509
6958,0.06383441
6959,0.10450012
6960,0.2513366
6961,0.06372355
6962,0.2736995
6963,0.26858175
6964,0.08339014
6965,0.08918208
6966,0.04022818
6967,0.05237796
6968,0.052420866
6969,0.05126984
6970,0.05285016
6971,0.07192508
6972,0.07988522
6973,0.042488463
6974,0.04259658
6975,0.25896877
6976,0.051166005
6977,0.076315284
6978,0.06701651
6979,0.06336061
6980,0.09666418
6981,0.05100718
6982,0.06342897
6983,0.0633132
6984,0.07621047
6985,0.076019794
6986,0.47575876
6987,0.4830021
6988,0.09071838
6989,0.052621473
6990,0.052420866
6991,0.053683676
6992,0.05054802
6993,0.07969897
6994,0.08577008
6995,0.04354106
6996,0.05075738
6997,0.050449822
6998,0.03567064
6999,0.046491545
7000,0.06383441
7001,0.09666418
7002,0.3797355
7003,0.06342897
7004,0.07531564
7005,0.040240552
7006,0.09175503
7007,0.48849973
7008,0.08940873
7009,0.03934683
7010,0.05313728
7011,0.052621473
7012,0.053497426
7013,0.051111557
7014,0.05059355
7015,0.26935908
7016,0.08488608
7017,0.055897016
7018,0.05046599
7019,0.25600132
7020,0.04435494
7021,0.050891396
7022,0.06865796
7023,0.05993866
7024,0.040240552
7025,0.038971588
7026,0.052944012
7027,0.058290355
7028,0.27537578
7029,0.06643966
7030,0.05023845
7031,0.049127836
7032,0.051111557
7033,0.07110959
7034,0.07083549
7035,0.263621
7036,0.06513102
7037,0.24952753
7038,0.0635302
7039,0.06379082
7040,0.03393395
7041,0.039269347
7042,0.073021404
7043,0.25535116
7044,0.050910547
7045,0.06714881
7046,0.050891396
7047,0.08690637
7048,0.06055367
7049,0.039828938
7050,0.039625544
7051,0.28292206
7052,0.56828773
7053,0.26587972
7054,0.06650388
7055,0.04164048
7056,0.0504247
7057,0.05023845
7058,0.04947913
7059,0.04947913
7060,0.071871564
7061,0.07205781
7062,0.7112836
7063,0.06499324
7064,0.06461522
7065,0.0635302
7066,0.0635302
7067,0.036607753
7068,0.03661415
7069,0.080594465
7070,0.38786408
7071,0.04435494
7072,0.077500485
7073,0.04744471
7074,0.08034903
7075,0.06055367
7076,0.068114474
7077,0.033209532
7078,0.05619848
7079,0.042948324
7080,0.042066973
7081,0.039640643
7082,0.05023845
7083,0.05023845
7084,0.051619805
7085,0.070112005
7086,0.07155955
7087,0.07116311
7088,0.06513102
7089,0.063824005
7090,0.062353536
7091,0.0637299
7092,0.036460638
7093,0.07436418
7094,0.49610305
7095,0.078642964
7096,0.054360185
7097,0.04763096
7098,0.06055367
7099,0.06806772
7100,0.033209532
7101,0.2826454
7102,0.042156287
7103,0.05023845
7104,0.070857495
7105,0.07067555
7106,0.071227334
7107,0.06314355
7108,0.06468362
7109,0.064944245
7110,0.041741002
7111,0.07650153
7112,0.5342533
7113,0.07756471
7114,0.050288092
7115,0.04744471
7116,0.059635468
7117,0.031655904
7118,0.03544945
7119,0.03290377
7120,0.043156765
7121,0.045515694
7122,0.021245979
7123,0.054496553
7124,0.05390651
7125,0.066079
7126,0.06893455
7127,0.040670455
7128,0.041078005
7129,0.034353923
7130,0.036103804
7131,0.2362311
7132,0.24919109
7133,0.08708295
7134,0.06577778
7135,0.03277749
7136,0.03200198
7137,0.026315127
7138,0.035370685
7139,0.036694814
7140,0.023155198
7141,0.023155198
7142,0.022810254
7143,0.020551503
7144,0.022952532
7145,0.022362487
7146,0.057818353
7147,0.050316844
7148,0.06893455
7149,0.06980465
7150,0.04014369
7151,0.06339037
7152,0.056595456
7153,0.06828688
7154,0.02702841
7155,0.036511377
7156,0.03387902
7157,0.043656085
7158,0.037586898
7159,0.021266574
7160,0.047631163
7161,0.023212172
7162,0.021245979
7163,0.051638525
7164,0.052154332
7165,0.040670455
7166,0.03964437
7167,0.03481647
7168,0.06324836
7169,0.06944311
7170,0.065268874
7171,0.06936231
7172,0.026166448
7173,0.03544945
7174,0.03290377
7175,0.041763484
7176,0.03667587
7177,0.022635376
7178,0.023274481
7179,0.022563653
7180,0.022952532
7181,0.022952532
7182,0.048965886
7183,0.050225317
7184,0.041078005
7185,0.036103804
7186,0.06944311
7187,0.06944311
7188,0.061301623
7189,0.022934612
7190,0.03743566
7191,0.025857806
7192,0.027081601
7193,0.028222905
7194,0.045793675
7195,0.022952532
7196,0.04380821
7197,0.041970722
7198,0.070441835
7199,0.06624775
7200,0.035844162
7201,0.03723011
7202,0.035337776
7203,0.036484573
7204,0.032054972
7205,0.03034621
7206,0.03667587
7207,0.029735519
7208,0.028013544
7209,0.028222905
7210,0.047115356
7211,0.022952532
7212,0.023448348
7213,0.021245979
7214,0.041970722
7215,0.07204394
7216,0.065221645
7217,0.034138076
7218,0.08698766
7219,0.030553725
7220,0.019376805
7221,0.026449865
7222,0.026449865
7223,0.028674737
7224,0.028577078
7225,0.022952532
7226,0.021245979
7227,0.042264536
7228,0.04380821
7229,0.054496553
7230,0.053980745
7231,0.052154332
7232,0.07204394
7233,0.06665529
7234,0.087199114
7235,0.02098808
7236,0.038834006
7237,0.040576793
7238,0.039137684
7239,0.04542506
7240,0.042473037
7241,0.062902175
7242,0.064796895
7243,0.055698674
7244,0.0530273
7245,0.033800688
7246,0.039423596
7247,0.07280645
7248,0.06473267
7249,0.05384243
7250,0.052758366
7251,0.05288288
7252,0.063561335
7253,0.09436024
7254,0.08395352
7255,0.26847827
7256,0.47690153
7257,0.059861735
7258,0.059861735
7259,0.2652493
7260,0.07196469
7261,0.48989016
7262,0.08549372
7263,0.06233906
7264,0.065178014
7265,0.059034288
7266,0.057466414
7267,0.03648846
7268,0.040698953
7269,0.040698953
7270,0.082335584
7271,0.07130553
7272,0.4993694
7273,0.0999622
7274,0.0626816
7275,0.059861735
7276,0.058779754
7277,0.05598621
7278,0.03648846
7279,0.037251685
7280,0.04068518
7281,0.039308403
7282,0.045904834
7283,0.044904437
7284,0.039414976
7285,0.06802846
7286,0.06982724
7287,0.4232783
7288,0.4223698
7289,0.06470264
7290,0.06384959
7291,0.27511418
7292,0.057466414
7293,0.037251685
7294,0.040698953
7295,0.040140748
7296,0.044904437
7297,0.062588386
7298,0.4644171
7299,0.09257956
7300,0.5096701
7301,0.5094082
7302,0.07359319
7303,0.07379145
7304,0.46505857
7305,0.046054438
7306,0.25938004
7307,0.057998076
7308,0.05233884
7309,0.051487226
7310,0.064944245
7311,0.27973065
7312,0.093711175
7313,0.093711175
7314,0.07479184
7315,0.07828977
7316,0.4559454
7317,0.048278365
7318,0.047802705
7319,0.04257997
7320,0.057049517
7321,0.052108575
7322,0.04211562
7323,0.061613683
7324,0.061890975
7325,0.07580605
7326,0.07571819
7327,0.2592337
7328,0.076249205
7329,0.07775879
7330,0.04886911
7331,0.052274622
7332,0.04278329
7333,0.46038345
7334,0.07192446
7335,0.07479184
7336,0.46515504
7337,0.48327416
7338,0.04885534
7339,0.04836091
7340,0.043232728
7341,0.043906946
7342,0.064944245
7343,0.064944245
7344,0.07174337
7345,0.05974529
7346,0.059136886
7347,0.07769826
7348,0.28467372
7349,0.486973
7350,0.051545292
7351,0.050717846
7352,0.043232728
7353,0.043093212
7354,0.068262346
7355,0.04278329
7356,0.05564414
7357,0.05599903
7358,0.2606997
7359,0.06842669
7360,0.051019575
7361,0.048549544
7362,0.057596587
7363,0.05909013
7364,0.07667682
7365,0.07775879
7366,0.49849895
7367,0.051545292
7368,0.04935606
7369,0.050717846
7370,0.042978194
7371,0.0680621
7372,0.06855615
7373,0.05935478
7374,0.061714035
7375,0.05575065
7376,0.05575065
7377,0.06785351
7378,0.070420586
7379,0.050930668
7380,0.04094852
7381,0.04284224
7382,0.029868688
7383,0.029868688
7384,0.029209534
7385,0.070673876
7386,0.070673876
7387,0.28215382
7388,0.07100469
7389,0.09264623
7390,0.057725687
7391,0.053004116
7392,0.037375998
7393,0.03709094
7394,0.05188211
7395,0.051545292
7396,0.04929184
7397,0.051545292
7398,0.073438756
7399,0.27328515
7400,0.057590526
7401,0.057590526
7402,0.06315354
7403,0.061116476
7404,0.056412425
7405,0.056351896
7406,0.06785351
7407,0.050304703
7408,0.04094852
7409,0.04115094
7410,0.048952024
7411,0.029365532
7412,0.029868688
7413,0.029868688
7414,0.070673876
7415,0.07742606
7416,0.09416234
7417,0.09264623
7418,0.26501974
7419,0.058502115
7420,0.058502115
7421,0.035671264
7422,0.069212146
7423,0.05389426
7424,0.051545292
7425,0.07422788
7426,0.07133159
7427,0.5238185
7428,0.05739503
7429,0.058665745
7430,0.06211388
7431,0.056412425
7432,0.05575065
7433,0.06803976
7434,0.050930668
7435,0.04094852
7436,0.048952024
7437,0.04312493
7438,0.036288492
7439,0.029868688
7440,0.041484058
7441,0.03964713
7442,0.057457253
7443,0.25681004
7444,0.07616887
7445,0.10914521
7446,0.4465533
7447,0.5040214
7448,0.08377311
7449,0.061197158
7450,0.074398614
7451,0.07433439
7452,0.07787979
7453,0.09388079
7454,0.04439503
7455,0.06427906
7456,0.063362755
7457,0.0635414
7458,0.0635414
7459,0.07836468
7460,0.061630525
7461,0.07456131
7462,0.06657672
7463,0.041679785
7464,0.046027627
7465,0.04726273
7466,0.042424683
7467,0.051042907
7468,0.051131815
7469,0.034392096
7470,0.038695693
7471,0.038941216
7472,0.07619086
7473,0.073614344
7474,0.08067371
7475,0.11388815
7476,0.2640584
7477,0.12374336
7478,0.08423669
7479,0.06102643
7480,0.07433439
7481,0.069235384
7482,0.043957923
7483,0.06533971
7484,0.06427906
7485,0.063717045
7486,0.061630525
7487,0.066113584
7488,0.06657672
7489,0.04284224
7490,0.046027627
7491,0.04749884
7492,0.04251359
7493,0.051131815
7494,0.038804263
7495,0.035958458
7496,0.03744691
7497,0.03712286
7498,0.06623902
7499,0.07273866
7500,0.11388815
7501,0.5202237
7502,0.104671046
7503,0.08370888
7504,0.06113294
7505,0.08518368
7506,0.07667194
7507,0.07741038
7508,0.069037125
7509,0.06409497
7510,0.2649453
7511,0.061630525
7512,0.07369833
7513,0.066113584
7514,0.080278054
7515,0.045862
7516,0.042259056
7517,0.03623575
7518,0.039164633
7519,0.03661043
7520,0.06904633
7521,0.08001271
7522,0.11444643
7523,0.53305745
7524,0.10545639
7525,0.083038144
7526,0.45574567
7527,0.08518368
7528,0.25734666
7529,0.26215705
7530,0.06970479
7531,0.041486185
7532,0.06395485
7533,0.063894324
7534,0.07418909
7535,0.0735352
7536,0.0798782
7537,0.0798782
7538,0.042424683
7539,0.040337574
7540,0.037680417
7541,0.037751295
7542,0.08505573
7543,0.07391257
7544,0.092263296
7545,0.092263296
7546,0.08607336
7547,0.08560978
7548,0.08921642
7549,0.11248087
7550,0.13884883
7551,0.26505223
7552,0.101790264
7553,0.057071105
7554,0.059234787
7555,0.059435252
7556,0.08838671
7557,0.6982683
7558,0.0798782
7559,0.0798782
7560,0.46463367
7561,0.27018878
7562,0.041908875
7563,0.042424683
7564,0.036402002
7565,0.036646523
7566,0.042185854
7567,0.053534064
7568,0.08444069
7569,0.076293364
7570,0.27037275
7571,0.08540393
7572,0.26329163
7573,0.2605859
7574,0.111932196
7575,0.26358584
7576,0.4838054
7577,0.09311757
7578,0.057429135
7579,0.06072827
7580,0.059789546
7581,0.2822193
7582,0.80588686
7583,0.07990583
7584,0.080278054
7585,0.46663216
7586,0.041908875
7587,0.042424683
7588,0.2680755
7589,0.03635271
7590,0.037403125
7591,0.053523056
7592,0.053587273
7593,0.0689874
7594,0.07655299
7595,0.270689
7596,0.08568162
7597,0.085218035
7598,0.26440418
7599,0.11187279
7600,0.120248124
7601,0.51415783
7602,0.09311757
7603,0.04119237
7604,0.28290355
7605,0.58338463
7606,0.29017866
7607,0.79264927
7608,0.78302336
7609,0.27997664
7610,0.07990583
7611,0.080738135
7612,0.08012217
7613,0.056015976
7614,0.038804263
7615,0.037680417
7616,0.055301454
7617,0.062588386
7618,0.088687934
7619,0.08935867
7620,0.08515381
7621,0.088752836
7622,0.11187279
7623,0.052360334
7624,0.11943446
7625,0.27671587
7626,0.09382026
7627,0.040475402
7628,0.057429135
7629,0.27111477
7630,0.046562638
7631,0.27956215
7632,0.7164622
7633,0.81785685
7634,0.48638305
7635,0.08012217
7636,0.080738135
7637,0.054686263
7638,0.267487
7639,0.038804263
7640,0.036172595
7641,0.054303683
7642,0.05357
7643,0.064377286
7644,0.064715974
7645,0.5296153
7646,0.087657996
7647,0.10944893
7648,0.108809
7649,0.109272584
7650,0.105733305
7651,0.07982837
7652,0.25846362
7653,0.2569393
7654,0.06884664
7655,0.09567981
7656,0.27570087
7657,0.08313208
7658,0.08315121
7659,0.86043644
7660,0.7176174
7661,0.81815845
7662,0.057882994
7663,0.05743568
7664,0.26079765
7665,0.069188826
7666,0.086379
7667,0.087333396
7668,0.2560351
7669,0.056873657
7670,0.058922775
7671,0.0530298
7672,0.054256927
7673,0.053840075
7674,0.064813085
7675,0.064735316
7676,0.52097917
7677,0.2695073
7678,0.26530412
7679,0.109272584
7680,0.109272584
7681,0.10614365
7682,0.08259756
7683,0.082852095
7684,0.06924649
7685,0.067936875
7686,0.09618588
7687,0.09550793
7688,0.08313208
7689,0.09037068
7690,0.051383693
7691,0.85395133
7692,0.7964061
7693,0.80856663
7694,0.057696745
7695,0.057161212
7696,0.59259135
7697,0.06154481
7698,0.0868948
7699,0.08427198
7700,0.052983046
7701,0.054303683
7702,0.034721907
7703,0.06454964
7704,0.056495834
7705,0.56546754
7706,0.54794323
7707,0.109272584
7708,0.108809
7709,0.1054395
7710,0.2632883
7711,0.08838799
7712,0.48996785
7713,0.06787265
7714,0.067936875
7715,0.08315121
7716,0.08315121
7717,0.09037068
7718,0.07390135
7719,0.082031675
7720,0.6891972
7721,0.5218426
7722,0.26736075
7723,0.05751924
7724,0.07058419
7725,0.069188826
7726,0.06154481
7727,0.2560865
7728,0.08360181
7729,0.057389464
7730,0.053840075
7731,0.053775858
7732,0.034721907
7733,0.05673191
7734,0.056840047
7735,0.26275423
7736,0.6330552
7737,0.47264686
7738,0.2693014
7739,0.13072854
7740,0.13091797
7741,0.26211238
7742,0.46940628
7743,0.06884664
7744,0.06821134
7745,0.08315121
7746,0.08260528
7747,0.090398304
7748,0.07514813
7749,0.08135795
7750,0.767813
7751,0.26382226
7752,0.12500459
7753,0.94543356
7754,0.07133431
7755,0.067477815
7756,0.059969846
7757,0.08441694
7758,0.06609746
7759,0.057389464
7760,0.24951288
7761,0.03466418
7762,0.03512779
7763,0.08515283
7764,0.08870298
7765,0.2628286
7766,0.5192397
7767,0.27318472
7768,0.52642024
7769,0.5517192
7770,0.12618476
7771,0.113160454
7772,0.47138956
7773,0.07514813
7774,0.07514813
7775,0.07518801
7776,0.075160384
7777,0.5494355
7778,0.9106866
7779,0.051262405
7780,0.6005809
7781,0.5972804
7782,0.06558166
7783,0.07463609
7784,0.06162686
7785,0.064125896
7786,0.0342583
7787,0.03466418
7788,0.03466418
7789,0.08498305
7790,0.08817517
7791,0.10946201
7792,0.109513156
7793,0.52090853
7794,0.660533
7795,0.60439175
7796,0.55593455
7797,0.47923833
7798,0.1048681
7799,0.07492559
7800,0.07367842
7801,0.07518801
7802,0.075160384
7803,0.28092757
7804,0.105546206
7805,0.046112
7806,0.067899406
7807,0.0639016
7808,0.062229905
7809,0.06872778
7810,0.07256622
7811,0.06397783
7812,0.044630982
7813,0.043583736
7814,0.030074144
7815,0.030243935
7816,0.0885332
7817,0.08894355
7818,0.109272584
7819,0.26565957
7820,0.26869932
7821,0.53248686
7822,0.71812093
7823,0.6762595
7824,0.28492826
7825,0.09603784
7826,0.074428536
7827,0.07566393
7828,0.075160384
7829,0.075160384
7830,0.10606201
7831,0.051778216
7832,0.0513069
7833,0.0639016
7834,0.6156665
7835,0.2711696
7836,0.05730421
7837,0.071992956
7838,0.061946798
7839,0.06397783
7840,0.08183398
7841,0.04504552
7842,0.07228411
7843,0.06163698
7844,0.029780328
7845,0.088879324
7846,0.08870298
7847,0.10890237
7848,0.49406645
7849,0.69764036
7850,0.28216553
7851,0.7102283
7852,0.51884997
7853,0.45370835
7854,0.096213505
7855,0.07566393
7856,0.075160384
7857,0.085827455
7858,0.050550617
7859,0.051778216
7860,0.0639461
7861,0.06259365
7862,0.40441102
7863,0.28436178
7864,0.44233695
7865,0.06162686
7866,0.067363165
7867,0.08170029
7868,0.06547145
7869,0.07076147
7870,0.058489505
7871,0.06490509
7872,0.06358553
7873,0.25721687
7874,0.60751396
7875,0.5293792
7876,0.5062437
7877,0.063019395
7878,0.44565535
7879,0.08572043
7880,0.09025555
7881,0.040974766
7882,0.038920335
7883,0.052607115
7884,0.053497426
7885,0.05298162
7886,0.07116311
7887,0.078937
7888,0.085068025
7889,0.04275406
7890,0.062276717
7891,0.050650198
7892,0.051471006
7893,0.45665702
7894,0.07629643
7895,0.06490509
7896,0.06329172
7897,0.06383441
7898,0.10427425
7899,0.25046504
7900,0.0633132
7901,0.45362407
7902,0.26929298
7903,0.08549545
7904,0.09027468
7905,0.04024435
7906,0.052123427
7907,0.052623283
7908,0.052716877
7909,0.053497426
7910,0.07152114
7911,0.07969897
7912,0.041820165
7913,0.43256706
7914,0.05075738
7915,0.07501836
7916,0.076374196
7917,0.066889174
7918,0.06383441
7919,0.09666418
7920,0.05070572
7921,0.06342897
7922,0.06342897
7923,0.0751449
7924,0.0751449
7925,0.48263893
7926,0.48849973
7927,0.09052896
7928,0.039436143
7929,0.052511014
7930,0.051205624
7931,0.053699844
7932,0.07969897
7933,0.08482186
7934,0.045254108
7935,0.05075738
7936,0.05046599
7937,0.050569933
7938,0.036607753
7939,0.046007577
7940,0.045853466
7941,0.06383441
7942,0.09666418
7943,0.37765524
7944,0.0633132
7945,0.063019395
7946,0.07531564
7947,0.04017506
7948,0.09062141
7949,0.49420622
7950,0.09052896
7951,0.038920335
7952,0.05313728
7953,0.05326351
7954,0.05110936
7955,0.2721688
7956,0.085068025
7957,0.051051192
7958,0.050449822
7959,0.051840734
7960,0.0448404
7961,0.05100718
7962,0.08690637
7963,0.06055367
7964,0.040240552
7965,0.039828938
7966,0.05786108
7967,0.059399292
7968,0.27476612
7969,0.06616967
7970,0.04947913
7971,0.050042696
7972,0.07135576
7973,0.0713733
7974,0.26924145
7975,0.06513102
7976,0.06513102
7977,0.063824005
7978,0.06379082
7979,0.04124482
7980,0.032310918
7981,0.08073702
7982,0.07969836
7983,0.05281926
7984,0.066889174
7985,0.05100718
7986,0.08690637
7987,0.06055367
7988,0.040240552
7989,0.040240552
7990,0.27921557
7991,0.5664066
7992,0.2620579
7993,0.06650388
7994,0.041310694
7995,0.05023845
7996,0.05023845
7997,0.049543347
7998,0.050440867
7999,0.07117382
8000,0.07110959
8001,0.7577889
8002,0.07061133
8003,0.06570257
8004,0.06531727
8005,0.0635302
8006,0.06379082
8007,0.03531084
8008,0.037807632
8009,0.073021404
8010,0.42330703
8011,0.046491545
8012,0.07840679
8013,0.05037904
8014,0.0469289
8015,0.08690637
8016,0.06078401
8017,0.068114474
8018,0.033209532
8019,0.058290355
8020,0.042066973
8021,0.042002756
8022,0.039436143
8023,0.049543347
8024,0.051863316
8025,0.071575716
8026,0.07035679
8027,0.07116311
8028,0.06534454
8029,0.06399324
8030,0.06379082
8031,0.064944245
8032,0.039083097
8033,0.03582847
8034,0.076315284
8035,0.50791126
8036,0.07762362
8037,0.050910547
8038,0.05078741
8039,0.047943622
8040,0.06366405
8041,0.068114474
8042,0.53142625
8043,0.04164048
8044,0.051619805
8045,0.07104713
8046,0.0721275
8047,0.06327502
8048,0.064541765
8049,0.064944245
8050,0.036166824
8051,0.07686021
8052,0.5227975
8053,0.07937398
8054,0.050910547
8055,0.05281926
8056,0.0469289
8057,0.032486048
8058,0.026315127
8059,0.03617833
8060,0.26950684
8061,0.04763096
8062,0.053980745
8063,0.053099565
8064,0.06618352
8065,0.06980465
8066,0.041078005
8067,0.034647737
8068,0.24960557
8069,0.2503746
8070,0.08995592
8071,0.06406806
8072,0.028331134
8073,0.03147526
8074,0.026504545
8075,0.035370685
8076,0.03290377
8077,0.04626602
8078,0.023341449
8079,0.021413257
8080,0.021413257
8081,0.021686478
8082,0.021980293
8083,0.021686478
8084,0.053980745
8085,0.052340582
8086,0.06980465
8087,0.06913771
8088,0.06271684
8089,0.06663261
8090,0.065268874
8091,0.032224156
8092,0.026814437
8093,0.036575593
8094,0.03290377
8095,0.035912134
8096,0.022810254
8097,0.047285907
8098,0.022952532
8099,0.050438594
8100,0.05105116
8101,0.040606238
8102,0.035328355
8103,0.0630621
8104,0.06593492
8105,0.07024835
8106,0.026315127
8107,0.026520621
8108,0.03617833
8109,0.03290377
8110,0.043656085
8111,0.035912134
8112,0.022810254
8113,0.022996506
8114,0.022952532
8115,0.022952532
8116,0.049727794
8117,0.041337647
8118,0.06944311
8119,0.0692023
8120,0.065337926
8121,0.03443864
8122,0.026268369
8123,0.036141794
8124,0.026131118
8125,0.029529665
8126,0.04611132
8127,0.021745266
8128,0.042216044
8129,0.043292403
8130,0.07197972
8131,0.065466434
8132,0.036698606
8133,0.032399468
8134,0.030553725
8135,0.03667587
8136,0.02622406
8137,0.028452562
8138,0.047631163
8139,0.023212172
8140,0.022428393
8141,0.04380821
8142,0.07172518
8143,0.06665529
8144,0.08995592
8145,0.02082841
8146,0.02622406
8147,0.02622406
8148,0.02904693
8149,0.028577078
8150,0.022952532
8151,0.022952532
8152,0.023138784
8153,0.044067852
8154,0.050067253
8155,0.07197972
8156,0.066079
8157,0.06624775
8158,0.039547425
8159,0.09014217
8160,0.089440115
8161,0.020391095
8162,0.038999535
8163,0.072834976
8164,0.051610578
8165,0.052814294
8166,0.06311088
8167,0.060960505
8168,0.05268978
8169,0.060960505
8170,0.06349275
8171,0.08537193
8172,0.09429166
8173,0.26485386
8174,0.49308085
8175,0.26768708
8176,0.066897735
8177,0.2799592
8178,0.27327147
8179,0.2649544
8180,0.06200893
8181,0.059779376
8182,0.0589657
8183,0.057384055
8184,0.0573373
8185,0.037183102
8186,0.039867137
8187,0.26692984
8188,0.063628465
8189,0.54936355
8190,0.28214857
8191,0.063425794
8192,0.05912548
8193,0.26812112
8194,0.057397828
8195,0.037183102
8196,0.040630367
8197,0.040630367
8198,0.045305267
8199,0.045836248
8200,0.037829146
8201,0.071236946
8202,0.071896106
8203,0.47035503
8204,0.4238372
8205,0.06309185
8206,0.0644458
8207,0.28617766
8208,0.26856804
8209,0.057397828
8210,0.04016095
8211,0.040616594
8212,0.045836248
8213,0.060805608
8214,0.081774525
8215,0.45881197
8216,0.09364259
8217,0.09364259
8218,0.49570605
8219,0.07419228
8220,0.0741785
8221,0.48080054
8222,0.047955245
8223,0.47862437
8224,0.06075911
8225,0.052270252
8226,0.052270252
8227,0.064627826
8228,0.09437104
8229,0.075290404
8230,0.09331855
8231,0.09319553
8232,0.045836248
8233,0.07342906
8234,0.077690214
8235,0.46747404
8236,0.048800524
8237,0.043320034
8238,0.05931962
8239,0.051594287
8240,0.052564066
8241,0.042714704
8242,0.058819722
8243,0.06182239
8244,0.076399535
8245,0.07633531
8246,0.071998246
8247,0.46396723
8248,0.076862775
8249,0.048273996
8250,0.05141864
8251,0.06488845
8252,0.45782167
8253,0.07298435
8254,0.074367926
8255,0.47508433
8256,0.076927
8257,0.051876552
8258,0.049287472
8259,0.048548464
8260,0.04856781
8261,0.043024626
8262,0.05119438
8263,0.04270093
8264,0.0650747
8265,0.07187522
8266,0.060685363
8267,0.07767643
8268,0.07581019
8269,0.48750737
8270,0.051462933
8271,0.043024626
8272,0.07285339
8273,0.04311455
8274,0.05634384
8275,0.05634384
8276,0.26086617
8277,0.06920799
8278,0.051146924
8279,0.072045
8280,0.05934559
8281,0.05472161
8282,0.076862775
8283,0.076927
8284,0.48643532
8285,0.052103266
8286,0.051476706
8287,0.051476706
8288,0.043024626
8289,0.067993514
8290,0.06819376
8291,0.05784069
8292,0.06172152
8293,0.05574628
8294,0.055682063
8295,0.06681242
8296,0.06669829
8297,0.051407553
8298,0.041425407
8299,0.043601815
8300,0.02941824
8301,0.030710327
8302,0.024762774
8303,0.06953533
8304,0.070328005
8305,0.28066644
8306,0.072045
8307,0.09251342
8308,0.059021544
8309,0.05623687
8310,0.036255434
8311,0.036255434
8312,0.05064926
8313,0.051476706
8314,0.05064926
8315,0.07337017
8316,0.072130926
8317,0.057776473
8318,0.0604085
8319,0.06104789
8320,0.06104789
8321,0.05574628
8322,0.056330066
8323,0.06566459
8324,0.051082708
8325,0.04110056
8326,0.041627824
8327,0.048913103
8328,0.029296946
8329,0.029179519
8330,0.024862379
8331,0.07060529
8332,0.08484437
8333,0.26780522
8334,0.25846043
8335,0.26094684
8336,0.054978255
8337,0.053155847
8338,0.036255434
8339,0.06909681
8340,0.050713476
8341,0.051476706
8342,0.07433003
8343,0.067674756
8344,0.5679383
8345,0.05927242
8346,0.056832906
8347,0.06204529
8348,0.056743685
8349,0.05574628
8350,0.06681242
8351,0.04110056
8352,0.04110056
8353,0.04916828
8354,0.035309717
8355,0.027664874
8356,0.036549028
8357,0.03601343
8358,0.054286886
8359,0.07526795
8360,0.07890734
8361,0.11344936
8362,0.4644428
8363,0.5543842
8364,0.08416811
8365,0.061592188
8366,0.07462384
8367,0.07433003
8368,0.077811204
8369,0.043595526
8370,0.043992873
8371,0.04388934
8372,0.064210474
8373,0.064210474
8374,0.06347283
8375,0.06390674
8376,0.0785899
8377,0.061772447
8378,0.06655732
8379,0.04254734
8380,0.047920004
8381,0.046690762
8382,0.043087818
8383,0.051519793
8384,0.028429933
8385,0.038919386
8386,0.039578542
8387,0.080703534
8388,0.075752065
8389,0.24333276
8390,0.11182829
8391,0.26772767
8392,0.123944856
8393,0.083704524
8394,0.061592188
8395,0.07503272
8396,0.075440295
8397,0.06880877
8398,0.044326447
8399,0.04353131
8400,0.06361293
8401,0.064149946
8402,0.06329417
8403,0.06390674
8404,0.061098795
8405,0.06579404
8406,0.06625718
8407,0.043086007
8408,0.047997773
8409,0.047920004
8410,0.051259164
8411,0.035992656
8412,0.036390014
8413,0.06921076
8414,0.069713965
8415,0.11155532
8416,0.5424555
8417,0.10538781
8418,0.08416811
8419,0.061592188
8420,0.2602923
8421,0.07472331
8422,0.077811204
8423,0.069622435
8424,0.063886285
8425,0.2626443
8426,0.061561942
8427,0.07409288
8428,0.065475285
8429,0.07838958
8430,0.04737101
8431,0.04737101
8432,0.043103985
8433,0.03588987
8434,0.036730807
8435,0.03761183
8436,0.06976072
8437,0.076933436
8438,0.11408094
8439,0.53787607
8440,0.10043946
8441,0.08416811
8442,0.27890715
8443,0.084651515
8444,0.25418738
8445,0.26422212
8446,0.068872996
8447,0.04185471
8448,0.041059572
8449,0.064286135
8450,0.06385565
8451,0.07392355
8452,0.07356552
8453,0.07900554
8454,0.07940539
8455,0.04264094
8456,0.036541842
8457,0.04313405
8458,0.042856757
8459,0.08498715
8460,0.08498715
8461,0.09219471
8462,0.09166691
8463,0.08595803
8464,0.08600478
8465,0.087817445
8466,0.113610834
8467,0.13878024
8468,0.26786807
8469,0.10132183
8470,0.055926647
8471,0.0591662
8472,0.08299442
8473,0.69336975
8474,0.07900554
8475,0.07803155
8476,0.45870668
8477,0.27103347
8478,0.042576723
8479,0.042901568
8480,0.03641584
8481,0.042486534
8482,0.053518686
8483,0.08899238
8484,0.24945119
8485,0.09219471
8486,0.09173113
8487,0.0861942
8488,0.2682301
8489,0.089147836
8490,0.112756506
8491,0.26359096
8492,0.48530233
8493,0.093812205
8494,0.057464086
8495,0.059545312
8496,0.0596212
8497,0.28978688
8498,0.795271
8499,0.078986414
8500,0.07900554
8501,0.4660058
8502,0.04264094
8503,0.042901568
8504,0.3911756
8505,0.03752396
8506,0.053518686
8507,0.054535467
8508,0.07576024
8509,0.07682309
8510,0.5049496
8511,0.08514945
8512,0.085613035
8513,0.26870924
8514,0.112332016
8515,0.27106783
8516,0.5261767
8517,0.2745388
8518,0.04185471
8519,0.2650796
8520,0.2750294
8521,0.08423734
8522,0.77901334
8523,0.77857363
8524,0.4871127
8525,0.078986414
8526,0.08008226
8527,0.08139188
8528,0.042901568
8529,0.057429828
8530,0.05516315
8531,0.039341323
8532,0.03641584
8533,0.03761183
8534,0.053403836
8535,0.062519796
8536,0.0898179
8537,0.089771144
8538,0.085613035
8539,0.0878642
8540,0.11104838
8541,0.052961215
8542,0.12019332
8543,0.2688715
8544,0.27743134
8545,0.04185471
8546,0.056856945
8547,0.115935706
8548,0.04820978
8549,0.29207182
8550,0.7051466
8551,0.8177039
8552,0.48459136
8553,0.08139188
8554,0.080376066
8555,0.0414706
8556,0.055365566
8557,0.4212847
8558,0.03904751
8559,0.03876534
8560,0.0358713
8561,0.052961215
8562,0.054235097
8563,0.05377149
8564,0.06437293
8565,0.06483651
8566,0.53495276
8567,0.08752519
8568,0.10874042
8569,0.109204
8570,0.10850433
8571,0.0909705
8572,0.08099203
8573,0.2598905
8574,0.25590217
8575,0.09599794
8576,0.27610096
8577,0.0834051
8578,0.26888564
8579,0.874138
8580,0.68023795
8581,0.8264371
8582,0.05746344
8583,0.26095372
8584,0.068780266
8585,0.085759126
8586,0.08529666
8587,0.2610252
8588,0.057937127
8589,0.057586804
8590,0.052106876
8591,0.054424517
8592,0.05377149
8593,0.06323283
8594,0.06437293
8595,0.52784556
8596,0.53191876
8597,0.2650118
8598,0.108676195
8599,0.108676195
8600,0.10389705
8601,0.08407998
8602,0.08317021
8603,0.06912816
8604,0.09489181
8605,0.09599794
8606,0.08317793
8607,0.09033318
8608,0.053856637
8609,0.8516601
8610,0.81785613
8611,0.8203759
8612,0.0583738
8613,0.056850877
8614,0.56350535
8615,0.2810031
8616,0.052961215
8617,0.053380758
8618,0.034606565
8619,0.06483651
8620,0.05712693
8621,0.58806145
8622,0.59084064
8623,0.10874042
8624,0.109204
8625,0.0909705
8626,0.13065997
8627,0.08863158
8628,0.4844094
8629,0.25879872
8630,0.06931759
8631,0.0834051
8632,0.08311371
8633,0.09062457
8634,0.07500119
8635,0.08130215
8636,0.76860076
8637,0.27051196
8638,0.27051196
8639,0.05716963
8640,0.07127851
8641,0.06964883
8642,0.06122129
8643,0.08446427
8644,0.08446427
8645,0.057937127
8646,0.053380758
8647,0.054235097
8648,0.034483526
8649,0.057080176
8650,0.05677146
8651,0.261057
8652,0.6365831
8653,0.48481882
8654,0.27358174
8655,0.13035852
8656,0.13035852
8657,0.08864188
8658,0.5210494
8659,0.068126544
8660,0.06819077
8661,0.0834051
8662,0.09033318
8663,0.075917825
8664,0.08130215
8665,0.2754874
8666,0.27611095
8667,0.26568872
8668,0.92655736
8669,0.07159727
8670,0.06710326
8671,0.060124975
8672,0.25912598
8673,0.06533887
8674,0.057384387
8675,0.2522016
8676,0.034531377
8677,0.035059202
8678,0.08438457
8679,0.088634394
8680,0.2646091
8681,0.49515414
8682,0.5432422
8683,0.52093554
8684,0.54359156
8685,0.12728733
8686,0.11257266
8687,0.2885393
8688,0.09599794
8689,0.07500119
8690,0.07540202
8691,0.07449764
8692,0.07449764
8693,0.27371454
8694,0.9233901
8695,0.051908668
8696,0.5972175
8697,0.59044105
8698,0.061816078
8699,0.06533887
8700,0.07204028
8701,0.0646051
8702,0.06221425
8703,0.035059202
8704,0.034889407
8705,0.08532481
8706,0.08827894
8707,0.109204
8708,0.10850433
8709,0.5209672
8710,0.6541713
8711,0.55626184
8712,0.56881285
8713,0.48333892
8714,0.10436139
8715,0.075917825
8716,0.07500119
8717,0.07541428
8718,0.07541428
8719,0.27363712
8720,0.10600621
8721,0.051908668
8722,0.06789333
8723,0.26208368
8724,0.06235161
8725,0.061835803
8726,0.06525814
8727,0.07204028
8728,0.063654326
8729,0.044423487
8730,0.04459501
8731,0.028445622
8732,0.028635863
8733,0.088634394
8734,0.088634394
8735,0.10874042
8736,0.26455957
8737,0.26190746
8738,0.5442654
8739,0.70048916
8740,0.71476597
8741,0.455858
8742,0.096420646
8743,0.07540202
8744,0.075917825
8745,0.07541428
8746,0.075441904
8747,0.1055349
8748,0.05172242
8749,0.05172242
8750,0.06436161
8751,0.61823565
8752,0.2729074
8753,0.05771973
8754,0.07204028
8755,0.06034316
8756,0.25175786
8757,0.08119052
8758,0.043844134
8759,0.064037316
8760,0.07136959
8761,0.030175349
8762,0.029711738
8763,0.08882382
8764,0.08858764
8765,0.109204
8766,0.47966942
8767,0.67777634
8768,0.2728284
8769,0.7390068
8770,0.5255545
8771,0.46319142
8772,0.096761204
8773,0.0758987
8774,0.07541428
8775,0.08662478
8776,0.051206607
8777,0.051206607
8778,0.056850877
8779,0.06436161
8780,0.061880294
8781,0.41096482
8782,0.28338996
8783,0.42755046
8784,0.06148959
8785,0.06703964
8786,0.081574686
8787,0.06749832
8788,0.063508764
8789,0.061429486
8790,0.06310677
8791,0.063158914
8792,0.10478957
8793,0.60302305
8794,0.5330762
8795,0.50569886
8796,0.23857582
8797,0.26188254
8798,0.08659715
8799,0.09052857
8800,0.040424727
8801,0.057203922
8802,0.052072052
8803,0.05344163
8804,0.0720717
8805,0.078881204
8806,0.08465955
8807,0.045217656
8808,0.26273966
8809,0.050444745
8810,0.05177144
8811,0.4249872
8812,0.07649645
8813,0.0644663
8814,0.062154695
8815,0.063765824
8816,0.10490534
8817,0.24833862
8818,0.063360386
8819,0.26110628
8820,0.2675675
8821,0.08659715
8822,0.09052857
8823,0.038864538
8824,0.052680194
8825,0.05236507
8826,0.05219654
8827,0.05337961
8828,0.071869284
8829,0.07894543
8830,0.044592153
8831,0.4193068
8832,0.0507523
8833,0.051728476
8834,0.0734988
8835,0.07776508
8836,0.064892024
8837,0.063765824
8838,0.09654885
8839,0.051168934
8840,0.066406526
8841,0.063360386
8842,0.07554086
8843,0.07524706
8844,0.48247448
8845,0.48769927
8846,0.09078285
8847,0.039380345
8848,0.05238638
8849,0.052072052
8850,0.051149826
8851,0.05344163
8852,0.05105576
8853,0.07894543
8854,0.084830284
8855,0.044348706
8856,0.051254872
8857,0.051254872
8858,0.052338228
8859,0.043218903
8860,0.04483532
8861,0.04578417
8862,0.06257668
8863,0.09689018
8864,0.38595504
8865,0.063360386
8866,0.06331363
8867,0.07524706
8868,0.040171966
8869,0.091111414
8870,0.49650675
8871,0.08873246
8872,0.039380345
8873,0.2603984
8874,0.05344163
8875,0.05123981
8876,0.051427342
8877,0.079643175
8878,0.08437538
8879,0.0445899
8880,0.053997893
8881,0.0507523
8882,0.051702105
8883,0.044349864
8884,0.050938595
8885,0.07083558
8886,0.060485084
8887,0.040361386
8888,0.040171966
8889,0.05728559
8890,0.0549673
8891,0.4573064
8892,0.06662968
8893,0.049666844
8894,0.049762018
8895,0.05105356
8896,0.07111802
8897,0.07151992
8898,0.26616728
8899,0.06535297
8900,0.25028455
8901,0.06373502
8902,0.06373502
8903,0.035665564
8904,0.034182586
8905,0.07301632
8906,0.076916486
8907,0.051140364
8908,0.0668841
8909,0.050528996
8910,0.08683779
8911,0.060075484
8912,0.040171966
8913,0.040171966
8914,0.27834907
8915,0.53363675
8916,0.26485556
8917,0.06662968
8918,0.04864162
8919,0.050621245
8920,0.049423333
8921,0.05018265
8922,0.07181577
8923,0.07181577
8924,0.7742838
8925,0.070619754
8926,0.06535297
8927,0.06535297
8928,0.06393744
8929,0.06392127
8930,0.036788926
8931,0.034182586
8932,0.08157559
8933,0.42683113
8934,0.049647305
8935,0.25520578
8936,0.05097886
8937,0.052814182
8938,0.04784143
8939,0.080280446
8940,0.060369298
8941,0.06804589
8942,0.03288979
8943,0.056626648
8944,0.056129895
8945,0.04210049
8946,0.04210049
8947,0.039226815
8948,0.05018265
8949,0.049423333
8950,0.052323326
8951,0.07091356
8952,0.07151992
8953,0.0710008
8954,0.065646775
8955,0.06373502
8956,0.06392127
8957,0.0645636
8958,0.036161747
8959,0.036703017
8960,0.076291345
8961,0.5382847
8962,0.0774954
8963,0.050483428
8964,0.052814182
8965,0.047699273
8966,0.060075484
8967,0.06804589
8968,0.033502355
8969,0.51487744
8970,0.041692425
8971,0.03929103
8972,0.05018265
8973,0.051628225
8974,0.07055553
8975,0.07146534
8976,0.06373502
8977,0.06448597
8978,0.0645636
8979,0.036939193
8980,0.038470898
8981,0.07649645
8982,0.51955837
8983,0.08007095
8984,0.05084655
8985,0.052298374
8986,0.04793545
8987,0.05489623
8988,0.031933393
8989,0.026657049
8990,0.03637501
8991,0.032835186
8992,0.2874121
8993,0.047502745
8994,0.022947451
8995,0.022947451
8996,0.022947451
8997,0.053971667
8998,0.053094488
8999,0.0533883
9000,0.06665021
9001,0.06998582
9002,0.04055712
9003,0.040665377
9004,0.034811392
9005,0.034747176
9006,0.06305703
9007,0.2502416
9008,0.09214102
9009,0.06526379
9010,0.029449513
9011,0.031933393
9012,0.026959823
9013,0.03633628
9014,0.032835186
9015,0.0416949
9016,0.020342981
9017,0.021408176
9018,0.021408176
9019,0.023133703
9020,0.022947451
9021,0.054751117
9022,0.051633447
9023,0.06928377
9024,0.06979957
9025,0.041072927
9026,0.06305703
9027,0.24960329
9028,0.02252179
9029,0.032123648
9030,0.036872383
9031,0.033810433
9032,0.046403293
9033,0.03751831
9034,0.022805173
9035,0.047626086
9036,0.051804
9037,0.052149255
9038,0.041072927
9039,0.036025334
9040,0.063243285
9041,0.06732399
9042,0.069646284
9043,0.02674585
9044,0.025735069
9045,0.03680082
9046,0.032835186
9047,0.04192456
9048,0.021408176
9049,0.022988329
9050,0.02372315
9051,0.023443267
9052,0.052408896
9053,0.04072767
9054,0.041072927
9055,0.069624275
9056,0.069438025
9057,0.067684814
9058,0.029429523
9059,0.036073208
9060,0.026525695
9061,0.026746655
9062,0.04632917
9063,0.022423312
9064,0.042087395
9065,0.04302879
9066,0.0717201
9067,0.06665021
9068,0.033922035
9069,0.037577774
9070,0.030913174
9071,0.026939003
9072,0.022600941
9073,0.036607284
9074,0.028121201
9075,0.03024842
9076,0.028918047
9077,0.047626086
9078,0.022947451
9079,0.022558572
9080,0.043803133
9081,0.0702505
9082,0.06617844
9083,0.037298426
9084,0.09148968
9085,0.029935036
9086,0.026774669
9087,0.02336226
9088,0.026062531
9089,0.025753966
9090,0.028978344
9091,0.028383976
9092,0.022558572
9093,0.022431642
9094,0.04259587
9095,0.053373765
9096,0.05112385
9097,0.072332665
9098,0.06607392
9099,0.066242665
9100,0.09188801
9101,0.040337656
9102,0.03950603
9103,0.06840686
9104,0.051610578
9105,0.053773843
9106,0.053108107
9107,0.03641987
9108,0.071547695
9109,0.0661285
9110,0.037183102
9111,0.06840686
9112,0.068551935
9113,0.088265315
9114,0.08529734
9115,0.26542112
9116,0.48879212
9117,0.036694337
9118,0.27472124
9119,0.072725564
9120,0.07594712
9121,0.08600325
9122,0.062270474
9123,0.059934296
9124,0.05979315
9125,0.056634597
9126,0.057397828
9127,0.036249142
9128,0.03980292
9129,0.039548386
9130,0.08902269
9131,0.06953348
9132,0.5281272
9133,0.09803523
9134,0.067070656
9135,0.05912548
9136,0.059779376
9137,0.05657038
9138,0.037183102
9139,0.04016095
9140,0.045836248
9141,0.045305267
9142,0.03923402
9143,0.070642374
9144,0.07746937
9145,0.4222602
9146,0.4063728
9147,0.067070656
9148,0.067070656
9149,0.48501104
9150,0.057397828
9151,0.039867137
9152,0.040630367
9153,0.045836248
9154,0.06182239
9155,0.08294106
9156,0.49797744
9157,0.09364259
9158,0.2652345
9159,0.39164484
9160,0.07472326
9161,0.073110305
9162,0.4799999
9163,0.048273996
9164,0.04820978
9165,0.25645447
9166,0.05859716
9167,0.05141864
9168,0.052270252
9169,0.064627826
9170,0.04116478
9171,0.082485534
9172,0.07573747
9173,0.092510976
9174,0.045836248
9175,0.07413175
9176,0.49061504
9177,0.4643282
9178,0.048786752
9179,0.04856781
9180,0.04338034
9181,0.05931962
9182,0.05141864
9183,0.05203999
9184,0.044576216
9185,0.061545096
9186,0.062519796
9187,0.07546018
9188,0.06913503
9189,0.07014668
9190,0.49831876
9191,0.076927
9192,0.04820978
9193,0.047955245
9194,0.04338034
9195,0.05141864
9196,0.043902576
9197,0.06488845
9198,0.07458019
9199,0.46399158
9200,0.07232229
9201,0.07472326
9202,0.47159174
9203,0.2788696
9204,0.04649405
9205,0.048792347
9206,0.043675747
9207,0.05197946
9208,0.04311455
9209,0.06488845
9210,0.06488845
9211,0.06643777
9212,0.059323087
9213,0.07767643
9214,0.49061504
9215,0.47396976
9216,0.051476706
9217,0.04358407
9218,0.04338034
9219,0.07211715
9220,0.04383836
9221,0.044576216
9222,0.05574628
9223,0.056743685
9224,0.064372644
9225,0.06682716
9226,0.050602384
9227,0.072045
9228,0.060685363
9229,0.07660823
9230,0.48944515
9231,0.051876552
9232,0.051476706
9233,0.051462933
9234,0.04338034
9235,0.06828732
9236,0.06819376
9237,0.04607529
9238,0.06158492
9239,0.05542753
9240,0.06566459
9241,0.065600365
9242,0.25728196
9243,0.04116478
9244,0.043058436
9245,0.037325848
9246,0.029800102
9247,0.026554836
9248,0.06921911
9249,0.07003563
9250,0.26956594
9251,0.07141068
9252,0.09801509
9253,0.06040807
9254,0.0570652
9255,0.03730741
9256,0.03730741
9257,0.050713476
9258,0.03923402
9259,0.051476706
9260,0.051476706
9261,0.051876552
9262,0.06691764
9263,0.07285339
9264,0.060008653
9265,0.058134504
9266,0.061631676
9267,0.06164545
9268,0.056040093
9269,0.05628331
9270,0.04116478
9271,0.041022927
9272,0.04942891
9273,0.029140947
9274,0.029296946
9275,0.029243736
9276,0.06838302
9277,0.08484437
9278,0.269877
9279,0.095205456
9280,0.2589649
9281,0.05635044
9282,0.054868206
9283,0.03654418
9284,0.06868793
9285,0.050713476
9286,0.07401127
9287,0.07193068
9288,0.07146326
9289,0.059286192
9290,0.057151657
9291,0.06164545
9292,0.06164545
9293,0.05634384
9294,0.056040093
9295,0.06681242
9296,0.041425407
9297,0.04961516
9298,0.035960954
9299,0.029296946
9300,0.035843115
9301,0.038065046
9302,0.0597733
9303,0.07526795
9304,0.08060513
9305,0.11161955
9306,0.2691214
9307,0.5039277
9308,0.084121354
9309,0.061592188
9310,0.07507947
9311,0.07509325
9312,0.07679555
9313,0.044326447
9314,0.043385733
9315,0.06361293
9316,0.0641967
9317,0.06347283
9318,0.06347283
9319,0.078296095
9320,0.06158957
9321,0.073466614
9322,0.06579404
9323,0.042292807
9324,0.046504512
9325,0.04264094
9326,0.051519793
9327,0.029140947
9328,0.04263982
9329,0.038065046
9330,0.07725863
9331,0.076075524
9332,0.24530841
9333,0.11381957
9334,0.12355411
9335,0.12440844
9336,0.08399833
9337,0.061064355
9338,0.07433003
9339,0.076189734
9340,0.06963621
9341,0.04403963
9342,0.064210474
9343,0.06354871
9344,0.06361293
9345,0.06354871
9346,0.061098795
9347,0.06579404
9348,0.06623805
9349,0.043058436
9350,0.047561973
9351,0.04264094
9352,0.051519793
9353,0.039341323
9354,0.036549028
9355,0.036730807
9356,0.037378322
9357,0.069297135
9358,0.06617044
9359,0.11352267
9360,0.55591047
9361,0.10538781
9362,0.084121354
9363,0.061592188
9364,0.08391655
9365,0.075440295
9366,0.076983765
9367,0.06880877
9368,0.044326447
9369,0.063886285
9370,0.26364604
9371,0.06103458
9372,0.07412051
9373,0.066284806
9374,0.07900554
9375,0.047561973
9376,0.047561973
9377,0.03592844
9378,0.037378322
9379,0.0364802
9380,0.07089708
9381,0.07508653
9382,0.11284715
9383,0.5513211
9384,0.10906976
9385,0.083704524
9386,0.27150667
9387,0.084006205
9388,0.2740613
9389,0.26191065
9390,0.06963621
9391,0.04317386
9392,0.04185471
9393,0.06382576
9394,0.073310986
9395,0.073629744
9396,0.2667303
9397,0.07803155
9398,0.042470213
9399,0.036541842
9400,0.04313405
9401,0.042117268
9402,0.08194839
9403,0.091397434
9404,0.09219471
9405,0.09219471
9406,0.08600478
9407,0.08600478
9408,0.087400615
9409,0.113610834
9410,0.26399785
9411,0.26398408
9412,0.10132183
9413,0.0591662
9414,0.0591662
9415,0.059685417
9416,0.05964803
9417,0.08299442
9418,0.70046127
9419,0.07809577
9420,0.07838958
9421,0.4665258
9422,0.080018036
9423,0.04238576
9424,0.043103985
9425,0.035309717
9426,0.036626093
9427,0.042856757
9428,0.055232868
9429,0.08437211
9430,0.24273197
9431,0.09219471
9432,0.08600478
9433,0.26192066
9434,0.25944927
9435,0.113610834
9436,0.2640962
9437,0.4910008
9438,0.092984766
9439,0.058766354
9440,0.057464086
9441,0.059509438
9442,0.059366666
9443,0.2784049
9444,0.7763297
9445,0.07837927
9446,0.07900554
9447,0.467598
9448,0.042901568
9449,0.042576723
9450,0.25884652
9451,0.03761183
9452,0.054258175
9453,0.053403836
9454,0.07944694
9455,0.076347806
9456,0.09219471
9457,0.27195686
9458,0.085613035
9459,0.08556628
9460,0.26572332
9461,0.112332016
9462,0.26570138
9463,0.51962143
9464,0.27494824
9465,0.04185471
9466,0.115935706
9467,0.2750294
9468,0.27606258
9469,0.7657326
9470,0.7670756
9471,0.2842019
9472,0.08099203
9473,0.08099203
9474,0.042576723
9475,0.055421706
9476,0.055485923
9477,0.03904751
9478,0.03664948
9479,0.03659505
9480,0.061545096
9481,0.07654863
9482,0.08964812
9483,0.08896357
9484,0.08544326
9485,0.08862003
9486,0.112285264
9487,0.05279142
9488,0.1194301
9489,0.10132183
9490,0.2745388
9491,0.040805038
9492,0.057066735
9493,0.27668288
9494,0.048273996
9495,0.0901104
9496,0.71161073
9497,0.81958085
9498,0.50299484
9499,0.0797635
9500,0.08008226
9501,0.043087818
9502,0.05516315
9503,0.41304216
9504,0.039079383
9505,0.03928115
9506,0.03656163
9507,0.052497607
9508,0.05377149
9509,0.054235097
9510,0.0644663
9511,0.06466673
9512,0.52887964
9513,0.08788322
9514,0.109204
9515,0.10850433
9516,0.10649421
9517,0.09197848
9518,0.07991152
9519,0.26147065
9520,0.25471583
9521,0.490641
9522,0.08362215
9523,0.08317793
9524,0.87612844
9525,0.75422686
9526,0.79516464
9527,0.05110472
9528,0.07225483
9529,0.069368996
9530,0.062928475
9531,0.28671512
9532,0.08523244
9533,0.26082274
9534,0.05665701
9535,0.057570636
9536,0.05059803
9537,0.053380758
9538,0.053380758
9539,0.06437293
9540,0.06437293
9541,0.5308798
9542,0.26989874
9543,0.109204
9544,0.108676195
9545,0.109204
9546,0.10284707
9547,0.08447983
9548,0.084060855
9549,0.06910054
9550,0.06910054
9551,0.09489181
9552,0.2763325
9553,0.0834051
9554,0.0906522
9555,0.05192204
9556,0.8692516
9557,0.819651
9558,0.80212796
9559,0.052210845
9560,0.057827197
9561,0.26103887
9562,0.06122129
9563,0.28537735
9564,0.08446427
9565,0.044423487
9566,0.052590992
9567,0.054235097
9568,0.034125496
9569,0.06483651
9570,0.05712693
9571,0.55583084
9572,0.58764416
9573,0.1083687
9574,0.109204
9575,0.09165502
9576,0.13065997
9577,0.089257844
9578,0.50209343
9579,0.06908141
9580,0.06908141
9581,0.0834051
9582,0.0834051
9583,0.09062457
9584,0.075917825
9585,0.08177346
9586,0.72023344
9587,0.55467206
9588,0.2804102
9589,0.05716963
9590,0.07225483
9591,0.06920392
9592,0.05988244
9593,0.2610766
9594,0.08394846
9595,0.056981906
9596,0.053380758
9597,0.05377149
9598,0.034189712
9599,0.05712693
9600,0.056663323
9601,0.58975106
9602,0.633606
9603,0.4981084
9604,0.27042136
9605,0.13065997
9606,0.13065997
9607,0.25896063
9608,0.4821406
9609,0.068126544
9610,0.06908141
9611,0.08317793
9612,0.084938414
9613,0.27162886
9614,0.07540202
9615,0.08195971
9616,0.27417076
9617,0.12570506
9618,0.26824412
9619,0.9428091
9620,0.0716661
9621,0.26808426
9622,0.25870472
9623,0.0654031
9624,0.057570636
9625,0.4375735
9626,0.035059202
9627,0.035059202
9628,0.085037485
9629,0.08858764
9630,0.26470196
9631,0.5240962
9632,0.26664865
9633,0.52226233
9634,0.5458316
9635,0.12658317
9636,0.2885584
9637,0.49212247
9638,0.09629174
9639,0.07500119
9640,0.2576031
9641,0.07539515
9642,0.07479145
9643,0.5489964
9644,0.27223435
9645,0.05172242
9646,0.6020507
9647,0.60333365
9648,0.061880294
9649,0.06577394
9650,0.07166944
9651,0.06130334
9652,0.06384056
9653,0.044280715
9654,0.035059202
9655,0.035059202
9656,0.084620655
9657,0.088634394
9658,0.10944457
9659,0.10850433
9660,0.52656794
9661,0.67407537
9662,0.5466684
9663,0.554113
9664,0.47258893
9665,0.1046062
9666,0.07521143
9667,0.075294994
9668,0.07541428
9669,0.25856853
9670,0.26824412
9671,0.10549041
9672,0.051924836
9673,0.06789333
9674,0.26583612
9675,0.06235161
9676,0.0627902
9677,0.06533887
9678,0.07160521
9679,0.061010323
9680,0.063654326
9681,0.044021007
9682,0.045040444
9683,0.030175349
9684,0.030175349
9685,0.088634394
9686,0.088634394
9687,0.108593985
9688,0.29347494
9689,0.2783001
9690,0.5436548
9691,0.72928566
9692,0.7323282
9693,0.4282951
9694,0.09599794
9695,0.07521143
9696,0.07417888
9697,0.07479145
9698,0.10620863
9699,0.051206607
9700,0.0638903
9701,0.65055335
9702,0.06253786
9703,0.057922147
9704,0.253831
9705,0.06130334
9706,0.24777311
9707,0.045040444
9708,0.06540214
9709,0.058484428
9710,0.028445622
9711,0.030175349
9712,0.088634394
9713,0.088634394
9714,0.109204
9715,0.5088428
9716,0.64747787
9717,0.27324468
9718,0.7083374
9719,0.49078655
9720,0.4754428
9721,0.096420646
9722,0.07500119
9723,0.08608135
9724,0.051544912
9725,0.051206607
9726,0.057827197
9727,0.06371956
9728,0.061816078
9729,0.4110863
9730,0.28102234
9731,0.43816093
9732,0.06034316
9733,0.066681616
9734,0.08139294
9735,0.0754171
9736,0.06948699
9737,0.05990964
9738,0.06310677
9739,0.063158914
9740,0.104495764
9741,0.6102573
9742,0.49580255
9743,0.5187853
9744,0.24103105
9745,0.46757242
9746,0.08536176
9747,0.08961193
9748,0.03929103
9749,0.057248414
9750,0.05236507
9751,0.05292582
9752,0.05337961
9753,0.071869284
9754,0.07862667
9755,0.084830284
9756,0.04305659
9757,0.26299614
9758,0.051254872
9759,0.062148973
9760,0.052338228
9761,0.25637206
9762,0.07679566
9763,0.06252491
9764,0.064060405
9765,0.104858585
9766,0.09622539
9767,0.06295081
9768,0.063360386
9769,0.2606492
9770,0.26029968
9771,0.085680515
9772,0.09052857
9773,0.05206763
9774,0.052567486
9775,0.051149826
9776,0.053443827
9777,0.07135348
9778,0.079829425
9779,0.04418239
9780,0.25583258
9781,0.050232135
9782,0.051835656
9783,0.052338228
9784,0.076291345
9785,0.06368227
9786,0.06371907
9787,0.09629416
9788,0.050938595
9789,0.063360386
9790,0.063360386
9791,0.07595246
9792,0.24888922
9793,0.5122345
9794,0.49350315
9795,0.09115728
9796,0.04018855
9797,0.053267732
9798,0.05236507
9799,0.05236507
9800,0.05292582
9801,0.05029948
9802,0.07894543
9803,0.08552803
9804,0.04433981
9805,0.050258495
9806,0.051254872
9807,0.052338228
9808,0.036788926
9809,0.0500062
9810,0.04483532
9811,0.063066155
9812,0.0965956
9813,0.40003613
9814,0.062323477
9815,0.063360386
9816,0.07595246
9817,0.040361386
9818,0.090792656
9819,0.27150849
9820,0.09078285
9821,0.038864538
9822,0.25969437
9823,0.05344163
9824,0.05105576
9825,0.079829425
9826,0.084830284
9827,0.04323705
9828,0.050688084
9829,0.05589194
9830,0.051728476
9831,0.04483532
9832,0.050938595
9833,0.07153974
9834,0.060485084
9835,0.04012521
9836,0.040171966
9837,0.05937746
9838,0.057792492
9839,0.4701583
9840,0.06662968
9841,0.05018265
9842,0.05073701
9843,0.072018184
9844,0.0713175
9845,0.26606804
9846,0.065075226
9847,0.25177988
9848,0.06341018
9849,0.0634744
9850,0.033622187
9851,0.0364217
9852,0.08010393
9853,0.25464895
9854,0.05638376
9855,0.06468324
9856,0.050938595
9857,0.08683779
9858,0.060438327
9859,0.03976035
9860,0.040171966
9861,0.4878114
9862,0.55309945
9863,0.26497972
9864,0.068162985
9865,0.042908695
9866,0.049423333
9867,0.049666844
9868,0.04873127
9869,0.05018265
9870,0.071411826
9871,0.072002016
9872,0.7403915
9873,0.072030336
9874,0.065261476
9875,0.06376821
9876,0.06393744
9877,0.03592552
9878,0.041735925
9879,0.07464443
9880,0.28493896
9881,0.044349864
9882,0.25500396
9883,0.050782334
9884,0.047502745
9885,0.08683779
9886,0.060485084
9887,0.06804589
9888,0.033140946
9889,0.058175012
9890,0.04210049
9891,0.042011175
9892,0.05018265
9893,0.04948755
9894,0.0521616
9895,0.07091502
9896,0.070619754
9897,0.07146534
9898,0.06424684
9899,0.06373502
9900,0.06341018
9901,0.06488845
9902,0.0763102
9903,0.56131
9904,0.076314576
9905,0.05084655
9906,0.05084655
9907,0.060485084
9908,0.06799914
9909,0.036685895
9910,0.5406505
9911,0.04194696
9912,0.04230499
9913,0.040172383
9914,0.07091356
9915,0.071446
9916,0.06373502
9917,0.0634744
9918,0.06488845
9919,0.06430907
9920,0.036609072
9921,0.07667472
9922,0.52965885
9923,0.07755963
9924,0.0505278
9925,0.04724821
9926,0.057353422
9927,0.03215557
9928,0.036109746
9929,0.035550356
9930,0.26914296
9931,0.047699273
9932,0.022947451
9933,0.022947451
9934,0.054491475
9935,0.053284213
9936,0.054329697
9937,0.06546135
9938,0.06928377
9939,0.04055712
9940,0.040496644
9941,0.035839085
9942,0.06305703
9943,0.25370193
9944,0.09178349
9945,0.032123648
9946,0.031933393
9947,0.025735069
9948,0.034104247
9949,0.043651715
9950,0.022634307
9951,0.023064813
9952,0.021681396
9953,0.021681396
9954,0.021740185
9955,0.053971667
9956,0.052149255
9957,0.069203936
9958,0.06979957
9959,0.034811392
9960,0.035210993
9961,0.26288694
9962,0.065248825
9963,0.06685961
9964,0.030729193
9965,0.032785997
9966,0.025245596
9967,0.036872383
9968,0.032835186
9969,0.043651715
9970,0.03751831
9971,0.022805173
9972,0.047464307
9973,0.022173101
9974,0.052149255
9975,0.052335504
9976,0.041259177
9977,0.035839085
9978,0.06770952
9979,0.06571138
9980,0.02659283
9981,0.036825627
9982,0.033908095
9983,0.04192456
9984,0.022558572
9985,0.022947451
9986,0.049460128
9987,0.03988408
9988,0.06266821
9989,0.069438025
9990,0.069438025
9991,0.06526379
9992,0.030413423
9993,0.029618574
9994,0.03704845
9995,0.026851138
9996,0.026027106
9997,0.03179413
9998,0.04728083
9999,0.043803133
10000,0.043803133
10001,0.0697347
10002,0.06665021
10003,0.03728396
10004,0.035913143
10005,0.031066176
10006,0.023862975
10007,0.03719287
10008,0.028121201
10009,0.029186979
10010,0.047626086
10011,0.022947451
10012,0.022916606
10013,0.044062775
10014,0.0697347
10015,0.06665021
10016,0.09214102
10017,0.031066176
10018,0.023862975
10019,0.02619839
10020,0.026851138
10021,0.02815432
10022,0.028978344
10023,0.022947451
10024,0.022947451
10025,0.021955868
10026,0.022947451
10027,0.042406145
10028,0.050752267
10029,0.07043675
10030,0.06617844
10031,0.09178349
10032,0.022831634
10033,0.041490644
10034,0.04062014
10035,0.26690325
10036,0.06912321
10037,0.053220272
10038,0.054231197
10039,0.053271648
10040,0.043859713
10041,0.06330641
10042,0.065056056
10043,0.053637024
10044,0.054453373
10045,0.06128826
10046,0.0946194
10047,0.07865431
10048,0.49377075
10049,0.49355426
10050,0.059423055
10051,0.06023673
10052,0.059487272
10053,0.03681301
10054,0.26801553
10055,0.06833437
10056,0.27998003
10057,0.084536724
10058,0.2809318
10059,0.06752801
10060,0.06023673
10061,0.057385765
10062,0.037640452
10063,0.040542066
10064,0.06828762
10065,0.07222385
10066,0.57675666
10067,0.29426232
10068,0.063682936
10069,0.06042615
10070,0.27537704
10071,0.05785518
10072,0.05785518
10073,0.040618304
10074,0.043024693
10075,0.045702092
10076,0.03736858
10077,0.077677414
10078,0.2792806
10079,0.42431888
10080,0.41874483
10081,0.063002296
10082,0.062661596
10083,0.2733612
10084,0.05724531
10085,0.03642033
10086,0.04108772
10087,0.0462936
10088,0.04499939
10089,0.06211168
10090,0.44668147
10091,0.09447483
10092,0.28376848
10093,0.5038953
10094,0.074039765
10095,0.075180605
10096,0.45775002
10097,0.048439763
10098,0.26329637
10099,0.057670206
10100,0.052187428
10101,0.0527888
10102,0.06508918
10103,0.082036
10104,0.28180245
10105,0.0940193
10106,0.09397255
10107,0.04527386
10108,0.28242317
10109,0.2823764
10110,0.048112564
10111,0.04613329
10112,0.04366961
10113,0.0587446
10114,0.05241769
10115,0.05241769
10116,0.042862143
10117,0.061119203
10118,0.061209552
10119,0.076391466
10120,0.07560582
10121,0.067402095
10122,0.07352275
10123,0.27859312
10124,0.074649625
10125,0.077837646
10126,0.048947964
10127,0.04837006
10128,0.043172065
10129,0.04326199
10130,0.07611418
10131,0.44365367
10132,0.07252922
10133,0.0734295
10134,0.45596215
10135,0.2826126
10136,0.04893419
10137,0.048379235
10138,0.04189929
10139,0.042356294
10140,0.051965926
10141,0.042862143
10142,0.063758545
10143,0.06498005
10144,0.041246586
10145,0.072976284
10146,0.06202228
10147,0.07782386
10148,0.2823764
10149,0.4816367
10150,0.05107849
10151,0.043172065
10152,0.043172065
10153,0.07226458
10154,0.068558775
10155,0.042862143
10156,0.056491278
10157,0.055778127
10158,0.26779714
10159,0.06857163
10160,0.051075608
10161,0.06141387
10162,0.077837646
10163,0.07876848
10164,0.47680822
10165,0.051624145
10166,0.051624145
10167,0.050860915
10168,0.04290692
10169,0.07207811
10170,0.07340067
10171,0.05943363
10172,0.061792888
10173,0.05589372
10174,0.055436824
10175,0.06580543
10176,0.06616346
10177,0.051522546
10178,0.03998576
10179,0.042693365
10180,0.030290505
10181,0.030290505
10182,0.03271693
10183,0.07176499
10184,0.07166505
10185,0.2765649
10186,0.07252922
10187,0.099116154
10188,0.060397413
10189,0.05844122
10190,0.037085712
10191,0.037848942
10192,0.051624145
10193,0.050860915
10194,0.044775862
10195,0.04984141
10196,0.052023992
10197,0.29102954
10198,0.27708775
10199,0.059373103
10200,0.058281943
10201,0.061143953
10202,0.06219273
10203,0.056491278
10204,0.056491278
10205,0.04118237
10206,0.049524557
10207,0.030290505
10208,0.030290505
10209,0.029908638
10210,0.07255064
10211,0.07934101
10212,0.27380115
10213,0.27740964
10214,0.27546555
10215,0.05612731
10216,0.05582263
10217,0.037848942
10218,0.06856091
10219,0.051610373
10220,0.07436186
10221,0.07207811
10222,0.5700296
10223,0.06055594
10224,0.05723488
10225,0.061143953
10226,0.055778127
10227,0.055842344
10228,0.04109346
10229,0.049096964
10230,0.04274266
10231,0.035801727
10232,0.026895432
10233,0.03703943
10234,0.03936303
10235,0.05815484
10236,0.07540961
10237,0.075322896
10238,0.11132535
10239,0.44757414
10240,0.4786252
10241,0.0842347
10242,0.061300717
10243,0.07564053
10244,0.074477464
10245,0.07714404
10246,0.0931322
10247,0.043286067
10248,0.044473883
10249,0.0657974
10250,0.063303456
10251,0.06362024
10252,0.06362024
10253,0.077694125
10254,0.06047351
10255,0.07154466
10256,0.06176038
10257,0.04298718
10258,0.045064867
10259,0.046172567
10260,0.04301656
10261,0.049909063
10262,0.04967809
10263,0.037634257
10264,0.04364153
10265,0.07454142
10266,0.07274787
10267,0.079286076
10268,0.11323157
10269,0.13057557
10270,0.1300606
10271,0.08382529
10272,0.061828557
10273,0.07564053
10274,0.075545125
10275,0.069723114
10276,0.043678746
10277,0.04487373
10278,0.06370898
10279,0.06435791
10280,0.06362024
10281,0.06402009
10282,0.06098803
10283,0.06047351
10284,0.062440578
10285,0.062223528
10286,0.04272649
10287,0.04800181
10288,0.045064867
10289,0.042569622
10290,0.050153583
10291,0.044718444
10292,0.037196234
10293,0.036482565
10294,0.07098028
10295,0.0743911
10296,0.110915944
10297,0.5974745
10298,0.10931897
10299,0.084404476
10300,0.061300717
10301,0.08535147
10302,0.076337166
10303,0.07748923
10304,0.06978364
10305,0.0632279
10306,0.51201874
10307,0.06046067
10308,0.07154466
10309,0.062131505
10310,0.0803569
10311,0.04752632
10312,0.046172567
10313,0.042874236
10314,0.03637362
10315,0.03724299
10316,0.28246066
10317,0.07403307
10318,0.079001345
10319,0.11284734
10320,0.44027483
10321,0.104885586
10322,0.0842347
10323,0.085304715
10324,0.08535147
10325,0.2604648
10326,0.26689976
10327,0.07018349
10328,0.041271225
10329,0.04166858
10330,0.064019926
10331,0.26591656
10332,0.07145262
10333,0.0803569
10334,0.078995906
10335,0.042569622
10336,0.03649765
10337,0.0374765
10338,0.04272747
10339,0.044706974
10340,0.08460848
10341,0.08460848
10342,0.09243108
10343,0.09243108
10344,0.08571334
10345,0.08474007
10346,0.08892062
10347,0.11326802
10348,0.26902732
10349,0.26821584
10350,0.101869114
10351,0.058913793
10352,0.05890002
10353,0.0598684
10354,0.059632223
10355,0.08217612
10356,0.7541456
10357,0.078995906
10358,0.07995705
10359,0.4838757
10360,0.27456373
10361,0.042755872
10362,0.036317535
10363,0.04329716
10364,0.05661138
10365,0.07155182
10366,0.25689223
10367,0.0919675
10368,0.08571334
10369,0.26577103
10370,0.087585606
10371,0.11209998
10372,0.26821584
10373,0.47964254
10374,0.09394586
10375,0.04166858
10376,0.0571628
10377,0.05675728
10378,0.05969275
10379,0.059978645
10380,0.08546966
10381,0.799565
10382,0.07993793
10383,0.078995906
10384,0.48230207
10385,0.04277204
10386,0.04281002
10387,0.2746426
10388,0.036317535
10389,0.03775379
10390,0.053519152
10391,0.054421287
10392,0.07412536
10393,0.07646115
10394,0.43931285
10395,0.085849404
10396,0.08567963
10397,0.26817867
10398,0.11247638
10399,0.26977703
10400,0.4563097
10401,0.2830458
10402,0.041424587
10403,0.57698816
10404,0.27412122
10405,0.29008394
10406,0.77919304
10407,0.2909687
10408,0.51498353
10409,0.07979161
10410,0.07985584
10411,0.042722747
10412,0.054831203
10413,0.038433395
10414,0.05997832
10415,0.03775379
10416,0.061942324
10417,0.072964095
10418,0.08906179
10419,0.08988449
10420,0.085849404
10421,0.08810057
10422,0.112568386
10423,0.052733973
10424,0.11951331
10425,0.27150553
10426,0.09326328
10427,0.042002145
10428,0.0571628
10429,0.2767019
10430,0.048947964
10431,0.08477381
10432,0.7541456
10433,0.79397565
10434,0.5188999
10435,0.0809107
10436,0.079516396
10437,0.042605285
10438,0.054831203
10439,0.4110738
10440,0.039129317
10441,0.036317535
10442,0.05319758
10443,0.054471463
10444,0.053943638
10445,0.06482687
10446,0.06455792
10447,0.51055664
10448,0.08782578
10449,0.10931913
10450,0.108127736
10451,0.10931913
10452,0.11479379
10453,0.08024777
10454,0.26165622
10455,0.25982505
10456,0.0684529
10457,0.09581502
10458,0.47391316
10459,0.08300475
10460,0.08278034
10461,0.90128964
10462,0.74713486
10463,0.8401856
10464,0.05784168
10465,0.07226931
10466,0.069849566
10467,0.087242156
10468,0.08722599
10469,0.26462454
10470,0.0580339
10471,0.0580339
10472,0.052205097
10473,0.05422543
10474,0.054471463
10475,0.06507287
10476,0.06507287
10477,0.5230472
10478,0.5101688
10479,0.2652783
10480,0.10896016
10481,0.10887659
10482,0.10594962
10483,0.08397102
10484,0.083061256
10485,0.06837562
10486,0.096034326
10487,0.27669653
10488,0.082887284
10489,0.09017098
10490,0.052710313
10491,0.88899624
10492,0.85816026
10493,0.8544855
10494,0.055663474
10495,0.058574535
10496,0.26283357
10497,0.29030174
10498,0.08756304
10499,0.05319758
10500,0.054471463
10501,0.034643654
10502,0.06507287
10503,0.056784097
10504,0.7366063
10505,0.6999775
10506,0.108636335
10507,0.10888393
10508,0.105885394
10509,0.13053913
10510,0.08823912
10511,0.5168073
10512,0.06899158
10513,0.06899158
10514,0.08336278
10515,0.08329614
10516,0.09051561
10517,0.07580887
10518,0.08143866
10519,0.7564701
10520,0.57878596
10521,0.2673404
10522,0.05784168
10523,0.071728684
10524,0.069186635
10525,0.06168975
10526,0.43519893
10527,0.08444441
10528,0.06113318
10529,0.054471463
10530,0.034889687
10531,0.057363298
10532,0.056361083
10533,0.7372528
10534,0.6260524
10535,0.4855559
10536,0.26954895
10537,0.1305859
10538,0.26187554
10539,0.08812165
10540,0.49608955
10541,0.06790012
10542,0.0684529
10543,0.08261207
10544,0.08329614
10545,0.09017098
10546,0.0749795
10547,0.08145839
10548,0.27817166
10549,0.53463495
10550,0.2770228
10551,0.90868545
10552,0.2657194
10553,0.27316666
10554,0.264486
10555,0.05571203
10556,0.2532529
10557,0.03483196
10558,0.0347872
10559,0.08532061
10560,0.088870764
10561,0.265713
10562,0.49729913
10563,0.5253556
10564,0.5349321
10565,0.56275153
10566,0.1265091
10567,0.29166654
10568,0.29181972
10569,0.09633082
10570,0.074932374
10571,0.075286195
10572,0.07478952
10573,0.55576104
10574,0.106393196
10575,0.05140735
10576,0.5551793
10577,0.55981493
10578,0.062036537
10579,0.06453096
10580,0.07202043
10581,0.06486332
10582,0.034780584
10583,0.03483196
10584,0.08532061
10585,0.08899573
10586,0.109129936
10587,0.2647992
10588,0.5269903
10589,0.6810478
10590,0.59431463
10591,0.5761855
10592,0.48541918
10593,0.10501304
10594,0.07580887
10595,0.07580887
10596,0.07530532
10597,0.07459892
10598,0.27177432
10599,0.10561817
10600,0.05138253
10601,0.06755853
10602,0.06476476
10603,0.06255234
10604,0.066444814
10605,0.07269499
10606,0.060673475
10607,0.06432526
10608,0.047862608
10609,0.044244483
10610,0.028035242
10611,0.030411715
10612,0.088870764
10613,0.08870099
10614,0.109129936
10615,0.502019
10616,0.27120736
10617,0.561821
10618,0.6295226
10619,0.6246801
10620,0.48072147
10621,0.09633082
10622,0.07489223
10623,0.07530532
10624,0.07427122
10625,0.106206946
10626,0.04637559
10627,0.051745653
10628,0.06438484
10629,0.7516976
10630,0.062016815
10631,0.055519328
10632,0.25860035
10633,0.061974216
10634,0.064122766
10635,0.081658974
10636,0.044573504
10637,0.06378654
10638,0.061579503
10639,0.028543841
10640,0.029832516
10641,0.08837716
10642,0.08870099
10643,0.109129936
10644,0.5005429
10645,0.6655555
10646,0.12410989
10647,0.6509765
10648,0.58074814
10649,0.4764622
10650,0.2785031
10651,0.07580887
10652,0.075286195
10653,0.08586536
10654,0.04609834
10655,0.051923152
10656,0.06456234
10657,0.06273859
10658,0.45057228
10659,0.05744915
10660,0.44851285
10661,0.2541889
10662,0.06360696
10663,0.081925675
10664,0.072445214
10665,0.0710579
10666,0.061765753
10667,0.06320498
10668,0.062011253
10669,0.10501231
10670,0.7380505
10671,0.568001
10672,0.5621766
10673,0.48314035
10674,0.26915532
10675,0.08651582
10676,0.09041961
10677,0.039427552
10678,0.058122884
10679,0.053462885
10680,0.07278285
10681,0.07984391
10682,0.08521296
10683,0.049648978
10684,0.41485825
10685,0.049864504
10686,0.052822016
10687,0.052822016
10688,0.25398305
10689,0.075424716
10690,0.10501231
10691,0.09758901
10692,0.06345725
10693,0.27537337
10694,0.27558812
10695,0.08646907
10696,0.08990381
10697,0.03957904
10698,0.05328222
10699,0.05129732
10700,0.05205
10701,0.053642366
10702,0.07250861
10703,0.07807615
10704,0.05159666
10705,0.26432583
10706,0.050986208
10707,0.05245229
10708,0.052704554
10709,0.07544357
10710,0.07544357
10711,0.06534864
10712,0.063282184
10713,0.0972952
10714,0.049997307
10715,0.06321405
10716,0.062804475
10717,0.075806126
10718,0.075806126
10719,0.496674
10720,0.49587822
10721,0.08802272
10722,0.039427552
10723,0.05288093
10724,0.052565806
10725,0.051350564
10726,0.053844783
10727,0.0512543
10728,0.078689255
10729,0.085728765
10730,0.05054805
10731,0.051401507
10732,0.050843723
10733,0.052822016
10734,0.036436997
10735,0.044752073
10736,0.06369176
10737,0.09758901
10738,0.42109257
10739,0.06627303
10740,0.06321405
10741,0.25862575
10742,0.04278878
10743,0.09129626
10744,0.5092894
10745,0.09067389
10746,0.037784874
10747,0.052469656
10748,0.05318767
10749,0.050713673
10750,0.050713673
10751,0.077419005
10752,0.085728765
10753,0.047874622
10754,0.04782326
10755,0.051401507
10756,0.051401507
10757,0.0528348
10758,0.04342337
10759,0.04995055
10760,0.07922339
10761,0.059134196
10762,0.038300704
10763,0.042724565
10764,0.055540882
10765,0.05371066
10766,0.2775672
10767,0.06631461
10768,0.05038339
10769,0.05038339
10770,0.0507996
10771,0.07220275
10772,0.07100243
10773,0.2704771
10774,0.06543624
10775,0.25653055
10776,0.06393576
10777,0.06412201
10778,0.034608547
10779,0.033238955
10780,0.079256155
10781,0.49315664
10782,0.06760274
10783,0.050240487
10784,0.0858965
10785,0.059543796
10786,0.039320208
10787,0.040025637
10788,0.47391683
10789,0.560403
10790,0.26866847
10791,0.06631461
10792,0.050585806
10793,0.05038339
10794,0.04923139
10795,0.05038339
10796,0.0720165
10797,0.07131875
10798,0.87233573
10799,0.071518235
10800,0.06548948
10801,0.063675135
10802,0.06393576
10803,0.03304045
10804,0.036946334
10805,0.073920764
10806,0.37642464
10807,0.043140255
10808,0.06643384
10809,0.051830355
10810,0.048579406
10811,0.059543796
10812,0.067899555
10813,0.033062212
10814,0.053851116
10815,0.042301226
10816,0.042030234
10817,0.049688287
10818,0.051647283
10819,0.07172065
10820,0.07070302
10821,0.07225627
10822,0.065096796
10823,0.06393576
10824,0.06341995
10825,0.06482856
10826,0.034805994
10827,0.036809754
10828,0.076052725
10829,0.5439255
10830,0.07717352
10831,0.051840223
10832,0.055466242
10833,0.048158262
10834,0.05910419
10835,0.06748998
10836,0.036539566
10837,0.03606787
10838,0.52167916
10839,0.042301226
10840,0.039374307
10841,0.071114294
10842,0.07207002
10843,0.06508918
10844,0.06482856
10845,0.038271468
10846,0.07562982
10847,0.54383403
10848,0.07837912
10849,0.048158262
10850,0.05713048
10851,0.032529626
10852,0.037181936
10853,0.034412205
10854,0.044253487
10855,0.048158262
10856,0.021924356
10857,0.021371694
10858,0.05440231
10859,0.052564822
10860,0.066214524
10861,0.06868194
10862,0.04152405
10863,0.0404677
10864,0.036103956
10865,0.0633219
10866,0.095410116
10867,0.08838925
10868,0.052985992
10869,0.032226827
10870,0.026684184
10871,0.039664563
10872,0.033248283
10873,0.044442907
10874,0.02168631
10875,0.02168631
10876,0.023666084
10877,0.023666084
10878,0.023277204
10879,0.023150275
10880,0.05391891
10881,0.052843314
10882,0.06900218
10883,0.06873322
10884,0.04152405
10885,0.03490753
10886,0.062394872
10887,0.24075018
10888,0.032392234
10889,0.031561498
10890,0.026657134
10891,0.037258174
10892,0.03329254
10893,0.04442769
10894,0.0381843
10895,0.023007996
10896,0.023868749
10897,0.048604358
10898,0.021650657
10899,0.052583672
10900,0.05028929
10901,0.0413378
10902,0.04093025
10903,0.032933474
10904,0.05262085
10905,0.026703892
10906,0.037686765
10907,0.03696799
10908,0.044402882
10909,0.037505805
10910,0.023706961
10911,0.023666084
10912,0.023925724
10913,0.051039997
10914,0.05276992
10915,0.0413378
10916,0.040812787
10917,0.03490753
10918,0.063508146
10919,0.25761133
10920,0.07218844
10921,0.054406546
10922,0.027685883
10923,0.030278537
10924,0.027685883
10925,0.0271144
10926,0.037064638
10927,0.026484458
10928,0.02982591
10929,0.046050332
10930,0.02195953
10931,0.044925187
10932,0.0433232
10933,0.25685602
10934,0.06758044
10935,0.037186127
10936,0.02828287
10937,0.032409824
10938,0.026555214
10939,0.037603468
10940,0.027257113
10941,0.02891446
10942,0.029871508
10943,0.048604358
10944,0.023666084
10945,0.045009196
10946,0.072016366
10947,0.067084625
10948,0.27745843
10949,0.030417392
10950,0.030484196
10951,0.027132446
10952,0.026936289
10953,0.028508943
10954,0.02891446
10955,0.02195953
10956,0.023666084
10957,0.023635238
10958,0.04346552
10959,0.05440231
10960,0.05458856
10961,0.051020652
10962,0.07235581
10963,0.067084625
10964,0.08832502
10965,0.04477516
10966,0.038884196
10967,0.039832707
10968,0.06311458
10969,0.053637024
10970,0.053220272
10971,0.05206793
10972,0.038754676
10973,0.041330785
10974,0.07027238
10975,0.063161336
10976,0.05356546
10977,0.05356546
10978,0.06499183
10979,0.093552195
10980,0.08456021
10981,0.2700258
10982,0.48269984
10983,0.06023673
10984,0.060250502
10985,0.036877226
10986,0.27443475
10987,0.06828762
10988,0.085712515
10989,0.07865431
10990,0.06556678
10991,0.0651147
10992,0.059781086
10993,0.05976174
10994,0.037579924
10995,0.070035025
10996,0.07458519
10997,0.55925256
10998,0.28617993
10999,0.06023673
11000,0.27528733
11001,0.05648162
11002,0.036825847
11003,0.036877226
11004,0.040273115
11005,0.041027192
11006,0.044935174
11007,0.04576262
11008,0.037352156
11009,0.06833437
11010,0.082413614
11011,0.41766974
11012,0.40935156
11013,0.063682936
11014,0.064125344
11015,0.060250502
11016,0.27548993
11017,0.05785518
11018,0.057403617
11019,0.04108772
11020,0.04011238
11021,0.045201592
11022,0.06211168
11023,0.45228788
11024,0.09062297
11025,0.28703544
11026,0.50779647
11027,0.07388641
11028,0.45523223
11029,0.048439763
11030,0.5181775
11031,0.05723488
11032,0.05220558
11033,0.05220558
11034,0.065122366
11035,0.08549837
11036,0.076067425
11037,0.09429659
11038,0.09429659
11039,0.07695883
11040,0.28326032
11041,0.047041338
11042,0.048209324
11043,0.04331171
11044,0.052353475
11045,0.052173655
11046,0.042862143
11047,0.064390644
11048,0.06211168
11049,0.061145335
11050,0.07700215
11051,0.07611418
11052,0.26505047
11053,0.07410399
11054,0.075180605
11055,0.077837646
11056,0.03878709
11057,0.048947964
11058,0.04912361
11059,0.04284837
11060,0.4474117
11061,0.0730903
11062,0.07463585
11063,0.27859312
11064,0.49198917
11065,0.047041338
11066,0.048439763
11067,0.04290692
11068,0.053197972
11069,0.04426759
11070,0.06508918
11071,0.041246586
11072,0.070072256
11073,0.058956712
11074,0.07782386
11075,0.07702305
11076,0.48752934
11077,0.051563617
11078,0.24398132
11079,0.043118563
11080,0.07300082
11081,0.07340067
11082,0.04399864
11083,0.056491278
11084,0.05643075
11085,0.2654615
11086,0.06805582
11087,0.051075608
11088,0.04925009
11089,0.072698995
11090,0.06169116
11091,0.07836863
11092,0.077292
11093,0.47267857
11094,0.050307814
11095,0.052023992
11096,0.051624145
11097,0.042765465
11098,0.07201758
11099,0.06828982
11100,0.05777602
11101,0.04612328
11102,0.061975595
11103,0.056491278
11104,0.056491278
11105,0.06799845
11106,0.06683579
11107,0.051075608
11108,0.040577654
11109,0.04275406
11110,0.029820764
11111,0.030290505
11112,0.037969526
11113,0.07227335
11114,0.07255064
11115,0.08001831
11116,0.0665692
11117,0.09809118
11118,0.0600741
11119,0.059102196
11120,0.037788413
11121,0.051973805
11122,0.050307814
11123,0.051624145
11124,0.07206433
11125,0.27109575
11126,0.05943363
11127,0.05943363
11128,0.06323239
11129,0.06173236
11130,0.056491278
11131,0.05568161
11132,0.06799845
11133,0.0415404
11134,0.2634407
11135,0.029631346
11136,0.029820764
11137,0.029908638
11138,0.07227335
11139,0.08230211
11140,0.2863076
11141,0.28304908
11142,0.27795368
11143,0.062029302
11144,0.05815484
11145,0.036797095
11146,0.06833671
11147,0.052023992
11148,0.050860915
11149,0.07441324
11150,0.06792883
11151,0.5291482
11152,0.05798813
11153,0.05946706
11154,0.061792888
11155,0.061792888
11156,0.056491278
11157,0.056477506
11158,0.06616346
11159,0.04109346
11160,0.04929938
11161,0.036649138
11162,0.029624699
11163,0.03703943
11164,0.03968708
11165,0.057101443
11166,0.07358102
11167,0.078442775
11168,0.11323157
11169,0.27648935
11170,0.4991096
11171,0.084140904
11172,0.061828557
11173,0.07564053
11174,0.07524068
11175,0.077958636
11176,0.09339861
11177,0.044460114
11178,0.044473883
11179,0.06350313
11180,0.06434413
11181,0.06402009
11182,0.06402009
11183,0.07866111
11184,0.06098803
11185,0.07157229
11186,0.042844854
11187,0.047039066
11188,0.046172567
11189,0.042284846
11190,0.049795553
11191,0.029584588
11192,0.039409786
11193,0.04364153
11194,0.07247058
11195,0.07818236
11196,0.07818357
11197,0.11446784
11198,0.27337387
11199,0.1304058
11200,0.0842347
11201,0.061658744
11202,0.07422023
11203,0.07635094
11204,0.06841008
11205,0.04374928
11206,0.04369159
11207,0.06435791
11208,0.06475776
11209,0.06463028
11210,0.06362024
11211,0.06098803
11212,0.062223528
11213,0.061199594
11214,0.042575903
11215,0.046172567
11216,0.042569622
11217,0.049706645
11218,0.03637362
11219,0.03637798
11220,0.03649529
11221,0.070147134
11222,0.0726769
11223,0.112139665
11224,0.29709283
11225,0.10958793
11226,0.084404476
11227,0.061828557
11228,0.08535147
11229,0.07537561
11230,0.077958636
11231,0.06896905
11232,0.043742962
11233,0.041059114
11234,0.064433545
11235,0.49594912
11236,0.06098803
11237,0.07154466
11238,0.06262337
11239,0.07883517
11240,0.047354423
11241,0.046358816
11242,0.036380272
11243,0.03637798
11244,0.2682678
11245,0.07380863
11246,0.07902069
11247,0.11069407
11248,0.59209603
11249,0.10966416
11250,0.08394089
11251,0.2606324
11252,0.08496168
11253,0.2611283
11254,0.26422808
11255,0.06976987
11256,0.04156504
11257,0.040660895
11258,0.064033695
11259,0.06547319
11260,0.07137533
11261,0.07103015
11262,0.07893168
11263,0.07934109
11264,0.042569622
11265,0.038949203
11266,0.036317535
11267,0.03775379
11268,0.04227217
11269,0.04201315
11270,0.08392318
11271,0.091633804
11272,0.0918519
11273,0.09191612
11274,0.08593092
11275,0.08572619
11276,0.089384206
11277,0.112563565
11278,0.26684234
11279,0.26853144
11280,0.100908235
11281,0.058913793
11282,0.05931364
11283,0.06119874
11284,0.08311325
11285,0.7320861
11286,0.07995705
11287,0.07934109
11288,0.47847092
11289,0.27401653
11290,0.042569622
11291,0.04272747
11292,0.053419027
11293,0.08854345
11294,0.25262144
11295,0.09243108
11296,0.09191612
11297,0.08624115
11298,0.085849404
11299,0.087636985
11300,0.11338362
11301,0.13969086
11302,0.48553517
11303,0.09339861
11304,0.05931364
11305,0.06012366
11306,0.06012667
11307,0.27038366
11308,0.803182
11309,0.08149037
11310,0.078995906
11311,0.48294994
11312,0.042755872
11313,0.042053815
11314,0.27180225
11315,0.037429743
11316,0.054421287
11317,0.05539598
11318,0.07968331
11319,0.07588324
11320,0.09142883
11321,0.45045358
11322,0.0853216
11323,0.08533444
11324,0.27862546
11325,0.1119892
11326,0.26636475
11327,0.45063892
11328,0.27815425
11329,0.042002145
11330,0.112706795
11331,0.2686917
11332,0.28128737
11333,0.8287996
11334,0.29486072
11335,0.5093916
11336,0.08088307
11337,0.08088307
11338,0.057511635
11339,0.054831203
11340,0.038917206
11341,0.03583682
11342,0.037429743
11343,0.061895523
11344,0.076720774
11345,0.090054266
11346,0.090007514
11347,0.085849404
11348,0.0882923
11349,0.11128475
11350,0.052682597
11351,0.12034075
11352,0.10070605
11353,0.27825525
11354,0.041219853
11355,0.05890002
11356,0.27597037
11357,0.048386935
11358,0.08370769
11359,0.7303903
11360,0.8056964
11361,0.5093916
11362,0.07979161
11363,0.080363445
11364,0.054831203
11365,0.40128085
11366,0.038917206
11367,0.036048684
11368,0.053723764
11369,0.054301668
11370,0.06455792
11371,0.06460929
11372,0.50842774
11373,0.088289365
11374,0.10861497
11375,0.10861497
11376,0.109129936
11377,0.11514871
11378,0.08018354
11379,0.26205721
11380,0.2608259
11381,0.09631169
11382,0.09633082
11383,0.08329614
11384,0.08327702
11385,0.9089248
11386,0.73298115
11387,0.8521696
11388,0.057644833
11389,0.07247173
11390,0.06938348
11391,0.29091144
11392,0.08876628
11393,0.26505375
11394,0.057018597
11395,0.057238564
11396,0.052733973
11397,0.054007854
11398,0.053723764
11399,0.064545065
11400,0.06460929
11401,0.49654084
11402,0.5060647
11403,0.264361
11404,0.109254904
11405,0.109129936
11406,0.09565079
11407,0.08335506
11408,0.0839519
11409,0.06939143
11410,0.06899158
11411,0.09633082
11412,0.095676854
11413,0.082887284
11414,0.09051561
11415,0.052122775
11416,0.87481695
11417,0.8458046
11418,0.8631707
11419,0.05784168
11420,0.05784168
11421,0.26107815
11422,0.2910977
11423,0.08407918
11424,0.05319758
11425,0.05420788
11426,0.034374703
11427,0.06507287
11428,0.057193503
11429,0.7436533
11430,0.7256335
11431,0.109129936
11432,0.109129936
11433,0.10594962
11434,0.1305859
11435,0.08912976
11436,0.5106794
11437,0.06808181
11438,0.06786969
11439,0.08327702
11440,0.082887284
11441,0.08963879
11442,0.07471054
11443,0.08138542
11444,0.27818784
11445,0.5391964
11446,0.12584157
11447,0.057664182
11448,0.07226931
11449,0.06891217
11450,0.06168975
11451,0.26404828
11452,0.08493272
11453,0.057797786
11454,0.05395648
11455,0.054301668
11456,0.034361992
11457,0.05689969
11458,0.056835473
11459,0.7406632
11460,0.6238454
11461,0.48903933
11462,0.10853691
11463,0.13011222
11464,0.13017632
11465,0.088532925
11466,0.4942667
11467,0.06899158
11468,0.06837562
11469,0.08295151
11470,0.08327702
11471,0.09051561
11472,0.07468011
11473,0.08076358
11474,0.7361454
11475,0.5378977
11476,0.2726373
11477,0.94728947
11478,0.26386184
11479,0.06804434
11480,0.06168975
11481,0.08456188
11482,0.06580733
11483,0.057534404
11484,0.065284416
11485,0.034716368
11486,0.034716368
11487,0.08532061
11488,0.088870764
11489,0.10866635
11490,0.4859717
11491,0.544307
11492,0.5383324
11493,0.5884168
11494,0.1260421
11495,0.29191574
11496,0.2908236
11497,0.09633082
11498,0.07471054
11499,0.074774764
11500,0.07530532
11501,0.559194
11502,0.10561817
11503,0.05140735
11504,0.55049986
11505,0.5506905
11506,0.062016815
11507,0.06538886
11508,0.07202043
11509,0.06125599
11510,0.06432518
11511,0.03548499
11512,0.035125773
11513,0.08532061
11514,0.088854104
11515,0.108866364
11516,0.26568672
11517,0.5808482
11518,0.668863
11519,0.5732237
11520,0.5736482
11521,0.49092504
11522,0.10438951
11523,0.07471054
11524,0.07530532
11525,0.07478952
11526,0.12578833
11527,0.106206946
11528,0.051923152
11529,0.06804434
11530,0.064091034
11531,0.062452614
11532,0.06275476
11533,0.06551798
11534,0.0722129
11535,0.061974216
11536,0.045012098
11537,0.030411715
11538,0.029896732
11539,0.09013789
11540,0.088870764
11541,0.10630454
11542,0.27049083
11543,0.26539448
11544,0.5719438
11545,0.64372176
11546,0.63598067
11547,0.4838305
11548,0.09808152
11549,0.07456415
11550,0.07530532
11551,0.10567154
11552,0.051451836
11553,0.053456467
11554,0.06456234
11555,0.7585046
11556,0.06255234
11557,0.058122884
11558,0.07250874
11559,0.0617718
11560,0.06360696
11561,0.08023589
11562,0.04519046
11563,0.030364959
11564,0.030411715
11565,0.088870764
11566,0.088870764
11567,0.109129936
11568,0.5002213
11569,0.67353094
11570,0.12342531
11571,0.6295226
11572,0.5826636
11573,0.47484964
11574,0.095771514
11575,0.07468011
11576,0.07530532
11577,0.08586536
11578,0.051662087
11579,0.04637559
11580,0.063909344
11581,0.06255234
11582,0.4532439
11583,0.28844407
11584,0.4453916
11585,0.0617718
11586,0.06326923
11587,0.081845224
11588,0.065498926
11589,0.25595585
11590,0.0585812
11591,0.06455792
11592,0.06380185
11593,0.062450845
11594,0.10596776
11595,0.73312163
11596,0.55408925
11597,0.54672444
11598,0.24636883
11599,0.5040973
11600,0.085747026
11601,0.08943875
11602,0.039427552
11603,0.058122884
11604,0.053432453
11605,0.052905273
11606,0.071554214
11607,0.07984391
11608,0.0848189
11609,0.05070164
11610,0.061579503
11611,0.056038573
11612,0.05311583
11613,0.25444105
11614,0.07491879
11615,0.06369176
11616,0.10619349
11617,0.2575598
11618,0.06321405
11619,0.2673175
11620,0.0891542
11621,0.08535944
11622,0.09041961
11623,0.052587118
11624,0.052565806
11625,0.052768223
11626,0.053432453
11627,0.071554214
11628,0.08003016
11629,0.0502791
11630,0.26278886
11631,0.052227393
11632,0.053324588
11633,0.07544357
11634,0.06369176
11635,0.097704776
11636,0.049997307
11637,0.06321405
11638,0.0748886
11639,0.075806126
11640,0.49668837
11641,0.50595665
11642,0.09156413
11643,0.03949177
11644,0.05129732
11645,0.051350564
11646,0.053642366
11647,0.05155031
11648,0.07984391
11649,0.08503102
11650,0.050898936
11651,0.051401507
11652,0.053324588
11653,0.037589036
11654,0.043939177
11655,0.04391603
11656,0.063645005
11657,0.09723098
11658,0.419258
11659,0.062804475
11660,0.06321405
11661,0.075806126
11662,0.040025637
11663,0.09079034
11664,0.5017894
11665,0.089376055
11666,0.039065275
11667,0.052469656
11668,0.052752055
11669,0.053644564
11670,0.0512543
11671,0.07893404
11672,0.085728765
11673,0.05039656
11674,0.049358625
11675,0.050607547
11676,0.051401507
11677,0.052714836
11678,0.043939177
11679,0.049997307
11680,0.0857017
11681,0.059543796
11682,0.040025637
11683,0.03925599
11684,0.055582114
11685,0.056241054
11686,0.46565965
11687,0.06754633
11688,0.049973227
11689,0.04986758
11690,0.049688287
11691,0.050294276
11692,0.07161256
11693,0.071518235
11694,0.27079108
11695,0.06576394
11696,0.25651437
11697,0.06393576
11698,0.06355767
11699,0.03889104
11700,0.0345553
11701,0.044701446
11702,0.0774343
11703,0.48643383
11704,0.06760274
11705,0.049997307
11706,0.06989429
11707,0.059786975
11708,0.039320208
11709,0.040025637
11710,0.4957696
11711,0.52167916
11712,0.06683041
11713,0.0664367
11714,0.04986758
11715,0.04989854
11716,0.05038339
11717,0.05038339
11718,0.07221892
11719,0.07220275
11720,0.8255292
11721,0.06527596
11722,0.06412201
11723,0.06393576
11724,0.036651924
11725,0.03740806
11726,0.0792373
11727,0.4378769
11728,0.047193836
11729,0.07915035
11730,0.053925317
11731,0.048158262
11732,0.059543796
11733,0.067899555
11734,0.032994617
11735,0.057177234
11736,0.05344171
11737,0.0423577
11738,0.043093264
11739,0.039581083
11740,0.0499821
11741,0.049688287
11742,0.071518235
11743,0.07119058
11744,0.06527596
11745,0.06412201
11746,0.06355767
11747,0.06476446
11748,0.037030645
11749,0.07641299
11750,0.55192715
11751,0.07717352
11752,0.051776007
11753,0.053925317
11754,0.05340951
11755,0.047642455
11756,0.05942801
11757,0.06770475
11758,0.032994617
11759,0.03606787
11760,0.28477502
11761,0.043093264
11762,0.071114294
11763,0.07116015
11764,0.06437435
11765,0.2559814
11766,0.06479334
11767,0.03744192
11768,0.07544357
11769,0.5504155
11770,0.07717352
11771,0.052963875
11772,0.053925317
11773,0.048579406
11774,0.05674795
11775,0.032390747
11776,0.026440311
11777,0.037258174
11778,0.044057693
11779,0.048417903
11780,0.023925724
11781,0.022335943
11782,0.053886503
11783,0.05197577
11784,0.067270875
11785,0.069444485
11786,0.04025559
11787,0.0413378
11788,0.035163537
11789,0.2679738
11790,0.07104031
11791,0.09006016
11792,0.052985992
11793,0.032581
11794,0.032390747
11795,0.030181598
11796,0.0365671
11797,0.033747107
11798,0.042152252
11799,0.023523806
11800,0.02315974
11801,0.023277204
11802,0.023666084
11803,0.022335943
11804,0.05376504
11805,0.049777083
11806,0.068786465
11807,0.06873322
11808,0.03490753
11809,0.06089535
11810,0.08544364
11811,0.05535851
11812,0.05390523
11813,0.024456797
11814,0.02643496
11815,0.03972878
11816,0.034267787
11817,0.042381912
11818,0.0381843
11819,0.023523806
11820,0.02335294
11821,0.04694773
11822,0.023150275
11823,0.052583672
11824,0.04093025
11825,0.0413378
11826,0.036103956
11827,0.062394872
11828,0.04743623
11829,0.059732385
11830,0.026703892
11831,0.02643496
11832,0.037181936
11833,0.03329254
11834,0.04420673
11835,0.03782777
11836,0.023007996
11837,0.023868749
11838,0.023666084
11839,0.022693845
11840,0.023666084
11841,0.051069222
11842,0.052843314
11843,0.28203565
11844,0.06944387
11845,0.053882953
11846,0.033495933
11847,0.026703892
11848,0.04134814
11849,0.02730849
11850,0.027248193
11851,0.029384328
11852,0.048344716
11853,0.023150275
11854,0.045009196
11855,0.07016911
11856,0.067084625
11857,0.03608785
11858,0.02940633
11859,0.018731557
11860,0.028311728
11861,0.037064638
11862,0.026714114
11863,0.029375406
11864,0.048344716
11865,0.022335943
11866,0.043400098
11867,0.07235581
11868,0.06656882
11869,0.03608785
11870,0.26500818
11871,0.030484196
11872,0.030484196
11873,0.020129869
11874,0.029397191
11875,0.029284455
11876,0.028611664
11877,0.023635238
11878,0.023666084
11879,0.022400029
11880,0.044847418
11881,0.05376504
11882,0.0514805
11883,0.07118073
11884,0.25601476
11885,0.03813595
11886,0.091199294
11887,0.023950472
11888,0.03336903
11889,0.03746596
11890,0.03336903
11891,0.06360693
11892,0.053292878
11893,0.054312725
11894,0.035844177
11895,0.03505616
11896,0.06294777
11897,0.06477827
11898,0.05295079
11899,0.05344068
11900,0.053023927
11901,0.07257758
11902,0.06742479
11903,0.08549895
11904,0.054257028
11905,0.4908184
11906,0.03582033
11907,0.05934163
11908,0.37143716
11909,0.06751644
11910,0.28597528
11911,0.07844075
11912,0.2685209
11913,0.06499715
11914,0.059393007
11915,0.03753242
11916,0.071628414
11917,0.071351126
11918,0.51699984
11919,0.30330586
11920,0.06315989
11921,0.27002704
11922,0.05694631
11923,0.03754619
11924,0.041169103
11925,0.040932927
11926,0.044905126
11927,0.046199337
11928,0.036395155
11929,0.07426704
11930,0.06737312
11931,0.41997316
11932,0.41643545
11933,0.06420109
11934,0.06433352
11935,0.06009571
11936,0.2709513
11937,0.27226967
11938,0.057760917
11939,0.03754619
11940,0.039619893
11941,0.041169103
11942,0.044905126
11943,0.061843082
11944,0.42635888
11945,0.09529769
11946,0.26991597
11947,0.5055087
11948,0.07454159
11949,0.0741038
11950,0.4571042
11951,0.048331726
11952,0.5365324
11953,0.058650333
11954,0.051458042
11955,0.05227205
11956,0.065040894
11957,0.082266554
11958,0.07496558
11959,0.09358092
11960,0.07449484
11961,0.07827436
11962,0.46124852
11963,0.048839927
11964,0.048620984
11965,0.043281533
11966,0.052032635
11967,0.052093163
11968,0.04276788
11969,0.064491905
11970,0.06109538
11971,0.06281777
11972,0.076733544
11973,0.07331836
11974,0.07331836
11975,0.2784252
11976,0.07508635
11977,0.07774338
11978,0.04879317
11979,0.0488537
11980,0.04276788
11981,0.43656152
11982,0.07226061
11983,0.07508635
11984,0.2739674
11985,0.4630119
11986,0.05152988
11987,0.046547227
11988,0.048263084
11989,0.041791253
11990,0.041791253
11991,0.05227205
11992,0.04395575
11993,0.044249564
11994,0.064491905
11995,0.06500771
11996,0.04124883
11997,0.072383635
11998,0.05761681
11999,0.07827436
12000,0.07774338
12001,0.4873328
12002,0.051060464
12003,0.043230157
12004,0.0430778
12005,0.06819556
12006,0.068540744
12007,0.04276788
12008,0.056397013
12009,0.055683862
12010,0.26397103
12011,0.06574863
12012,0.051526815
12013,0.072707675
12014,0.06656742
12015,0.06114526
12016,0.07774338
12017,0.4816515
12018,0.068066806
12019,0.05076665
12020,0.050968852
12021,0.05151611
12022,0.0430778
12023,0.068340495
12024,0.06824694
12025,0.058887802
12026,0.061970983
12027,0.055835985
12028,0.056336485
12029,0.06674999
12030,0.06578385
12031,0.051266186
12032,0.04110236
12033,0.043296874
12034,0.03007693
12035,0.026681863
12036,0.028670078
12037,0.07228203
12038,0.07200474
12039,0.28297508
12040,0.07243039
12041,0.098306686
12042,0.06107616
12043,0.05788623
12044,0.037209023
12045,0.05055454
12046,0.05187954
12047,0.05151611
12048,0.051929727
12049,0.07198385
12050,0.2735572
12051,0.060461674
12052,0.059339367
12053,0.061394878
12054,0.061698623
12055,0.056093268
12056,0.056397013
12057,0.06932725
12058,0.051266186
12059,0.041747086
12060,0.049581356
12061,0.029417777
12062,0.03007693
12063,0.03007693
12064,0.07228203
12065,0.08522976
12066,0.27748162
12067,0.26658127
12068,0.26262966
12069,0.055812243
12070,0.05542163
12071,0.0367027
12072,0.06725221
12073,0.04966684
12074,0.075132646
12075,0.071970075
12076,0.5636177
12077,0.058104116
12078,0.05863656
12079,0.061101064
12080,0.05638324
12081,0.05574808
12082,0.069563426
12083,0.051526815
12084,0.049032364
12085,0.035874274
12086,0.029306544
12087,0.0361667
12088,0.03874129
12089,0.056832835
12090,0.07608673
12091,0.07606805
12092,0.11419923
12093,0.27561843
12094,0.49912322
12095,0.08413587
12096,0.061559934
12097,0.07514642
12098,0.075132646
12099,0.077037066
12100,0.043545548
12101,0.043942515
12102,0.044365846
12103,0.06424987
12104,0.06395991
12105,0.063925855
12106,0.063526005
12107,0.07912953
12108,0.060430624
12109,0.071450405
12110,0.04762799
12111,0.046623774
12112,0.04302083
12113,0.049862012
12114,0.049833007
12115,0.039460585
12116,0.028613241
12117,0.039196216
12118,0.039196216
12119,0.0745281
12120,0.07496377
12121,0.079952806
12122,0.10957251
12123,0.27265158
12124,0.27243483
12125,0.08396609
12126,0.061559934
12127,0.075132646
12128,0.075865045
12129,0.06881057
12130,0.044092804
12131,0.06424987
12132,0.0646635
12133,0.063883685
12134,0.06395991
12135,0.06121089
12136,0.060366407
12137,0.061325185
12138,0.060862042
12139,0.042666603
12140,0.046623774
12141,0.036443993
12142,0.033823956
12143,0.03737786
12144,0.07245504
12145,0.073540024
12146,0.11469559
12147,0.2955115
12148,0.10910174
12149,0.083672285
12150,0.061559934
12151,0.08508286
12152,0.07619616
12153,0.076889046
12154,0.069689386
12155,0.06392568
12156,0.49623868
12157,0.060218513
12158,0.070923045
12159,0.06135281
12160,0.079458565
12161,0.04801992
12162,0.04800608
12163,0.037842724
12164,0.03737786
12165,0.27040276
12166,0.069878526
12167,0.0779196
12168,0.110425465
12169,0.5644641
12170,0.10905036
12171,0.08338818
12172,0.26166987
12173,0.08433517
12174,0.075787276
12175,0.2650438
12176,0.06887479
12177,0.04230773
12178,0.041470777
12179,0.06393946
12180,0.070923045
12181,0.06865771
12182,0.079058714
12183,0.07903959
12184,0.043223247
12185,0.039102554
12186,0.03761137
12187,0.04343203
12188,0.04240704
12189,0.080871
12190,0.08896014
12191,0.092162475
12192,0.09141479
12193,0.08597254
12194,0.08545758
12195,0.08880537
12196,0.11340882
12197,0.13904366
12198,0.26739863
12199,0.10039967
12200,0.057564016
12201,0.059598487
12202,0.08520439
12203,0.7576569
12204,0.079058714
12205,0.079058714
12206,0.4772125
12207,0.2745346
12208,0.04320708
12209,0.04214802
12210,0.05553085
12211,0.2592703
12212,0.25486362
12213,0.092162475
12214,0.08592579
12215,0.26652998
12216,0.26367378
12217,0.11229496
12218,0.1395966
12219,0.47829133
12220,0.0938516
12221,0.057564016
12222,0.060387295
12223,0.06214412
12224,0.28018337
12225,0.7719356
12226,0.079058714
12227,0.079275765
12228,0.48004988
12229,0.04303467
12230,0.043223247
12231,0.26609477
12232,0.03788866
12233,0.053654023
12234,0.05553085
12235,0.0794147
12236,0.07619254
12237,0.08824868
12238,0.43917456
12239,0.085580796
12240,0.08553404
12241,0.2669434
12242,0.11101614
12243,0.26494154
12244,0.51452005
12245,0.27925837
12246,0.041470777
12247,0.28191862
12248,0.115975104
12249,0.2758214
12250,0.7943965
12251,0.80020714
12252,0.28731152
12253,0.08111129
12254,0.26218688
12255,0.056612123
12256,0.039198644
12257,0.036828917
12258,0.061843082
12259,0.07640079
12260,0.08587186
12261,0.089738905
12262,0.08500161
12263,0.087585956
12264,0.112253025
12265,0.052928973
12266,0.1194319
12267,0.27240506
12268,0.280773
12269,0.041907884
12270,0.056509577
12271,0.112548314
12272,0.083092816
12273,0.71448755
12274,0.82962346
12275,0.5134456
12276,0.081092164
12277,0.04254809
12278,0.058334652
12279,0.41159514
12280,0.03913156
12281,0.036768742
12282,0.052928973
12283,0.054202855
12284,0.054202855
12285,0.06480426
12286,0.06480426
12287,0.51221865
12288,0.08802076
12289,0.10886133
12290,0.108814575
12291,0.10886133
12292,0.10392609
12293,0.08111129
12294,0.26252204
12295,0.26034033
12296,0.0959355
12297,0.27812007
12298,0.08352436
12299,0.08352436
12300,0.9107699
12301,0.7562863
12302,0.8531252
12303,0.07237409
12304,0.06948826
12305,0.06134055
12306,0.43924713
12307,0.08689296
12308,0.43458652
12309,0.057503648
12310,0.05698784
12311,0.052759178
12312,0.05368787
12313,0.054202855
12314,0.06480426
12315,0.06480426
12316,0.50890213
12317,0.5134078
12318,0.26376197
12319,0.2646216
12320,0.108397745
12321,0.10464309
12322,0.08337674
12323,0.08459909
12324,0.068192564
12325,0.068603836
12326,0.09658666
12327,0.096391656
12328,0.08357166
12329,0.09022803
12330,0.052442588
12331,0.88652635
12332,0.8236905
12333,0.8557787
12334,0.058198802
12335,0.058493063
12336,0.5591348
12337,0.06134055
12338,0.2905994
12339,0.084235914
12340,0.045159705
12341,0.05241399
12342,0.03462108
12343,0.06455545
12344,0.05709469
12345,0.7037113
12346,0.7366709
12347,0.10886133
12348,0.10886133
12349,0.088321865
12350,0.1303173
12351,0.089377105
12352,0.5129183
12353,0.0683973
12354,0.06831003
12355,0.08255789
12356,0.08352436
12357,0.0903992
12358,0.075414255
12359,0.08189272
12360,0.7533163
12361,0.26964673
12362,0.27083704
12363,0.057171427
12364,0.06861858
12365,0.0615268
12366,0.26078123
12367,0.087213844
12368,0.06076374
12369,0.0541561
12370,0.03462108
12371,0.05709469
12372,0.05684586
12373,0.74095255
12374,0.6282235
12375,0.47449103
12376,0.2683413
12377,0.1303173
12378,0.24817222
12379,0.2610896
12380,0.49834746
12381,0.068603836
12382,0.06961965
12383,0.08355199
12384,0.08355199
12385,0.09074383
12386,0.07493876
12387,0.27362683
12388,0.27750877
12389,0.27264133
12390,0.27112466
12391,0.95188403
12392,0.26366702
12393,0.06775152
12394,0.2703692
12395,0.2600999
12396,0.056313373
12397,0.06757198
12398,0.03502696
12399,0.034857165
12400,0.08500525
12401,0.088602155
12402,0.26426566
12403,0.4870299
12404,0.26330587
12405,0.53356344
12406,0.27157852
12407,0.12577352
12408,0.11269192
12409,0.49454832
12410,0.095999725
12411,0.07512045
12412,0.07553354
12413,0.075561166
12414,0.522069
12415,0.2621727
12416,0.051664174
12417,0.531299
12418,0.54482764
12419,0.06534067
12420,0.070565104
12421,0.0614226
12422,0.06377358
12423,0.044427935
12424,0.034980204
12425,0.03502696
12426,0.08488223
12427,0.08843238
12428,0.108986296
12429,0.10886133
12430,0.5367469
12431,0.6754095
12432,0.57498616
12433,0.5729549
12434,0.48370132
12435,0.10488669
12436,0.074158214
12437,0.07491071
12438,0.07491071
12439,0.12570685
12440,0.1055367
12441,0.05184168
12442,0.06801259
12443,0.06382787
12444,0.061955065
12445,0.06534067
12446,0.071454026
12447,0.060906794
12448,0.048160873
12449,0.048238643
12450,0.06515491
12451,0.034431938
12452,0.029628124
12453,0.030143106
12454,0.088602155
12455,0.088602155
12456,0.10869155
12457,0.26407304
12458,0.2634512
12459,0.582775
12460,0.6374268
12461,0.63497096
12462,0.48177055
12463,0.09604323
12464,0.07603709
12465,0.07553354
12466,0.075561166
12467,0.106125474
12468,0.052044097
12469,0.0638921
12470,0.7507139
12471,0.062470872
12472,0.071306005
12473,0.0614226
12474,0.06404028
12475,0.08130978
12476,0.04454275
12477,0.07221204
12478,0.06685177
12479,0.030143106
12480,0.029615283
12481,0.088602155
12482,0.088602155
12483,0.10886133
12484,0.5121074
12485,0.6424868
12486,0.123156704
12487,0.65132385
12488,0.57466865
12489,0.48140326
12490,0.09698711
12491,0.07512045
12492,0.07603709
12493,0.07551441
12494,0.08609358
12495,0.05152185
12496,0.05132587
12497,0.06304733
12498,0.062470872
12499,0.44855788
12500,0.28762898
12501,0.42411903
12502,0.06480793
12503,0.06404028
12504,0.08149603
12505,0.06496866
12506,0.07221204
12507,0.058667906
12508,0.065367244
12509,0.062182236
12510,0.062182236
12511,0.104524665
12512,0.7489814
12513,0.06770322
12514,0.55869484
12515,0.46805018
12516,0.48364615
12517,0.2702951
12518,0.09067546
12519,0.038671
12520,0.057155564
12521,0.05248433
12522,0.05356089
12523,0.07117333
12524,0.079964854
12525,0.08446791
12526,0.05040594
12527,0.41660506
12528,0.05137075
12529,0.05268408
12530,0.4732802
12531,0.07163607
12532,0.030143106
12533,0.062182236
12534,0.06322835
12535,0.10456266
12536,0.096252926
12537,0.06319669
12538,0.28907305
12539,0.26647654
12540,0.08609358
12541,0.08961373
12542,0.039228614
12543,0.052799456
12544,0.05242244
12545,0.05248433
12546,0.05356089
12547,0.07219096
12548,0.079948686
12549,0.051012095
12550,0.049051695
12551,0.26476333
12552,0.05268408
12553,0.07541282
12554,0.06638171
12555,0.0633764
12556,0.096252926
12557,0.050002877
12558,0.063207135
12559,0.06326091
12560,0.07560979
12561,0.25356987
12562,0.49355525
12563,0.50305736
12564,0.091792345
12565,0.05248433
12566,0.051215842
12567,0.053045083
12568,0.079000466
12569,0.08564729
12570,0.05137075
12571,0.050560623
12572,0.053085074
12573,0.03472928
12574,0.0450756
12575,0.06342315
12576,0.096252926
12577,0.4260098
12578,0.06301771
12579,0.060310543
12580,0.074840285
12581,0.03982929
12582,0.09049137
12583,0.5048653
12584,0.08977616
12585,0.039499607
12586,0.05340316
12587,0.05356309
12588,0.051110804
12589,0.050993342
12590,0.079948686
12591,0.08584971
12592,0.050673116
12593,0.051937725
12594,0.0506865
12595,0.050560623
12596,0.05279126
12597,0.04390842
12598,0.05009253
12599,0.08630031
12600,0.059681434
12601,0.03982929
12602,0.039277222
12603,0.051634546
12604,0.05695264
12605,0.46131748
12606,0.06674894
12607,0.04989175
12608,0.04864459
12609,0.05105756
12610,0.07117306
12611,0.07143676
12612,0.07103282
12613,0.065354764
12614,0.25606975
12615,0.06333848
12616,0.063558444
12617,0.0391416
12618,0.03953744
12619,0.035509773
12620,0.0792254
12621,0.2589358
12622,0.053378753
12623,0.06769932
12624,0.05059592
12625,0.08630031
12626,0.059617218
12627,0.03982929
12628,0.038911752
12629,0.4719742
12630,0.5491279
12631,0.06674894
12632,0.06693892
12633,0.050301913
12634,0.04960681
12635,0.049786106
12636,0.26081738
12637,0.07237362
12638,0.07102516
12639,0.81738234
12640,0.07143676
12641,0.06576604
12642,0.06519449
12643,0.06359366
12644,0.06341197
12645,0.037162438
12646,0.073374204
12647,0.41354528
12648,0.044877846
12649,0.07859392
12650,0.051862843
12651,0.04788889
12652,0.08599174
12653,0.06014241
12654,0.067293644
12655,0.03279827
12656,0.032751516
12657,0.053761993
12658,0.05604471
12659,0.042130437
12660,0.04206635
12661,0.049900625
12662,0.049900625
12663,0.051922962
12664,0.07062155
12665,0.071988545
12666,0.066171445
12667,0.0634762
12668,0.06359366
12669,0.06500771
12670,0.03711735
12671,0.06988123
12672,0.55707866
12673,0.07910972
12674,0.05198585
12675,0.05389456
12676,0.048623323
12677,0.06014241
12678,0.06770322
12679,0.032751516
12680,0.03298769
12681,0.28397018
12682,0.043027956
12683,0.043027956
12684,0.049786106
12685,0.052645005
12686,0.070557326
12687,0.071988545
12688,0.06341197
12689,0.06474709
12690,0.06462962
12691,0.036999185
12692,0.07315629
12693,0.5528576
12694,0.07911959
12695,0.05198585
12696,0.048042726
12697,0.032463335
12698,0.036370754
12699,0.04379356
12700,0.048127506
12701,0.022251807
12702,0.023635326
12703,0.023894966
12704,0.054557804
12705,0.24241783
12706,0.06705387
12707,0.06875571
12708,0.041307043
12709,0.041493293
12710,0.036332842
12711,0.0360732
12712,0.24632022
12713,0.2546236
12714,0.09354497
12715,0.055955905
12716,0.030749096
12717,0.032194402
12718,0.032194402
12719,0.02635887
12720,0.038392346
12721,0.032866534
12722,0.042185567
12723,0.023493048
12724,0.023493048
12725,0.023635326
12726,0.025168635
12727,0.023128983
12728,0.054557804
12729,0.05115593
12730,0.06870247
12731,0.06870247
12732,0.04078203
12733,0.036332842
12734,0.035468232
12735,0.06356616
12736,0.053874474
12737,0.058952745
12738,0.030557608
12739,0.032194402
12740,0.028909383
12741,0.037443664
12742,0.03385933
12743,0.043700613
12744,0.036104556
12745,0.02331817
12746,0.023493048
12747,0.04831396
12748,0.022305185
12749,0.049746327
12750,0.051038466
12751,0.040791236
12752,0.04078203
12753,0.03498129
12754,0.053474117
12755,0.049383663
12756,0.026507549
12757,0.02686668
12758,0.039532434
12759,0.03355076
12760,0.04330239
12761,0.037527036
12762,0.023200706
12763,0.023837991
12764,0.02623593
12765,0.023821577
12766,0.023635326
12767,0.052812558
12768,0.0523143
12769,0.04073076
12770,0.07027512
12771,0.07051374
12772,0.053852197
12773,0.043007188
12774,0.036104556
12775,0.026288114
12776,0.026642287
12777,0.029063309
12778,0.047210786
12779,0.022663087
12780,0.04497844
12781,0.04497844
12782,0.07065416
12783,0.066477574
12784,0.03549074
12785,0.036057092
12786,0.036377765
12787,0.0308192
12788,0.027462047
12789,0.036699127
12790,0.026786704
12791,0.04831396
12792,0.023894966
12793,0.04336934
12794,0.07065416
12795,0.06597165
12796,0.092168435
12797,0.031048754
12798,0.022261782
12799,0.027007664
12800,0.026964258
12801,0.02841532
12802,0.028644977
12803,0.023894966
12804,0.02375461
12805,0.022251807
12806,0.023128983
12807,0.051237486
12808,0.054371554
12809,0.052739166
12810,0.07084041
12811,0.06731351
12812,0.03648723
12813,0.09300119
12814,0.035855427
12815,0.038557902
12816,0.038512837
12817,0.06852104
12818,0.053075302
12819,0.05403485
12820,0.054043774
12821,0.035871852
12822,0.036027614
12823,0.0691802
12824,0.07098141
12825,0.05344068
12826,0.068666115
12827,0.07177931
12828,0.07691563
12829,0.07952337
12830,0.49003014
12831,0.486206
12832,0.060156237
12833,0.03707677
12834,0.27186632
12835,0.07692439
12836,0.56781095
12837,0.08252075
12838,0.0635017
12839,0.057760917
12840,0.03754619
12841,0.07758355
12842,0.08113963
12843,0.55019003
12844,0.107561134
12845,0.06743375
12846,0.27122504
12847,0.057760917
12848,0.03754619
12849,0.040993456
12850,0.039619893
12851,0.047669545
12852,0.04485375
12853,0.038557902
12854,0.08124422
12855,0.07398687
12856,0.44446886
12857,0.48947427
12858,0.06663771
12859,0.060331885
12860,0.27459773
12861,0.057760917
12862,0.037094627
12863,0.040979683
12864,0.04052404
12865,0.045607828
12866,0.062120374
12867,0.45046702
12868,0.09375069
12869,0.2708881
12870,0.51019335
12871,0.07406662
12872,0.47901168
12873,0.048331726
12874,0.046039026
12875,0.2679694
12876,0.057153456
12877,0.05227205
12878,0.051471815
12879,0.065040894
12880,0.08522976
12881,0.07496558
12882,0.09375069
12883,0.094142
12884,0.046199337
12885,0.07408596
12886,0.076980166
12887,0.28931385
12888,0.04860164
12889,0.0483455
12890,0.043433513
12891,0.058650333
12892,0.051131964
12893,0.043167725
12894,0.06370863
12895,0.062120374
12896,0.07579882
12897,0.07584557
12898,0.072166815
12899,0.072707675
12900,0.07455537
12901,0.076727726
12902,0.04832717
12903,0.046547227
12904,0.043404546
12905,0.04276788
12906,0.44548744
12907,0.072707675
12908,0.07455537
12909,0.48034042
12910,0.47227174
12911,0.0488537
12912,0.047478516
12913,0.043521654
12914,0.05225921
12915,0.043904375
12916,0.043891665
12917,0.06453497
12918,0.043748073
12919,0.041730918
12920,0.06885621
12921,0.060166918
12922,0.07729182
12923,0.2793039
12924,0.482903
12925,0.043099757
12926,0.04393106
12927,0.07212357
12928,0.072170325
12929,0.05638324
12930,0.055952813
12931,0.26274985
12932,0.06932725
12933,0.051148724
12934,0.049287543
12935,0.072707675
12936,0.05864172
12937,0.07692879
12938,0.49004897
12939,0.05152988
12940,0.05152988
12941,0.05152988
12942,0.043433513
12943,0.07198385
12944,0.068131335
12945,0.060061827
12946,0.061698623
12947,0.056397013
12948,0.055587344
12949,0.066760175
12950,0.066760175
12951,0.051526815
12952,0.04154467
12953,0.041507233
12954,0.037755955
12955,0.029306544
12956,0.037755955
12957,0.07174117
12958,0.07195799
12959,0.2742286
12960,0.07226061
12961,0.09333758
12962,0.05980549
12963,0.05536438
12964,0.037754677
12965,0.037530147
12966,0.051060464
12967,0.05076665
12968,0.05152988
12969,0.07198385
12970,0.26936337
12971,0.05782978
12972,0.05784249
12973,0.061698623
12974,0.06168485
12975,0.05574808
12976,0.05574808
12977,0.066760175
12978,0.04154467
12979,0.04954817
12980,0.03007693
12981,0.03007693
12982,0.029242327
12983,0.06281777
12984,0.0709109
12985,0.08282417
12986,0.27714625
12987,0.26635343
12988,0.2656968
12989,0.05678608
12990,0.05536438
12991,0.036779337
12992,0.068066806
12993,0.05152988
12994,0.051060464
12995,0.0742676
12996,0.06799531
12997,0.5759484
12998,0.058333635
12999,0.061394878
13000,0.05574808
13001,0.056397013
13002,0.06607766
13003,0.051526815
13004,0.04973442
13005,0.042695608
13006,0.03007693
13007,0.043895137
13008,0.03914946
13009,0.06017336
13010,0.07505578
13011,0.07505429
13012,0.10813091
13013,0.2742278
13014,0.4982971
13015,0.08413587
13016,0.060980737
13017,0.07554627
13018,0.07514642
13019,0.07703694
13020,0.044046048
13021,0.04437962
13022,0.043584485
13023,0.065703146
13024,0.06345399
13025,0.06351223
13026,0.063614726
13027,0.07813715
13028,0.060721427
13029,0.071281075
13030,0.06080556
13031,0.042613357
13032,0.04762799
13033,0.04762799
13034,0.0427602
13035,0.050157852
13036,0.050191037
13037,0.036768742
13038,0.037755955
13039,0.039855372
13040,0.038932633
13041,0.074048884
13042,0.07247926
13043,0.07813889
13044,0.11047883
13045,0.2674806
13046,0.2799059
13047,0.08413587
13048,0.061044954
13049,0.07554627
13050,0.070089236
13051,0.044046048
13052,0.04437962
13053,0.06453602
13054,0.06426365
13055,0.063526005
13056,0.06444637
13057,0.05643687
13058,0.060893767
13059,0.06135281
13060,0.061325185
13061,0.04273082
13062,0.04272499
13063,0.050157852
13064,0.036825858
13065,0.03581955
13066,0.03737786
13067,0.071672074
13068,0.07245504
13069,0.27413362
13070,0.2932876
13071,0.10535557
13072,0.083872296
13073,0.061044954
13074,0.0845679
13075,0.076256685
13076,0.07786438
13077,0.069689386
13078,0.045698773
13079,0.06393946
13080,0.5242859
13081,0.060379244
13082,0.07143128
13083,0.06135281
13084,0.079458565
13085,0.046327934
13086,0.046623774
13087,0.042411953
13088,0.0361667
13089,0.03737786
13090,0.03761137
13091,0.072285265
13092,0.07791496
13093,0.11030986
13094,0.56825864
13095,0.109565325
13096,0.08413587
13097,0.26249823
13098,0.08433517
13099,0.25710437
13100,0.07698556
13101,0.06967561
13102,0.041061368
13103,0.041907884
13104,0.06393946
13105,0.07147803
13106,0.07147803
13107,0.079058714
13108,0.07908634
13109,0.04302083
13110,0.03761137
13111,0.04343203
13112,0.04343203
13113,0.08191615
13114,0.08433987
13115,0.092162475
13116,0.08824868
13117,0.08597254
13118,0.08597254
13119,0.08708427
13120,0.113578595
13121,0.1395966
13122,0.27536803
13123,0.10177486
13124,0.05881953
13125,0.057068534
13126,0.05953796
13127,0.08831992
13128,0.7236687
13129,0.079458565
13130,0.07808472
13131,0.49165183
13132,0.08151114
13133,0.04320708
13134,0.04343203
13135,0.05553085
13136,0.25964454
13137,0.2525888
13138,0.09197336
13139,0.08570897
13140,0.08511721
13141,0.0891156
13142,0.11299941
13143,0.13999644
13144,0.49819514
13145,0.093050785
13146,0.057413723
13147,0.05881953
13148,0.059674375
13149,0.057855967
13150,0.2730144
13151,0.8060532
13152,0.07809757
13153,0.079058714
13154,0.48134008
13155,0.04302083
13156,0.042505022
13157,0.26401663
13158,0.03788866
13159,0.05426376
13160,0.054556157
13161,0.0794147
13162,0.0794147
13163,0.09169889
13164,0.44691956
13165,0.085580796
13166,0.08505299
13167,0.27433115
13168,0.1105673
13169,0.26439846
13170,0.44858542
13171,0.43661255
13172,0.2756339
13173,0.115975104
13174,0.080672674
13175,0.8023415
13176,0.82848084
13177,0.5290415
13178,0.08049533
13179,0.2628205
13180,0.05754909
13181,0.03940041
13182,0.061843082
13183,0.0794147
13184,0.08978566
13185,0.089522086
13186,0.08511721
13187,0.0891156
13188,0.11229978
13189,0.052928973
13190,0.12064634
13191,0.27617693
13192,0.09386538
13193,0.041387215
13194,0.05881953
13195,0.27413037
13196,0.08883093
13197,0.71885365
13198,0.81911325
13199,0.5239204
13200,0.08111129
13201,0.08151114
13202,0.04302083
13203,0.05662829
13204,0.43372577
13205,0.04289963
13206,0.03699815
13207,0.052928973
13208,0.054202855
13209,0.054202855
13210,0.06463449
13211,0.06480426
13212,0.5130448
13213,0.08744157
13214,0.108397745
13215,0.10886133
13216,0.10886133
13217,0.09141899
13218,0.08111129
13219,0.26275656
13220,0.49700162
13221,0.09655903
13222,0.27741033
13223,0.0831155
13224,0.08352436
13225,0.90811306
13226,0.72113097
13227,0.85362226
13228,0.05756336
13229,0.07201034
13230,0.069205716
13231,0.063067086
13232,0.448843
13233,0.08541592
13234,0.26388866
13235,0.057503648
13236,0.056090444
13237,0.052882217
13238,0.054202855
13239,0.053739246
13240,0.06234747
13241,0.06475751
13242,0.51443446
13243,0.2775467
13244,0.26448932
13245,0.108397745
13246,0.1082683
13247,0.101110734
13248,0.08422687
13249,0.08317201
13250,0.06542223
13251,0.069247425
13252,0.096539915
13253,0.09648877
13254,0.08300856
13255,0.090334974
13256,0.052442588
13257,0.88551325
13258,0.8606721
13259,0.8550198
13260,0.057582702
13261,0.058493063
13262,0.26385194
13263,0.28735852
13264,0.08458353
13265,0.052349772
13266,0.05368787
13267,0.034041878
13268,0.06475751
13269,0.056566864
13270,0.73326504
13271,0.70317096
13272,0.10886133
13273,0.10905052
13274,0.102504395
13275,0.1303173
13276,0.089377105
13277,0.56877553
13278,0.069247425
13279,0.068192564
13280,0.08352436
13281,0.08352436
13282,0.090516664
13283,0.07512045
13284,0.08189272
13285,0.7988421
13286,0.5594658
13287,0.12649806
13288,0.05776021
13289,0.06930201
13290,0.059948456
13291,0.2600999
13292,0.08458353
13293,0.057503648
13294,0.05367516
13295,0.054202855
13296,0.034574322
13297,0.056831107
13298,0.056924894
13299,0.26308087
13300,0.62991655
13301,0.26701498
13302,0.26749486
13303,0.1303173
13304,0.12981391
13305,0.08935798
13306,0.49883497
13307,0.06831003
13308,0.0692198
13309,0.08352436
13310,0.083582126
13311,0.09074383
13312,0.07512045
13313,0.2730519
13314,0.28321847
13315,0.30044302
13316,0.27112466
13317,0.95120853
13318,0.26645175
13319,0.06819884
13320,0.27115119
13321,0.26476145
13322,0.06459094
13323,0.057207808
13324,0.06705618
13325,0.03502696
13326,0.03427926
13327,0.08458842
13328,0.08807435
13329,0.26468194
13330,0.49197403
13331,0.26439717
13332,0.5582554
13333,0.27871442
13334,0.12617627
13335,0.29183587
13336,0.29238033
13337,0.09655903
13338,0.07603709
13339,0.07500298
13340,0.26038033
13341,0.074499436
13342,0.5555807
13343,0.2594993
13344,0.05184168
13345,0.60208887
13346,0.55128574
13347,0.0653774
13348,0.07116986
13349,0.06162502
13350,0.06377358
13351,0.047473818
13352,0.034451284
13353,0.034499135
13354,0.03502696
13355,0.0852412
13356,0.08843238
13357,0.10886133
13358,0.108397745
13359,0.54586226
13360,0.69862777
13361,0.58452785
13362,0.5795469
13363,0.4993188
13364,0.105241254
13365,0.07490833
13366,0.07443521
13367,0.07455268
13368,0.12629564
13369,0.10594797
13370,0.046294115
13371,0.06801259
13372,0.06448087
13373,0.061260264
13374,0.06609562
13375,0.07234579
13376,0.0614226
13377,0.045042243
13378,0.04454275
13379,0.06515491
13380,0.03462108
13381,0.029563902
13382,0.030143106
13383,0.08843238
13384,0.088602155
13385,0.108397745
13386,0.25804394
13387,0.26375183
13388,0.5718355
13389,0.614291
13390,0.62221956
13391,0.48149532
13392,0.096539915
13393,0.07603709
13394,0.07440478
13395,0.07455268
13396,0.10632789
13397,0.051252898
13398,0.06448087
13399,0.75178313
13400,0.062470872
13401,0.05730346
13402,0.0717887
13403,0.060569063
13404,0.25475273
13405,0.08469511
13406,0.04454275
13407,0.061734997
13408,0.029973315
13409,0.029889753
13410,0.088602155
13411,0.088602155
13412,0.10886133
13413,0.4858589
13414,0.6724947
13415,0.12421225
13416,0.14577763
13417,0.5698997
13418,0.48220834
13419,0.27950683
13420,0.07552128
13421,0.0746169
13422,0.08671641
13423,0.052044097
13424,0.05184168
13425,0.06448087
13426,0.061787445
13427,0.43161163
13428,0.28133133
13429,0.44128776
13430,0.060268383
13431,0.063959815
13432,0.08151226
13433,0.07221204
13434,0.06546817
13435,0.061548747
13436,0.06454069
13437,0.062182236
13438,0.062182236
13439,0.10456266
13440,0.7137429
13441,0.56054515
13442,0.54458696
13443,0.48460117
13444,0.26263586
13445,0.2777484
13446,0.09064783
13447,0.039704107
13448,0.052274417
13449,0.05356309
13450,0.071988545
13451,0.07976244
13452,0.08564729
13453,0.051937725
13454,0.2690119
13455,0.050750718
13456,0.052727044
13457,0.052673798
13458,0.26919085
13459,0.076801404
13460,0.062949345
13461,0.10429909
13462,0.25295037
13463,0.06301771
13464,0.06301771
13465,0.08808709
13466,0.08900461
13467,0.08674404
13468,0.09067546
13469,0.04054399
13470,0.052799456
13471,0.050109718
13472,0.048445508
13473,0.05326505
13474,0.071584605
13475,0.07976244
13476,0.05022373
13477,0.4481919
13478,0.052196637
13479,0.05279126
13480,0.07489701
13481,0.06705618
13482,0.06294948
13483,0.09649613
13484,0.05059592
13485,0.06297096
13486,0.06260814
13487,0.07555716
13488,0.07560979
13489,0.49896756
13490,0.5024104
13491,0.09085536
13492,0.039499607
13493,0.05218849
13494,0.05248433
13495,0.05356089
13496,0.079948686
13497,0.08513149
13498,0.05004334
13499,0.05137075
13500,0.049753636
13501,0.05268408
13502,0.034642007
13503,0.04390842
13504,0.06342315
13505,0.09605812
13506,0.4284523
13507,0.061997775
13508,0.06254391
13509,0.07484016
13510,0.03982929
13511,0.09306517
13512,0.507942
13513,0.091792345
13514,0.039198183
13515,0.05238818
13516,0.053763308
13517,0.051468834
13518,0.07885257
13519,0.084767856
13520,0.04853516
13521,0.050750718
13522,0.05137075
13523,0.05268408
13524,0.036699038
13525,0.0450756
13526,0.05059592
13527,0.0704929
13528,0.06014241
13529,0.04145235
13530,0.03982929
13531,0.051634546
13532,0.054889016
13533,0.46553013
13534,0.06644988
13535,0.050301913
13536,0.051172823
13537,0.07193503
13538,0.07143676
13539,0.07162301
13540,0.06529054
13541,0.06519449
13542,0.06359366
13543,0.064040534
13544,0.03774453
13545,0.0391416
13546,0.035432003
13547,0.080194816
13548,0.26668236
13549,0.06757198
13550,0.05059592
13551,0.07974297
13552,0.060007278
13553,0.03982929
13554,0.03982929
13555,0.4766893
13556,0.53854966
13557,0.06686115
13558,0.06656735
13559,0.041703943
13560,0.049542595
13561,0.050301913
13562,0.050301913
13563,0.25965777
13564,0.07193503
13565,0.07105559
13566,0.8926925
13567,0.07092096
13568,0.065354764
13569,0.06519449
13570,0.063854285
13571,0.063854285
13572,0.03755828
13573,0.035020024
13574,0.07389001
13575,0.43776286
13576,0.043392614
13577,0.25849807
13578,0.05205924
13579,0.05192693
13580,0.048387147
13581,0.059947588
13582,0.06770322
13583,0.03634322
13584,0.055344537
13585,0.04242425
13586,0.042012975
13587,0.039346077
13588,0.050301913
13589,0.049900625
13590,0.052442588
13591,0.07143676
13592,0.071988545
13593,0.06519449
13594,0.063381545
13595,0.064040534
13596,0.06408624
13597,0.036897544
13598,0.07539396
13599,0.56325555
13600,0.077088416
13601,0.2542589
13602,0.06391626
13603,0.06014241
13604,0.06770322
13605,0.52553123
13606,0.041168217
13607,0.039499607
13608,0.049786106
13609,0.052645005
13610,0.070739016
13611,0.0712908
13612,0.063854285
13613,0.06500771
13614,0.06483436
13615,0.03699989
13616,0.07541282
13617,0.55508804
13618,0.07910972
13619,0.05389456
13620,0.052220743
13621,0.04693723
13622,0.03233328
13623,0.036370754
13624,0.042185567
13625,0.048127506
13626,0.023397936
13627,0.023821577
13628,0.023119517
13629,0.052857105
13630,0.053855747
13631,0.06705387
13632,0.06922748
13633,0.038880505
13634,0.040702075
13635,0.035151783
13636,0.034876775
13637,0.24592304
13638,0.25058025
13639,0.09354497
13640,0.03241658
13641,0.026238617
13642,0.039532434
13643,0.034281693
13644,0.04386135
13645,0.023493048
13646,0.021883944
13647,0.023246447
13648,0.023635326
13649,0.052762456
13650,0.04986379
13651,0.06881993
13652,0.06870247
13653,0.03594405
13654,0.24697512
13655,0.07051374
13656,0.25454506
13657,0.047405474
13658,0.029397815
13659,0.026102718
13660,0.037042484
13661,0.03407144
13662,0.043912724
13663,0.036868293
13664,0.023200706
13665,0.04831396
13666,0.023635326
13667,0.052552916
13668,0.041307043
13669,0.040717814
13670,0.03458296
13671,0.055327754
13672,0.067113355
13673,0.027169455
13674,0.028909383
13675,0.03706183
13676,0.032866534
13677,0.042185567
13678,0.036104556
13679,0.0236793
13680,0.0236793
13681,0.048573602
13682,0.023635326
13683,0.023821577
13684,0.050126377
13685,0.05203711
13686,0.06988053
13687,0.09452242
13688,0.055787172
13689,0.030914182
13690,0.034081962
13691,0.037258085
13692,0.02659091
13693,0.02705185
13694,0.048075344
13695,0.023635326
13696,0.051237486
13697,0.07237842
13698,0.066538066
13699,0.036057092
13700,0.036006548
13701,0.02280476
13702,0.037407123
13703,0.026517771
13704,0.02824882
13705,0.02891391
13706,0.04831396
13707,0.023821577
13708,0.051237486
13709,0.07119563
13710,0.06705387
13711,0.092988245
13712,0.09249526
13713,0.02834381
13714,0.02398689
13715,0.022207774
13716,0.026288114
13717,0.029447995
13718,0.029063309
13719,0.023635326
13720,0.023635326
13721,0.022967616
13722,0.022369271
13723,0.04516469
13724,0.054371554
13725,0.053734284
13726,0.052739166
13727,0.07065416
13728,0.06705387
13729,0.03661638
13730,0.0924317
13731,0.022885518
13732,0.03421842
13733,0.044649493
13734,0.033772767
13735,0.063820496
13736,0.052252144
13737,0.054231197
13738,0.034842733
13739,0.035039946
13740,0.033772767
13741,0.065056056
13742,0.062652975
13743,0.053416066
13744,0.053220272
13745,0.059423055
13746,0.06311458
13747,0.063438624
13748,0.08890933
13749,0.07924391
13750,0.052861623
13751,0.48578915
13752,0.059030376
13753,0.038440995
13754,0.2664349
13755,0.06969163
13756,0.084259436
13757,0.085817106
13758,0.06388055
13759,0.060189974
13760,0.04108772
13761,0.067341894
13762,0.07480277
13763,0.49765322
13764,0.10022136
13765,0.06859017
13766,0.27464956
13767,0.057385765
13768,0.038440995
13769,0.038427223
13770,0.040618304
13771,0.04108772
13772,0.04731786
13773,0.04856899
13774,0.040994354
13775,0.07156469
13776,0.07170977
13777,0.47852606
13778,0.41716996
13779,0.06582576
13780,0.059487272
13781,0.27195787
13782,0.038440995
13783,0.04108772
13784,0.040618304
13785,0.04656378
13786,0.05960611
13787,0.431589
13788,0.09842655
13789,0.45045057
13790,0.5216554
13791,0.079784416
13792,0.4593507
13793,0.053249117
13794,0.26373392
13795,0.05868407
13796,0.052587274
13797,0.052187428
13798,0.06508918
13799,0.08549837
13800,0.07611418
13801,0.09814926
13802,0.094955534
13803,0.07778323
13804,0.07758934
13805,0.28126487
13806,0.053886175
13807,0.054029882
13808,0.043120652
13809,0.05724772
13810,0.051965926
13811,0.05156608
13812,0.043934423
13813,0.06238897
13814,0.064237595
13815,0.07611418
13816,0.07705353
13817,0.0665692
13818,0.28383562
13819,0.0777227
13820,0.054124463
13821,0.05390552
13822,0.4222009
13823,0.063402764
13824,0.07897383
13825,0.2828885
13826,0.28344446
13827,0.053332422
13828,0.053630035
13829,0.044904746
13830,0.05241769
13831,0.04399864
13832,0.06508918
13833,0.06527543
13834,0.044476297
13835,0.072698995
13836,0.05885097
13837,0.08040512
13838,0.07846816
13839,0.4816367
13840,0.051973805
13841,0.044610932
13842,0.0444072
13843,0.07300082
13844,0.06788429
13845,0.044050016
13846,0.05802459
13847,0.056891125
13848,0.4113939
13849,0.06799845
13850,0.05260892
13851,0.060027342
13852,0.07770494
13853,0.48646656
13854,0.06856091
13855,0.05040402
13856,0.052023992
13857,0.044142056
13858,0.06783206
13859,0.07227836
13860,0.057936754
13861,0.042862143
13862,0.061779115
13863,0.056491278
13864,0.066900015
13865,0.06799845
13866,0.051075608
13867,0.040577654
13868,0.048941217
13869,0.04210908
13870,0.029122978
13871,0.03520371
13872,0.037969526
13873,0.07227335
13874,0.07227335
13875,0.28276813
13876,0.072698995
13877,0.09270907
13878,0.060397413
13879,0.06624542
13880,0.035976738
13881,0.035976738
13882,0.050552044
13883,0.04062014
13884,0.05312361
13885,0.052023992
13886,0.27138138
13887,0.27315524
13888,0.059373103
13889,0.058281943
13890,0.06173236
13891,0.061489142
13892,0.055829503
13893,0.056491278
13894,0.06799845
13895,0.040577654
13896,0.049543902
13897,0.030290505
13898,0.032149725
13899,0.027125767
13900,0.06238897
13901,0.07130702
13902,0.08549837
13903,0.27702394
13904,0.27782977
13905,0.27570462
13906,0.060816716
13907,0.05844122
13908,0.037196863
13909,0.067691654
13910,0.05219933
13911,0.051624145
13912,0.074477464
13913,0.06808957
13914,0.57043856
13915,0.05943363
13916,0.061792888
13917,0.056491278
13918,0.056491278
13919,0.07056552
13920,0.051047053
13921,0.04109346
13922,0.049096964
13923,0.042845666
13924,0.030290505
13925,0.036309402
13926,0.03968708
13927,0.060091887
13928,0.07540961
13929,0.07901712
13930,0.11088375
13931,0.27707958
13932,0.12999637
13933,0.083889514
13934,0.061828557
13935,0.07524068
13936,0.07524068
13937,0.07714404
13938,0.092739515
13939,0.044473883
13940,0.044460114
13941,0.06369614
13942,0.063303456
13943,0.06362024
13944,0.06362024
13945,0.07770739
13946,0.060409293
13947,0.07137533
13948,0.06176038
13949,0.04143254
13950,0.04775729
13951,0.042569622
13952,0.049742308
13953,0.049795553
13954,0.027125767
13955,0.039019078
13956,0.040068943
13957,0.079905644
13958,0.07532439
13959,0.08100426
13960,0.11272321
13961,0.27599904
13962,0.2739839
13963,0.084404476
13964,0.061056063
13965,0.07564053
13966,0.07018349
13967,0.04343409
13968,0.044036776
13969,0.06370898
13970,0.06435791
13971,0.06355972
13972,0.06370898
13973,0.06098803
13974,0.06176038
13975,0.060952596
13976,0.04326987
13977,0.04779527
13978,0.042569622
13979,0.049706645
13980,0.03942313
13981,0.041905873
13982,0.03876059
13983,0.037520282
13984,0.07183206
13985,0.07380135
13986,0.11273521
13987,0.29774958
13988,0.10937035
13989,0.084404476
13990,0.061056063
13991,0.08535147
13992,0.07635094
13993,0.07794486
13994,0.069314234
13995,0.043627374
13996,0.064033695
13997,0.2672136
13998,0.06101566
13999,0.07154466
14000,0.061199594
14001,0.0801741
14002,0.042053815
14003,0.044718444
14004,0.037520282
14005,0.0374765
14006,0.070147134
14007,0.07818357
14008,0.112894095
14009,0.54732794
14010,0.104885586
14011,0.08435772
14012,0.2623494
14013,0.085105464
14014,0.26084056
14015,0.077958636
14016,0.068904825
14017,0.042002145
14018,0.06412244
14019,0.07078025
14020,0.07108153
14021,0.07893168
14022,0.0803569
14023,0.042541068
14024,0.03775379
14025,0.04301987
14026,0.04051429
14027,0.08123904
14028,0.08680503
14029,0.09226131
14030,0.0919675
14031,0.08571334
14032,0.08572619
14033,0.087585606
14034,0.11209998
14035,0.2686396
14036,0.2700064
14037,0.100590445
14038,0.057149958
14039,0.05931364
14040,0.05978148
14041,0.059832856
14042,0.082943015
14043,0.71798533
14044,0.0801741
14045,0.0787384
14046,0.48456845
14047,0.2750013
14048,0.042053815
14049,0.042722747
14050,0.04329716
14051,0.053428803
14052,0.2621322
14053,0.25502282
14054,0.09243108
14055,0.08572619
14056,0.085849404
14057,0.08892062
14058,0.11326802
14059,0.13886344
14060,0.48884767
14061,0.094030954
14062,0.05931364
14063,0.05969275
14064,0.060819965
14065,0.28483424
14066,0.7725041
14067,0.07934109
14068,0.079047285
14069,0.48865736
14070,0.041461922
14071,0.04226585
14072,0.27459955
14073,0.054421287
14074,0.054251928
14075,0.07968331
14076,0.07673362
14077,0.45274326
14078,0.085849404
14079,0.08533444
14080,0.26620695
14081,0.26854575
14082,0.2702146
14083,0.512007
14084,0.42877266
14085,0.042002145
14086,0.57916844
14087,0.2698602
14088,0.28234437
14089,0.7913886
14090,0.7900637
14091,0.5227309
14092,0.08088307
14093,0.2589783
14094,0.05604261
14095,0.05848814
14096,0.039666593
14097,0.06211168
14098,0.076720774
14099,0.090054266
14100,0.08906179
14101,0.08538582
14102,0.087636985
14103,0.11111497
14104,0.05261838
14105,0.12028022
14106,0.27459094
14107,0.09395964
14108,0.04025172
14109,0.057507988
14110,0.2737668
14111,0.053441886
14112,0.085067615
14113,0.7420959
14114,0.8017653
14115,0.5143996
14116,0.07985584
14117,0.08024777
14118,0.042569622
14119,0.05604261
14120,0.42143157
14121,0.039129317
14122,0.035236824
14123,0.05261838
14124,0.053892262
14125,0.053943638
14126,0.06507287
14127,0.06507287
14128,0.5181012
14129,0.087795764
14130,0.10896016
14131,0.109129936
14132,0.10888393
14133,0.10529684
14134,0.08128292
14135,0.2611974
14136,0.2615062
14137,0.096182786
14138,0.09581502
14139,0.08336278
14140,0.08329614
14141,0.88866013
14142,0.7024473
14143,0.8348246
14144,0.05784168
14145,0.07226931
14146,0.06938348
14147,0.060415115
14148,0.43681836
14149,0.08703974
14150,0.26422727
14151,0.05593496
14152,0.05571203
14153,0.052733973
14154,0.054471463
14155,0.05347898
14156,0.064545065
14157,0.06507287
14158,0.5126033
14159,0.5108591
14160,0.26450765
14161,0.109129936
14162,0.109129936
14163,0.09565079
14164,0.0839519
14165,0.08321275
14166,0.06801759
14167,0.06897245
14168,0.096034326
14169,0.09588898
14170,0.08329614
14171,0.09054324
14172,0.052524064
14173,0.8740773
14174,0.84283435
14175,0.85014474
14176,0.05784168
14177,0.057252906
14178,0.06938348
14179,0.4319219
14180,0.08511897
14181,0.05319758
14182,0.05370948
14183,0.034700546
14184,0.06457927
14185,0.056784097
14186,0.7618335
14187,0.7585395
14188,0.109129936
14189,0.108621575
14190,0.08819776
14191,0.13012494
14192,0.08812165
14193,0.51919115
14194,0.06920863
14195,0.06899158
14196,0.082887284
14197,0.08278034
14198,0.09049649
14199,0.07296239
14200,0.08197419
14201,0.7323136
14202,0.27056637
14203,0.1259058
14204,0.057370365
14205,0.06884285
14206,0.06168975
14207,0.26298916
14208,0.08493272
14209,0.0580339
14210,0.054007854
14211,0.054471463
14212,0.034310486
14213,0.056848314
14214,0.056361083
14215,0.7573977
14216,0.6380051
14217,0.26854944
14218,0.2657757
14219,0.1305859
14220,0.1305859
14221,0.2601472
14222,0.5016026
14223,0.068233304
14224,0.06920863
14225,0.08329614
14226,0.08278034
14227,0.28428802
14228,0.2603239
14229,0.08217661
14230,0.710797
14231,0.2739198
14232,0.27654353
14233,0.94740725
14234,0.26386184
14235,0.06809406
14236,0.2724016
14237,0.2648192
14238,0.06668099
14239,0.057720654
14240,0.25403532
14241,0.034889687
14242,0.03529557
14243,0.03529557
14244,0.08515083
14245,0.08882401
14246,0.108636335
14247,0.47028732
14248,0.2649419
14249,0.5320098
14250,0.5983064
14251,0.1260421
14252,0.29152513
14253,0.29464477
14254,0.07489223
14255,0.074774764
14256,0.07427122
14257,0.07530532
14258,0.5560869
14259,0.26685578
14260,0.05212557
14261,0.5567717
14262,0.54695714
14263,0.06255234
14264,0.06475389
14265,0.07269499
14266,0.0617718
14267,0.06438948
14268,0.034889687
14269,0.03483196
14270,0.03529557
14271,0.08515083
14272,0.08837716
14273,0.109129936
14274,0.109129936
14275,0.5776196
14276,0.68428886
14277,0.575255
14278,0.27662078
14279,0.50841784
14280,0.10486501
14281,0.07504372
14282,0.07443532
14283,0.07530532
14284,0.07442883
14285,0.1263771
14286,0.106206946
14287,0.051745653
14288,0.06809406
14289,0.06476476
14290,0.065476835
14291,0.072711155
14292,0.061340638
14293,0.04467976
14294,0.034310486
14295,0.030411715
14296,0.028543841
14297,0.088870764
14298,0.088870764
14299,0.10866635
14300,0.26563793
14301,0.14516124
14302,0.56048644
14303,0.6414701
14304,0.6509765
14305,0.4871575
14306,0.09631169
14307,0.07534248
14308,0.07431936
14309,0.106206946
14310,0.051923152
14311,0.06456234
14312,0.87951654
14313,0.06255234
14314,0.05740466
14315,0.07207757
14316,0.062038492
14317,0.06438948
14318,0.084750496
14319,0.043856006
14320,0.065201834
14321,0.06071398
14322,0.030364959
14323,0.030411715
14324,0.088870764
14325,0.088098295
14326,0.109129936
14327,0.49782464
14328,0.6760423
14329,0.12430188
14330,0.62250227
14331,0.5739073
14332,0.48393795
14333,0.2771341
14334,0.07580887
14335,0.07478952
14336,0.086488195
14337,0.051923152
14338,0.051923152
14339,0.06196357
14340,0.43893304
14341,0.058106717
14342,0.44062346
14343,0.061231174
14344,0.064122766
14345,0.081845224
14346,0.06499942
14347,0.2567225
14348,0.06071398
14349,0.06456451
14350,0.06344288
14351,0.06344288
14352,0.10601451
14353,0.7848475
14354,0.5509858
14355,0.55023724
14356,0.47194982
14357,0.48983783
14358,0.086488195
14359,0.089502975
14360,0.03949177
14361,0.05733169
14362,0.053642366
14363,0.07137227
14364,0.07951774
14365,0.085728765
14366,0.045287363
14367,0.2647247
14368,0.05059138
14369,0.05290929
14370,0.0531936
14371,0.2554139
14372,0.07544357
14373,0.062640265
14374,0.06369176
14375,0.1058794
14376,0.25479308
14377,0.06339303
14378,0.4835049
14379,0.2706925
14380,0.08597239
14381,0.09041961
14382,0.03942246
14383,0.052469656
14384,0.052768223
14385,0.052752055
14386,0.05312656
14387,0.07166608
14388,0.07984391
14389,0.044298917
14390,0.26107803
14391,0.054144528
14392,0.08060412
14393,0.06369176
14394,0.0972952
14395,0.049587708
14396,0.06321405
14397,0.06602604
14398,0.07568927
14399,0.074081205
14400,0.49742886
14401,0.5154764
14402,0.0924053
14403,0.05129732
14404,0.05141478
14405,0.053527102
14406,0.078689255
14407,0.085728765
14408,0.04265533
14409,0.05119275
14410,0.050898936
14411,0.052973505
14412,0.043939177
14413,0.04342337
14414,0.06393496
14415,0.09765802
14416,0.42224723
14417,0.06321405
14418,0.06321405
14419,0.07856928
14420,0.040025637
14421,0.093496434
14422,0.51155615
14423,0.09423979
14424,0.039581083
14425,0.26210305
14426,0.053527102
14427,0.049549602
14428,0.079328105
14429,0.085728765
14430,0.048582755
14431,0.26557747
14432,0.043140255
14433,0.049805284
14434,0.0858965
14435,0.05934445
14436,0.038863312
14437,0.039972987
14438,0.052679926
14439,0.05383562
14440,0.4594637
14441,0.066911004
14442,0.049570825
14443,0.07220275
14444,0.07070302
14445,0.27066875
14446,0.06601674
14447,0.06527596
14448,0.06341995
14449,0.06321823
14450,0.037775286
14451,0.037589036
14452,0.03495402
14453,0.079256155
14454,0.25727257
14455,0.05189347
14456,0.067086935
14457,0.0639255
14458,0.056836613
14459,0.040025637
14460,0.040025637
14461,0.4934773
14462,0.55162305
14463,0.26896933
14464,0.06664882
14465,0.042301226
14466,0.05038339
14467,0.0499821
14468,0.050585806
14469,0.049688287
14470,0.07125453
14471,0.070924036
14472,0.8914735
14473,0.064760156
14474,0.06393576
14475,0.06393576
14476,0.033238955
14477,0.08022557
14478,0.27301583
14479,0.04342337
14480,0.07814294
14481,0.051957686
14482,0.054950435
14483,0.048579406
14484,0.059543796
14485,0.07095854
14486,0.033279788
14487,0.05266831
14488,0.05344171
14489,0.042301226
14490,0.042301226
14491,0.039581083
14492,0.05038339
14493,0.05182896
14494,0.07058289
14495,0.07278285
14496,0.0655537
14497,0.06355767
14498,0.06412201
14499,0.06398147
14500,0.03546276
14501,0.03808522
14502,0.075424716
14503,0.6847242
14504,0.07735977
14505,0.052864797
14506,0.055466242
14507,0.048158262
14508,0.05949704
14509,0.06745996
14510,0.032994617
14511,0.03606787
14512,0.28337562
14513,0.042422164
14514,0.052122775
14515,0.0706388
14516,0.27194315
14517,0.06393576
14518,0.063493446
14519,0.06508918
14520,0.065122366
14521,0.03693318
14522,0.07641299
14523,0.6839556
14524,0.07711917
14525,0.05000798
14526,0.055466242
14527,0.032581
14528,0.035759453
14529,0.044474445
14530,0.046558816
14531,0.023150275
14532,0.023666084
14533,0.053882502
14534,0.052579936
14535,0.066214524
14536,0.06877483
14537,0.04093025
14538,0.040010806
14539,0.036363598
14540,0.06268869
14541,0.26122
14542,0.088337965
14543,0.032874815
14544,0.027203202
14545,0.0365671
14546,0.03306288
14547,0.043652173
14548,0.02335294
14549,0.021980125
14550,0.023150275
14551,0.022253346
14552,0.05376504
14553,0.052067865
14554,0.06874243
14555,0.069258235
14556,0.036103956
14557,0.06371438
14558,0.07557908
14559,0.054716114
14560,0.05409148
14561,0.02188162
14562,0.026452493
14563,0.03723883
14564,0.03381089
14565,0.042152252
14566,0.036281984
14567,0.021924356
14568,0.023231464
14569,0.023666084
14570,0.023925724
14571,0.022253346
14572,0.0413378
14573,0.0408544
14574,0.040812787
14575,0.03558815
14576,0.05260917
14577,0.055220943
14578,0.027203202
14579,0.0365671
14580,0.03329254
14581,0.04410907
14582,0.023523806
14583,0.023666084
14584,0.023666084
14585,0.023150275
14586,0.052583672
14587,0.0633219
14588,0.074378684
14589,0.08655852
14590,0.052389007
14591,0.02828287
14592,0.03755104
14593,0.02741794
14594,0.02557055
14595,0.048530966
14596,0.021371694
14597,0.042862836
14598,0.044847418
14599,0.07087117
14600,0.03608785
14601,0.03690678
14602,0.038330954
14603,0.022289364
14604,0.019796384
14605,0.030100087
14606,0.026999608
14607,0.029011074
14608,0.047824908
14609,0.023666084
14610,0.023666084
14611,0.04340975
14612,0.07016911
14613,0.06660122
14614,0.088337965
14615,0.0886955
14616,0.022289364
14617,0.01776083
14618,0.030691711
14619,0.026883861
14620,0.028363086
14621,0.029126825
14622,0.021842066
14623,0.02195953
14624,0.022583982
14625,0.023277204
14626,0.051268242
14627,0.045009196
14628,0.052583672
14629,0.07068492
14630,0.06575762
14631,0.08817969
14632,0.030557584
14633,0.0452448
14634,0.03829383
14635,0.054231197
14636,0.04233225
14637,0.062897764
14638,0.054453373
14639,0.05336931
14640,0.037352156
14641,0.27255058
14642,0.060570087
14643,0.053147133
14644,0.053220272
14645,0.065056056
14646,0.07272692
14647,0.08576573
14648,0.07865431
14649,0.27101234
14650,0.500874
14651,0.060250502
14652,0.05927516
14653,0.2673301
14654,0.06969163
14655,0.07865431
14656,0.2867936
14657,0.06528641
14658,0.060609225
14659,0.05887694
14660,0.037879966
14661,0.03797158
14662,0.06733212
14663,0.49134666
14664,0.29970887
14665,0.06228931
14666,0.48022765
14667,0.05784141
14668,0.05785518
14669,0.03762639
14670,0.038440995
14671,0.040260274
14672,0.041027192
14673,0.047378387
14674,0.03385088
14675,0.082413614
14676,0.07458519
14677,0.41153032
14678,0.42174822
14679,0.06378539
14680,0.2754197
14681,0.05785518
14682,0.040442184
14683,0.04108772
14684,0.04108772
14685,0.046615157
14686,0.06110497
14687,0.4385632
14688,0.09842655
14689,0.09854057
14690,0.4955097
14691,0.07778323
14692,0.07733166
14693,0.4640049
14694,0.053569507
14695,0.26217264
14696,0.057086986
14697,0.05156608
14698,0.06527543
14699,0.09474775
14700,0.076569706
14701,0.097401574
14702,0.09714701
14703,0.07845438
14704,0.2821315
14705,0.053611707
14706,0.05356033
14707,0.053630035
14708,0.044559557
14709,0.0587446
14710,0.05241769
14711,0.051552307
14712,0.042862143
14713,0.06238897
14714,0.06238897
14715,0.076391466
14716,0.072976284
14717,0.2808045
14718,0.07690441
14719,0.053290255
14720,0.053577207
14721,0.044610932
14722,0.4219462
14723,0.072171316
14724,0.07723759
14725,0.46694544
14726,0.2845516
14727,0.054124463
14728,0.054029882
14729,0.0523021
14730,0.042862143
14731,0.06482856
14732,0.06508918
14733,0.04268083
14734,0.06971958
14735,0.0606825
14736,0.077492826
14737,0.07790713
14738,0.4793619
14739,0.51752627
14740,0.0444072
14741,0.07300082
14742,0.044830296
14743,0.056891125
14744,0.056491278
14745,0.4036543
14746,0.06565753
14747,0.051228732
14748,0.0593264
14749,0.06202228
14750,0.07799875
14751,0.4901213
14752,0.051610373
14753,0.051624145
14754,0.050860915
14755,0.0444072
14756,0.07201758
14757,0.06822559
14758,0.05943363
14759,0.04241058
14760,0.061792888
14761,0.057930768
14762,0.06805582
14763,0.066663906
14764,0.051075608
14765,0.040808685
14766,0.049037978
14767,0.041618783
14768,0.029455898
14769,0.029631346
14770,0.029560482
14771,0.07255064
14772,0.07200978
14773,0.27422124
14774,0.0665692
14775,0.099116154
14776,0.05446015
14777,0.0561231
14778,0.03737218
14779,0.037196863
14780,0.050307814
14781,0.05312361
14782,0.051624145
14783,0.051624145
14784,0.27018267
14785,0.27346364
14786,0.06055594
14787,0.059373103
14788,0.061975595
14789,0.061975595
14790,0.055842344
14791,0.05610397
14792,0.06710475
14793,0.051261857
14794,0.040172003
14795,0.049185872
14796,0.030290505
14797,0.030290505
14798,0.031307366
14799,0.062301103
14800,0.07227335
14801,0.07755313
14802,0.27856085
14803,0.099116154
14804,0.27786872
14805,0.062810995
14806,0.062156502
14807,0.03695856
14808,0.06739785
14809,0.04931932
14810,0.051563617
14811,0.052023992
14812,0.07386712
14813,0.06807685
14814,0.51040035
14815,0.05960928
14816,0.05751667
14817,0.061792888
14818,0.05643075
14819,0.05643075
14820,0.06805582
14821,0.04946034
14822,0.049096964
14823,0.030290505
14824,0.036269035
14825,0.039236654
14826,0.057290863
14827,0.07459478
14828,0.07818357
14829,0.1149642
14830,0.27709892
14831,0.49504545
14832,0.08382529
14833,0.061828557
14834,0.074477464
14835,0.07524068
14836,0.07794486
14837,0.0931322
14838,0.044036776
14839,0.044460114
14840,0.06435791
14841,0.06435791
14842,0.06369614
14843,0.06402009
14844,0.07823141
14845,0.061387878
14846,0.07154466
14847,0.046172567
14848,0.042755872
14849,0.049909063
14850,0.049795683
14851,0.038949203
14852,0.030290505
14853,0.039409786
14854,0.038914494
14855,0.07454142
14856,0.07613852
14857,0.26509836
14858,0.11273521
14859,0.27566877
14860,0.13011198
14861,0.08435772
14862,0.061828557
14863,0.07524068
14864,0.07675079
14865,0.06896905
14866,0.043627374
14867,0.06434413
14868,0.06370898
14869,0.06360647
14870,0.06360647
14871,0.06047351
14872,0.062223528
14873,0.061709
14874,0.042481255
14875,0.047590535
14876,0.041648164
14877,0.038949203
14878,0.03637362
14879,0.03637798
14880,0.039808135
14881,0.07270945
14882,0.07197596
14883,0.2756164
14884,0.29666486
14885,0.10930613
14886,0.084404476
14887,0.061575186
14888,0.08518169
14889,0.07635094
14890,0.07719542
14891,0.06978364
14892,0.06547319
14893,0.4986132
14894,0.06098803
14895,0.07103015
14896,0.078995906
14897,0.046358816
14898,0.042569622
14899,0.03703943
14900,0.037520282
14901,0.03775379
14902,0.07552786
14903,0.07902069
14904,0.112894095
14905,0.572391
14906,0.10925475
14907,0.08394089
14908,0.2662534
14909,0.085087895
14910,0.26065737
14911,0.07789811
14912,0.068904825
14913,0.042002145
14914,0.064033695
14915,0.26510674
14916,0.0710173
14917,0.07995705
14918,0.07982755
14919,0.042605285
14920,0.038947638
14921,0.03775379
14922,0.04329716
14923,0.08460848
14924,0.08922875
14925,0.09243108
14926,0.09238433
14927,0.08624115
14928,0.08566196
14929,0.08810057
14930,0.1138472
14931,0.13969086
14932,0.2682733
14933,0.10091629
14934,0.05890002
14935,0.05969275
14936,0.05969275
14937,0.085592456
14938,0.6796048
14939,0.07995705
14940,0.079047285
14941,0.48392054
14942,0.27579153
14943,0.042605285
14944,0.042722747
14945,0.03631597
14946,0.042053517
14947,0.05469858
14948,0.25783592
14949,0.25203538
14950,0.09243108
14951,0.08624115
14952,0.25991675
14953,0.089384206
14954,0.11209998
14955,0.13887629
14956,0.48553517
14957,0.09395964
14958,0.057111025
14959,0.05978148
14960,0.05925703
14961,0.2799872
14962,0.802131
14963,0.079047285
14964,0.078995906
14965,0.48969555
14966,0.042053815
14967,0.04301656
14968,0.2719383
14969,0.036791462
14970,0.03934205
14971,0.05437453
14972,0.05469858
14973,0.076584175
14974,0.06915519
14975,0.45238942
14976,0.085849404
14977,0.085849404
14978,0.26428765
14979,0.11111497
14980,0.26901588
14981,0.44860741
14982,0.42380953
14983,0.041988377
14984,0.27455878
14985,0.112706795
14986,0.093784295
14987,0.7739515
14988,0.29633358
14989,0.2892101
14990,0.08088307
14991,0.25816035
14992,0.056760836
14993,0.039129317
14994,0.035570618
14995,0.06238897
14996,0.07968331
14997,0.08930658
14998,0.08614047
14999,0.08527022
15000,0.088869244
15001,0.112568386
15002,0.052669886
15003,0.119526155
15004,0.27268833
15005,0.09319642
15006,0.042002145
15007,0.057507988
15008,0.27401158
15009,0.05390552
15010,0.08370769
15011,0.73944664
15012,0.80029327
15013,0.51672727
15014,0.08088307
15015,0.042569622
15016,0.05604261
15017,0.41297045
15018,0.038433395
15019,0.036791462
15020,0.06168975
15021,0.052669756
15022,0.05395648
15023,0.053892262
15024,0.06507287
15025,0.06455792
15026,0.5013755
15027,0.088289365
15028,0.108866364
15029,0.10866635
15030,0.109129936
15031,0.08806279
15032,0.08088307
15033,0.26182672
15034,0.27251107
15035,0.09631169
15036,0.2766282
15037,0.08278034
15038,0.08327702
15039,0.9119166
15040,0.7095812
15041,0.8430867
15042,0.05784168
15043,0.26385888
15044,0.06938348
15045,0.06083621
15046,0.29045442
15047,0.08876628
15048,0.4348446
15049,0.057720654
15050,0.057534404
15051,0.05319758
15052,0.053943638
15053,0.054471463
15054,0.06507287
15055,0.06507287
15056,0.5015728
15057,0.51617676
15058,0.2706008
15059,0.10860213
15060,0.109129936
15061,0.090896435
15062,0.08397102
15063,0.08294379
15064,0.06899158
15065,0.06808181
15066,0.09631169
15067,0.09633082
15068,0.083068974
15069,0.08883674
15070,0.052122775
15071,0.87757766
15072,0.832534
15073,0.84259045
15074,0.059090346
15075,0.057252906
15076,0.26242328
15077,0.4319219
15078,0.08407918
15079,0.052934
15080,0.054471463
15081,0.034374703
15082,0.06460929
15083,0.057363298
15084,0.7765194
15085,0.75635266
15086,0.10896016
15087,0.108602256
15088,0.10594962
15089,0.27952796
15090,0.08823912
15091,0.5229627
15092,0.26126346
15093,0.06801759
15094,0.083068974
15095,0.08329614
15096,0.09049649
15097,0.07578974
15098,0.08197419
15099,0.27795556
15100,0.27044225
15101,0.1263771
15102,0.057252906
15103,0.07197347
15104,0.06933376
15105,0.06168975
15106,0.26314065
15107,0.08444441
15108,0.0580339
15109,0.054471463
15110,0.05395648
15111,0.034374703
15112,0.056848314
15113,0.05689969
15114,0.75814056
15115,0.6273854
15116,0.4823015
15117,0.109129936
15118,0.1305859
15119,0.13047014
15120,0.26045236
15121,0.5006225
15122,0.06899158
15123,0.08300475
15124,0.08278034
15125,0.08999981
15126,0.25989893
15127,0.08217661
15128,0.27942166
15129,0.27556965
15130,0.27566755
15131,0.9507691
15132,0.072219595
15133,0.06809406
15134,0.27349985
15135,0.26298916
15136,0.057534404
15137,0.46400055
15138,0.03529557
15139,0.03548499
15140,0.08532061
15141,0.088870764
15142,0.109129936
15143,0.528542
15144,0.26309106
15145,0.5301243
15146,0.27319932
15147,0.12716188
15148,0.29119033
15149,0.29007593
15150,0.096182786
15151,0.07580887
15152,0.07447595
15153,0.07530532
15154,0.5260262
15155,0.26293874
15156,0.051334377
15157,0.5521085
15158,0.55159974
15159,0.06275476
15160,0.06594656
15161,0.07250874
15162,0.06125599
15163,0.06326923
15164,0.04377177
15165,0.034889687
15166,0.03529557
15167,0.08532061
15168,0.088870764
15169,0.10866635
15170,0.10896016
15171,0.5269903
15172,0.68428886
15173,0.5732237
15174,0.59301424
15175,0.49930683
15176,0.10501304
15177,0.07580887
15178,0.07580887
15179,0.07530532
15180,0.07530532
15181,0.1263771
15182,0.10555395
15183,0.051923152
15184,0.06804434
15185,0.26708338
15186,0.06887271
15187,0.072711155
15188,0.06195805
15189,0.064122766
15190,0.04477592
15191,0.043952767
15192,0.06499942
15193,0.029896732
15194,0.030411715
15195,0.08870099
15196,0.08840718
15197,0.109129936
15198,0.26361546
15199,0.14468744
15200,0.5609444
15201,0.62774724
15202,0.6295226
15203,0.28666896
15204,0.095771514
15205,0.07580887
15206,0.073970884
15207,0.07438868
15208,0.106206946
15209,0.051334377
15210,0.063909344
15211,0.86011195
15212,0.062168304
15213,0.058106717
15214,0.25389975
15215,0.062038492
15216,0.064122766
15217,0.08204314
15218,0.045073
15219,0.0685982
15220,0.06857858
15221,0.030364959
15222,0.030411715
15223,0.08906019
15224,0.088870764
15225,0.109129936
15226,0.4970379
15227,0.68428886
15228,0.27140617
15229,0.6295226
15230,0.5822996
15231,0.4822179
15232,0.27755472
15233,0.07580887
15234,0.07466315
15235,0.086488195
15236,0.05140735
15237,0.051334377
15238,0.06476476
15239,0.06273859
15240,0.44215053
15241,0.058106717
15242,0.42828467
15243,0.062038492
15244,0.064122766
15245,0.081363134
15246,0.068259515
15247,0.065185666
15248,0.060958765
15249,0.06507287
15250,0.06380185
15251,0.10601451
15252,0.7840607
15253,0.568001
15254,0.5628472
15255,0.47214374
15256,0.26853457
15257,0.2720765
15258,0.08943875
15259,0.039581083
15260,0.05740466
15261,0.05329099
15262,0.07984391
15263,0.08521296
15264,0.043045845
15265,0.06967457
15266,0.052704554
15267,0.057961654
15268,0.25621822
15269,0.07513091
15270,0.062450845
15271,0.06393496
15272,0.10581518
15273,0.25550935
15274,0.06309828
15275,0.06321405
15276,0.26860213
15277,0.26885468
15278,0.086488195
15279,0.08938551
15280,0.03927966
15281,0.052766412
15282,0.0512331
15283,0.052768223
15284,0.053642366
15285,0.07278285
15286,0.079028696
15287,0.045085914
15288,0.2622373
15289,0.050218754
15290,0.07544357
15291,0.06357599
15292,0.097704776
15293,0.049997307
15294,0.06321405
15295,0.075036496
15296,0.075806126
15297,0.49919716
15298,0.5322191
15299,0.09423979
15300,0.05328222
15301,0.052355893
15302,0.054099116
15303,0.053644564
15304,0.0512543
15305,0.07984391
15306,0.08518251
15307,0.045762856
15308,0.050898936
15309,0.051401507
15310,0.052375417
15311,0.036694936
15312,0.045292605
15313,0.06321796
15314,0.09765802
15315,0.42608586
15316,0.06228378
15317,0.062804475
15318,0.075394526
15319,0.039108098
15320,0.09382962
15321,0.5105889
15322,0.0924053
15323,0.039065275
15324,0.05328222
15325,0.052587118
15326,0.053642366
15327,0.05155031
15328,0.07984391
15329,0.085324824
15330,0.044141434
15331,0.040973585
15332,0.049784392
15333,0.051401507
15334,0.2665142
15335,0.043939177
15336,0.049997307
15337,0.0792924
15338,0.05949704
15339,0.03961402
15340,0.040025637
15341,0.0547718
15342,0.05474355
15343,0.4697227
15344,0.06754633
15345,0.050585806
15346,0.051692892
15347,0.07120129
15348,0.071114294
15349,0.26930004
15350,0.06527596
15351,0.06584751
15352,0.06393576
15353,0.06393576
15354,0.03889104
15355,0.03546276
15356,0.079442404
15357,0.07730086
15358,0.053925317
15359,0.05340951
15360,0.067086935
15361,0.049997307
15362,0.06354719
15363,0.059543796
15364,0.03961402
15365,0.46546775
15366,0.52883345
15367,0.26865575
15368,0.068625756
15369,0.042301226
15370,0.049688287
15371,0.04962407
15372,0.049688287
15373,0.2598036
15374,0.07131875
15375,0.071254656
15376,0.9081845
15377,0.07082049
15378,0.06548948
15379,0.06543624
15380,0.06393576
15381,0.06412201
15382,0.036175832
15383,0.03317474
15384,0.073920764
15385,0.28407407
15386,0.044752073
15387,0.077183396
15388,0.053925317
15389,0.059543796
15390,0.067425884
15391,0.032994617
15392,0.053493086
15393,0.05383562
15394,0.042496853
15395,0.042301226
15396,0.04037312
15397,0.04962407
15398,0.0499821
15399,0.07070302
15400,0.07207002
15401,0.06537201
15402,0.06393576
15403,0.06393576
15404,0.06508918
15405,0.037689377
15406,0.044701446
15407,0.07641299
15408,0.69692725
15409,0.07711917
15410,0.051776007
15411,0.05429174
15412,0.04816813
15413,0.059280213
15414,0.067306526
15415,0.03294786
15416,0.03294786
15417,0.52167916
15418,0.043109432
15419,0.043109432
15420,0.071518235
15421,0.07075639
15422,0.07137227
15423,0.063762404
15424,0.06508918
15425,0.064711094
15426,0.03808522
15427,0.076052725
15428,0.6853579
15429,0.07914048
15430,0.053925317
15431,0.054422703
15432,0.04807348
15433,0.03230904
15434,0.037174612
15435,0.042381912
15436,0.048158262
15437,0.023666084
15438,0.023925724
15439,0.054661952
15440,0.05356986
15441,0.067084625
15442,0.06832391
15443,0.040403485
15444,0.0413378
15445,0.034613717
15446,0.2544668
15447,0.27148467
15448,0.11314901
15449,0.05532546
15450,0.03265968
15451,0.03148119
15452,0.027365798
15453,0.037686765
15454,0.034148622
15455,0.042381912
15456,0.023868749
15457,0.023868749
15458,0.022400029
15459,0.026071511
15460,0.023666084
15461,0.052793212
15462,0.052843314
15463,0.06875971
15464,0.0668317
15465,0.04025559
15466,0.06386588
15467,0.08655852
15468,0.46880496
15469,0.030853242
15470,0.02643496
15471,0.03329254
15472,0.044402882
15473,0.036281984
15474,0.023868749
15475,0.04673562
15476,0.023666084
15477,0.023852335
15478,0.0413378
15479,0.0404677
15480,0.034613717
15481,0.053504873
15482,0.048817433
15483,0.036246125
15484,0.02643496
15485,0.03644368
15486,0.03329254
15487,0.04410907
15488,0.023523806
15489,0.022126809
15490,0.023150275
15491,0.02205698
15492,0.052583672
15493,0.051186685
15494,0.06273997
15495,0.28664902
15496,0.07703677
15497,0.058199074
15498,0.029492976
15499,0.038001556
15500,0.027221782
15501,0.02714484
15502,0.047241542
15503,0.022282565
15504,0.0437637
15505,0.045009196
15506,0.07229158
15507,0.067084625
15508,0.0332207
15509,0.03690678
15510,0.022886349
15511,0.026703892
15512,0.038085118
15513,0.02741794
15514,0.029132176
15515,0.047707446
15516,0.022282565
15517,0.022252878
15518,0.0437637
15519,0.0704463
15520,0.067270875
15521,0.090960674
15522,0.030003315
15523,0.022535924
15524,0.028814917
15525,0.029126825
15526,0.022693845
15527,0.02315974
15528,0.023150275
15529,0.02205698
15530,0.045009196
15531,0.054661952
15532,0.052067865
15533,0.07068492
15534,0.25775507
15535,0.091199294
15536,0.019509891
15537,0.036027614
15538,0.046501208
15539,0.0647379
15540,0.051871587
15541,0.05321972
15542,0.04596635
15543,0.06442332
15544,0.064044595
15545,0.053023927
15546,0.06294777
15547,0.06220009
15548,0.2728971
15549,0.08432316
15550,0.49512017
15551,0.47601297
15552,0.06209321
15553,0.27107954
15554,0.07432025
15555,0.5281852
15556,0.08549895
15557,0.06403107
15558,0.06306391
15559,0.05959521
15560,0.056785576
15561,0.057747144
15562,0.0382862
15563,0.27068028
15564,0.072010286
15565,0.55686647
15566,0.10565967
15567,0.06420109
15568,0.29052472
15569,0.059762105
15570,0.038332958
15571,0.03834673
15572,0.04017885
15573,0.04052404
15574,0.046814706
15575,0.046000212
15576,0.06812081
15577,0.4260435
15578,0.4088799
15579,0.06547252
15580,0.059277415
15581,0.057272155
15582,0.04034792
15583,0.040230226
15584,0.040993456
15585,0.046520893
15586,0.062120374
15587,0.4340104
15588,0.097132966
15589,0.09833618
15590,0.50783384
15591,0.07767519
15592,0.07887957
15593,0.46665573
15594,0.05290711
15595,0.053935617
15596,0.26190978
15597,0.05863656
15598,0.051471815
15599,0.051471815
15600,0.065040894
15601,0.07584557
15602,0.094686925
15603,0.097132966
15604,0.046469517
15605,0.079964355
15606,0.45068812
15607,0.0540302
15608,0.05353577
15609,0.04397918
15610,0.057498645
15611,0.052207835
15612,0.052093163
15613,0.044825684
15614,0.0645654
15615,0.06281777
15616,0.062120374
15617,0.07612286
15618,0.07612286
15619,0.07243039
15620,0.072885916
15621,0.27942285
15622,0.07767519
15623,0.07790449
15624,0.053983442
15625,0.05404397
15626,0.04404779
15627,0.43015927
15628,0.07243039
15629,0.07887957
15630,0.2819963
15631,0.45704436
15632,0.05404397
15633,0.05353577
15634,0.04397918
15635,0.05319336
15636,0.044249564
15637,0.04395575
15638,0.06500771
15639,0.04154467
15640,0.072707675
15641,0.060128804
15642,0.079964355
15643,0.28323358
15644,0.47815284
15645,0.050976902
15646,0.051929727
15647,0.24741489
15648,0.044304557
15649,0.072170325
15650,0.05574808
15651,0.05657266
15652,0.26224494
15653,0.066814214
15654,0.051713064
15655,0.072383635
15656,0.058227427
15657,0.28070733
15658,0.4709924
15659,0.05024597
15660,0.05152988
15661,0.051929727
15662,0.044465292
15663,0.0723837
15664,0.06803482
15665,0.059339367
15666,0.060888954
15667,0.05601703
15668,0.055735238
15669,0.06681755
15670,0.06571963
15671,0.051084507
15672,0.041577853
15673,0.043296874
15674,0.029417777
15675,0.02969507
15676,0.03007693
15677,0.071257055
15678,0.071102634
15679,0.08332645
15680,0.072707675
15681,0.09857026
15682,0.058688104
15683,0.05917998
15684,0.035729036
15685,0.0371026
15686,0.051469352
15687,0.051815324
15688,0.05152988
15689,0.27150917
15690,0.2756257
15691,0.05818768
15692,0.060461674
15693,0.061698623
15694,0.06104969
15695,0.056336485
15696,0.055683862
15697,0.06932725
15698,0.041747086
15699,0.04102886
15700,0.049075432
15701,0.02937102
15702,0.037146218
15703,0.029346911
15704,0.28071055
15705,0.08381028
15706,0.28147486
15707,0.26440385
15708,0.09857026
15709,0.054486647
15710,0.05788623
15711,0.036878068
15712,0.068066806
15713,0.05076665
15714,0.05076665
15715,0.2642326
15716,0.07192332
15717,0.5397486
15718,0.059339367
15719,0.06168485
15720,0.05657266
15721,0.05638324
15722,0.06681755
15723,0.04973442
15724,0.042613357
15725,0.025146244
15726,0.036160048
15727,0.039855372
15728,0.056832835
15729,0.07504158
15730,0.07999956
15731,0.11296296
15732,0.27561843
15733,0.4920564
15734,0.08355668
15735,0.061559934
15736,0.07433183
15737,0.07514642
15738,0.07710116
15739,0.04477947
15740,0.044365846
15741,0.06444637
15742,0.06426365
15743,0.063526005
15744,0.06403768
15745,0.07884003
15746,0.060893767
15747,0.070923045
15748,0.06130606
15749,0.046810023
15750,0.048039265
15751,0.0427602
15752,0.048673637
15753,0.049459323
15754,0.029417777
15755,0.043112036
15756,0.038448516
15757,0.07247926
15758,0.07604581
15759,0.0788751
15760,0.11469559
15761,0.49339795
15762,0.13216706
15763,0.08413587
15764,0.061044954
15765,0.07417109
15766,0.07624291
15767,0.070089236
15768,0.043597322
15769,0.06403768
15770,0.06426365
15771,0.063666105
15772,0.06505931
15773,0.060893767
15774,0.06172503
15775,0.061542235
15776,0.042613357
15777,0.04762799
15778,0.050191037
15779,0.0416923
15780,0.039819967
15781,0.037655152
15782,0.071889654
15783,0.073540024
15784,0.1124666
15785,0.5718461
15786,0.10535557
15787,0.083133616
15788,0.06103211
15789,0.08455505
15790,0.07436622
15791,0.07786438
15792,0.069689386
15793,0.044092804
15794,0.06393946
15795,0.50737053
15796,0.060366537
15797,0.07093589
15798,0.061325185
15799,0.07803334
15800,0.046810023
15801,0.04302083
15802,0.0361667
15803,0.036009863
15804,0.03788866
15805,0.07376446
15806,0.07813889
15807,0.11104411
15808,0.5677564
15809,0.10905036
15810,0.084089115
15811,0.451032
15812,0.08508286
15813,0.26009962
15814,0.07786438
15815,0.06892617
15816,0.04107381
15817,0.06387893
15818,0.06393946
15819,0.070923045
15820,0.071850255
15821,0.07844275
15822,0.07803334
15823,0.04302083
15824,0.03895466
15825,0.03641764
15826,0.036540434
15827,0.04315474
15828,0.04286234
15829,0.0864134
15830,0.07705074
15831,0.09169889
15832,0.092162475
15833,0.08522485
15834,0.085393354
15835,0.088852026
15836,0.113578595
15837,0.13903558
15838,0.26724845
15839,0.10056041
15840,0.05881953
15841,0.05953796
15842,0.2783994
15843,0.7100356
15844,0.079058714
15845,0.079458565
15846,0.4870221
15847,0.08020152
15848,0.043223247
15849,0.05092476
15850,0.2565527
15851,0.24891448
15852,0.092162475
15853,0.0919927
15854,0.08592579
15855,0.25916082
15856,0.0891156
15857,0.11305079
15858,0.13905098
15859,0.4871029
15860,0.09386538
15861,0.057004318
15862,0.05973859
15863,0.06113374
15864,0.28626567
15865,0.8023712
15866,0.07809757
15867,0.07908634
15868,0.4887833
15869,0.043054014
15870,0.26482603
15871,0.03668659
15872,0.037564613
15873,0.05395178
15874,0.05553085
15875,0.094622456
15876,0.07651639
15877,0.09164751
15878,0.43354067
15879,0.08511721
15880,0.08511721
15881,0.113578595
15882,0.11229978
15883,0.1194319
15884,0.5088486
15885,0.49248073
15886,0.041112747
15887,0.26849794
15888,0.2784477
15889,0.08554947
15890,0.7906278
15891,0.80315566
15892,0.2858782
15893,0.080084056
15894,0.26144624
15895,0.057212044
15896,0.06134055
15897,0.03788866
15898,0.06281777
15899,0.08925785
15900,0.08587186
15901,0.085580796
15902,0.08766218
15903,0.11096939
15904,0.05240128
15905,0.11948328
15906,0.2722906
15907,0.09426523
15908,0.041907884
15909,0.057055693
15910,0.57647854
15911,0.052390195
15912,0.08027282
15913,0.71448755
15914,0.7699723
15915,0.5257407
15916,0.08049533
15917,0.043054014
15918,0.05877038
15919,0.39854965
15920,0.039102554
15921,0.036535103
15922,0.054202855
15923,0.054202855
15924,0.06318116
15925,0.06434068
15926,0.5109594
15927,0.08802076
15928,0.108814575
15929,0.10905052
15930,0.10603593
15931,0.088321865
15932,0.08151114
15933,0.5179666
15934,0.50111353
15935,0.096539915
15936,0.095999725
15937,0.083448686
15938,0.08300856
15939,0.90716785
15940,0.7329804
15941,0.8262515
15942,0.05776021
15943,0.07218784
15944,0.06930201
15945,0.44111782
15946,0.08617474
15947,0.43744305
15948,0.05794224
15949,0.057706065
15950,0.05241399
15951,0.053739246
15952,0.05403306
15953,0.06480426
15954,0.06463449
15955,0.50528765
15956,0.5081589
15957,0.2624368
15958,0.10869155
15959,0.10886133
15960,0.087728836
15961,0.083289474
15962,0.083107784
15963,0.0692198
15964,0.067086436
15965,0.096539915
15966,0.09655903
15967,0.08355199
15968,0.09074383
15969,0.051535375
15970,0.8780763
15971,0.8531252
15972,0.82233435
15973,0.05707678
15974,0.057171427
15975,0.26015773
15976,0.45453423
15977,0.08372999
15978,0.053118393
15979,0.0541561
15980,0.03462108
15981,0.06480426
15982,0.05709469
15983,0.77607816
15984,0.7456463
15985,0.10833352
15986,0.10886133
15987,0.09062783
15988,0.13005371
15989,0.08876114
15990,0.51407284
15991,0.2617249
15992,0.06920067
15993,0.08352436
15994,0.08317973
15995,0.09074383
15996,0.07601796
15997,0.6887507
15998,0.12649806
15999,0.12564264
16000,0.052148428
16001,0.07218784
16002,0.06948826
16003,0.2726962
16004,0.2649303
16005,0.08458353
16006,0.057503648
16007,0.052612
16008,0.05411083
16009,0.03462108
16010,0.056924894
16011,0.05709469
16012,0.26821634
16013,0.63624936
16014,0.26607093
16015,0.26734704
16016,0.13027054
16017,0.1303173
16018,0.2615912
16019,0.5047031
16020,0.06812834
16021,0.06831003
16022,0.08317973
16023,0.08355199
16024,0.09074383
16025,0.26275593
16026,0.08130395
16027,0.2794031
16028,0.27370587
16029,0.12582432
16030,0.96247464
16031,0.07153484
16032,0.06819884
16033,0.27193797
16034,0.26472786
16035,0.05626965
16036,0.065317884
16037,0.034980204
16038,0.03444776
16039,0.085052006
16040,0.08879135
16041,0.108814575
16042,0.49857152
16043,0.26321647
16044,0.5456507
16045,0.273953
16046,0.12665007
16047,0.11353361
16048,0.29240254
16049,0.07529592
16050,0.0746169
16051,0.07553354
16052,0.53997266
16053,0.26008487
16054,0.051306147
16055,0.05184168
16056,0.5503161
16057,0.54482764
16058,0.06609562
16059,0.071724474
16060,0.06480793
16061,0.06377358
16062,0.04454275
16063,0.03462108
16064,0.0340247
16065,0.03521638
16066,0.08458842
16067,0.088602155
16068,0.10886133
16069,0.10905052
16070,0.53503716
16071,0.6754095
16072,0.5736264
16073,0.6059626
16074,0.49610725
16075,0.10479941
16076,0.07603709
16077,0.07490833
16078,0.07553354
16079,0.07455268
16080,0.26539698
16081,0.10560967
16082,0.051644832
16083,0.06801259
16084,0.06448087
16085,0.061882094
16086,0.0663318
16087,0.07215954
16088,0.06715891
16089,0.044745166
16090,0.04454275
16091,0.02852002
16092,0.030143106
16093,0.088602155
16094,0.088602155
16095,0.108397745
16096,0.26787123
16097,0.14463642
16098,0.5736639
16099,0.6538909
16100,0.6323492
16101,0.48812664
16102,0.09655903
16103,0.07603709
16104,0.07440478
16105,0.075017735
16106,0.106125474
16107,0.8633621
16108,0.061817877
16109,0.05804141
16110,0.07215954
16111,0.061806757
16112,0.063976064
16113,0.08157648
16114,0.045042243
16115,0.06515491
16116,0.058550444
16117,0.030143106
16118,0.030143106
16119,0.088602155
16120,0.0885554
16121,0.10886133
16122,0.48612732
16123,0.6462628
16124,0.270184
16125,0.8484886
16126,0.5705734
16127,0.5024573
16128,0.27992505
16129,0.07603709
16130,0.074499436
16131,0.08671641
16132,0.05202793
16133,0.051664174
16134,0.06229337
16135,0.44620237
16136,0.28199252
16137,0.45034072
16138,0.06162502
16139,0.06421216
16140,0.08469511
16141,0.06761758
16142,0.06496866
16143,0.060135543
16144,0.06480426
16145,0.062135484
16146,0.10456266
16147,0.7756914
16148,0.5630962
16149,0.5632101
16150,0.24197553
16151,0.49310073
16152,0.26970854
16153,0.08990666
16154,0.040291645
16155,0.040291645
16156,0.05730359
16157,0.051333304
16158,0.05374714
16159,0.071988545
16160,0.079339154
16161,0.08451163
16162,0.045205887
16163,0.06854782
16164,0.053003624
16165,0.052196637
16166,0.42434132
16167,0.07541282
16168,0.062182236
16169,0.06342315
16170,0.10437067
16171,0.2521252
16172,0.06301771
16173,0.06301771
16174,0.49192095
16175,0.08900461
16176,0.08558766
16177,0.09013203
16178,0.04054399
16179,0.053200744
16180,0.051151626
16181,0.051151626
16182,0.053763308
16183,0.070067205
16184,0.07976244
16185,0.042631187
16186,0.044575766
16187,0.2638017
16188,0.05137075
16189,0.05265771
16190,0.07537462
16191,0.06525366
16192,0.06342315
16193,0.095989354
16194,0.04976323
16195,0.06301771
16196,0.06301771
16197,0.074853
16198,0.07534622
16199,0.47265407
16200,0.51501936
16201,0.09446801
16202,0.051333304
16203,0.0538569
16204,0.05096291
16205,0.07976244
16206,0.08513149
16207,0.043197844
16208,0.05411377
16209,0.056007817
16210,0.05260958
16211,0.03755828
16212,0.043403313
16213,0.044877846
16214,0.062949345
16215,0.096252926
16216,0.43547726
16217,0.06301771
16218,0.06301771
16219,0.07560979
16220,0.03982929
16221,0.093694225
16222,0.5126007
16223,0.09446801
16224,0.04054399
16225,0.05229353
16226,0.053045083
16227,0.051172823
16228,0.05096291
16229,0.078883
16230,0.08564729
16231,0.04500444
16232,0.051161993
16233,0.05329383
16234,0.043045282
16235,0.05046079
16236,0.061573748
16237,0.06014241
16238,0.03982929
16239,0.039123863
16240,0.050958335
16241,0.052980334
16242,0.47215334
16243,0.06635523
16244,0.05050433
16245,0.05137524
16246,0.071419224
16247,0.07114092
16248,0.07143676
16249,0.06529054
16250,0.25577277
16251,0.063854285
16252,0.063803904
16253,0.042195346
16254,0.034941718
16255,0.038054463
16256,0.0792254
16257,0.25974825
16258,0.0674872
16259,0.05059592
16260,0.079822004
16261,0.06014241
16262,0.038911752
16263,0.4971142
16264,0.56677437
16265,0.06638566
16266,0.06638566
16267,0.041918326
16268,0.050488163
16269,0.049542595
16270,0.051583737
16271,0.071119815
16272,0.07123728
16273,0.90036875
16274,0.07163918
16275,0.06593527
16276,0.06519449
16277,0.064040534
16278,0.06333848
16279,0.039356466
16280,0.08338065
16281,0.28595737
16282,0.04382106
16283,0.07911959
16284,0.051862843
16285,0.0476117
16286,0.06789264
16287,0.03634322
16288,0.052980334
16289,0.05816033
16290,0.04301179
16291,0.04221975
16292,0.039198183
16293,0.050301913
16294,0.048383225
16295,0.050301913
16296,0.05168327
16297,0.07007817
16298,0.070557326
16299,0.072174795
16300,0.06547223
16301,0.06341197
16302,0.06352944
16303,0.06500771
16304,0.07541282
16305,0.6855502
16306,0.078112185
16307,0.05389456
16308,0.0476117
16309,0.06014241
16310,0.0707622
16311,0.03279827
16312,0.55457985
16313,0.042012975
16314,0.052021954
16315,0.07143676
16316,0.07162301
16317,0.071988545
16318,0.063854285
16319,0.0645654
16320,0.065040894
16321,0.074888036
16322,0.7072412
16323,0.07714277
16324,0.051862713
16325,0.05171482
16326,0.048127506
16327,0.04922911
16328,0.032194402
16329,0.026853839
16330,0.03671664
16331,0.046677142
16332,0.04854865
16333,0.02222212
16334,0.023635326
16335,0.054557804
16336,0.2462736
16337,0.06731351
16338,0.06875571
16339,0.041307043
16340,0.04078203
16341,0.036569018
16342,0.26572335
16343,0.26130822
16344,0.26205003
16345,0.055511493
16346,0.03219975
16347,0.027006859
16348,0.0367038
16349,0.033096194
16350,0.043700613
16351,0.02325443
16352,0.023837991
16353,0.023635326
16354,0.023635326
16355,0.02360448
16356,0.053851746
16357,0.052552916
16358,0.06922748
16359,0.071470484
16360,0.04020642
16361,0.06265793
16362,0.07472886
16363,0.24530928
16364,0.052955236
16365,0.030433688
16366,0.032463335
16367,0.026507549
16368,0.036636017
16369,0.032866534
16370,0.04330239
16371,0.037060883
16372,0.023635326
16373,0.052552916
16374,0.040791236
16375,0.040791236
16376,0.03458296
16377,0.055106625
16378,0.049383663
16379,0.022258606
16380,0.026918057
16381,0.02686668
16382,0.036370754
16383,0.034007225
16384,0.04424656
16385,0.023837991
16386,0.022305185
16387,0.05203711
16388,0.06329115
16389,0.07536207
16390,0.08738471
16391,0.05437579
16392,0.03024778
16393,0.0292011
16394,0.03874943
16395,0.028082246
16396,0.028082246
16397,0.04850021
16398,0.022369271
16399,0.04523808
16400,0.043463994
16401,0.07244252
16402,0.06652886
16403,0.03139335
16404,0.03661638
16405,0.029696876
16406,0.027169455
16407,0.036619715
16408,0.026687518
16409,0.028166743
16410,0.048152182
16411,0.02222212
16412,0.04497844
16413,0.07013836
16414,0.0360732
16415,0.092168435
16416,0.030557608
16417,0.02325994
16418,0.026393702
16419,0.028930482
16420,0.028166743
16421,0.025170736
16422,0.023821577
16423,0.023821577
16424,0.023635326
16425,0.051237486
16426,0.051237486
16427,0.07065416
16428,0.06705387
16429,0.0924317
16430,0.027919544
16431,0.04596635
16432,0.035855427
16433,0.036018994
16434,0.071610495
16435,0.05409515
16436,0.039927144
16437,0.036018994
16438,0.071610495
16439,0.068798326
16440,0.053369116
16441,0.06852104
16442,0.07238215
16443,0.08297497
16444,0.08252075
16445,0.05344068
16446,0.27577484
16447,0.060156237
16448,0.058782674
16449,0.28235513
16450,0.070756555
16451,0.291674
16452,0.088379495
16453,0.27483588
16454,0.06370631
16455,0.05932879
16456,0.057760917
16457,0.057760917
16458,0.04034792
16459,0.040230226
16460,0.070756555
16461,0.07364732
16462,0.55807465
16463,0.29786843
16464,0.059393007
16465,0.040979683
16466,0.04017885
16467,0.0464053
16468,0.03864656
16469,0.07720168
16470,0.07758355
16471,0.2874339
16472,0.4253915
16473,0.059180897
16474,0.060156237
16475,0.056997687
16476,0.03834673
16477,0.039619893
16478,0.040018115
16479,0.04928531
16480,0.046723094
16481,0.061843082
16482,0.43522164
16483,0.09771088
16484,0.09771088
16485,0.5259806
16486,0.07686166
16487,0.076925755
16488,0.48522773
16489,0.053084206
16490,0.26222336
16491,0.057985112
16492,0.052032635
16493,0.051471815
16494,0.06474709
16495,0.07567579
16496,0.09876863
16497,0.097352974
16498,0.047284123
16499,0.076925755
16500,0.079564504
16501,0.46877056
16502,0.053453356
16503,0.053466067
16504,0.0433821
16505,0.058089305
16506,0.051411286
16507,0.052093163
16508,0.060940944
16509,0.07265184
16510,0.25248158
16511,0.2787365
16512,0.07790449
16513,0.053517442
16514,0.0540302
16515,0.04514685
16516,0.42100686
16517,0.072707675
16518,0.07767519
16519,0.28200457
16520,0.47229227
16521,0.053517442
16522,0.054142434
16523,0.044403505
16524,0.05249301
16525,0.04276788
16526,0.06500771
16527,0.064491905
16528,0.0645654
16529,0.041166577
16530,0.07325414
16531,0.060413893
16532,0.28303424
16533,0.4908658
16534,0.05055454
16535,0.24743521
16536,0.044808164
16537,0.0721841
16538,0.05679686
16539,0.26239303
16540,0.066814214
16541,0.051148724
16542,0.07190271
16543,0.06114526
16544,0.07754646
16545,0.47031
16546,0.486326
16547,0.051929727
16548,0.04466027
16549,0.06799531
16550,0.068540744
16551,0.04220685
16552,0.06313813
16553,0.056397013
16554,0.06932725
16555,0.064658426
16556,0.05120197
16557,0.041747086
16558,0.04273082
16559,0.02753737
16560,0.03007693
16561,0.037755955
16562,0.07093382
16563,0.07171237
16564,0.27468765
16565,0.07243039
16566,0.098847546
16567,0.060128804
16568,0.05536438
16569,0.036864296
16570,0.0371026
16571,0.051929727
16572,0.050289262
16573,0.05151611
16574,0.05055454
16575,0.07198385
16576,0.2682916
16577,0.057893865
16578,0.060461674
16579,0.06104969
16580,0.06188133
16581,0.056397013
16582,0.056397013
16583,0.06681755
16584,0.04154467
16585,0.04975059
16586,0.029359752
16587,0.03499014
16588,0.03007693
16589,0.278441
16590,0.09475643
16591,0.285102
16592,0.2656717
16593,0.2656717
16594,0.05493451
16595,0.06051975
16596,0.0371026
16597,0.06723949
16598,0.051929727
16599,0.07554627
16600,0.06799531
16601,0.5802462
16602,0.059339367
16603,0.059372794
16604,0.061375532
16605,0.056397013
16606,0.056397013
16607,0.06578385
16608,0.041577853
16609,0.04107193
16610,0.04917008
16611,0.04320527
16612,0.029417777
16613,0.0361667
16614,0.04309269
16615,0.054486647
16616,0.075009026
16617,0.07791496
16618,0.110647336
16619,0.2749635
16620,0.49504212
16621,0.08413587
16622,0.061559934
16623,0.07514642
16624,0.07514642
16625,0.07698556
16626,0.04343659
16627,0.04437962
16628,0.045698773
16629,0.0646635
16630,0.06424987
16631,0.063526005
16632,0.06345399
16633,0.07884003
16634,0.060921397
16635,0.071450405
16636,0.047681235
16637,0.04800608
16638,0.04291169
16639,0.049715545
16640,0.050191037
16641,0.04093372
16642,0.038700923
16643,0.039855372
16644,0.07450582
16645,0.075385794
16646,0.07606805
16647,0.11241985
16648,0.27311063
16649,0.13030696
16650,0.083620906
16651,0.061559934
16652,0.07438321
16653,0.069689386
16654,0.043597322
16655,0.04437962
16656,0.063614726
16657,0.06426365
16658,0.063666105
16659,0.06360188
16660,0.059112724
16661,0.061325185
16662,0.061325185
16663,0.04251871
16664,0.046810023
16665,0.043223247
16666,0.05036027
16667,0.036825858
16668,0.037655152
16669,0.03655322
16670,0.07245504
16671,0.073532745
16672,0.11296296
16673,0.58327
16674,0.10461698
16675,0.08240339
16676,0.061559934
16677,0.0845679
16678,0.07619616
16679,0.07786438
16680,0.06892617
16681,0.06429714
16682,0.26532653
16683,0.060483605
16684,0.07098727
16685,0.061325185
16686,0.078148946
16687,0.047490273
16688,0.047681235
16689,0.043223247
16690,0.036443993
16691,0.037655152
16692,0.03660465
16693,0.07245504
16694,0.07505429
16695,0.115543626
16696,0.58542544
16697,0.10461698
16698,0.083672285
16699,0.26024142
16700,0.0845679
16701,0.26432532
16702,0.07780385
16703,0.069689386
16704,0.040964853
16705,0.041061368
16706,0.06393946
16707,0.06393946
16708,0.2867735
16709,0.07143128
16710,0.27083462
16711,0.079058714
16712,0.04264274
16713,0.036353424
16714,0.037006993
16715,0.04315474
16716,0.04315474
16717,0.081699334
16718,0.08433987
16719,0.09169889
16720,0.09043
16721,0.26019782
16722,0.08597254
16723,0.08783196
16724,0.11340882
16725,0.13878202
16726,0.48202568
16727,0.10039967
16728,0.057068534
16729,0.059146922
16730,0.08494629
16731,0.73445916
16732,0.07793683
16733,0.07908634
16734,0.4882327
16735,0.08111129
16736,0.04272499
16737,0.042505022
16738,0.037234325
16739,0.042550363
16740,0.0545094
16741,0.26010358
16742,0.25203598
16743,0.08824868
16744,0.0918989
16745,0.08572654
16746,0.26153812
16747,0.0891156
16748,0.113578595
16749,0.26724845
16750,0.530903
16751,0.09426523
16752,0.05881953
16753,0.059948843
16754,0.05953796
16755,0.08311173
16756,0.8066656
16757,0.079458565
16758,0.07803334
16759,0.48914492
16760,0.043054014
16761,0.26502848
16762,0.05553085
16763,0.05483345
16764,0.072695486
16765,0.07646501
16766,0.092162475
16767,0.4483584
16768,0.08511721
16769,0.08448889
16770,0.11283091
16771,0.11096939
16772,0.11977708
16773,0.44880542
16774,0.46472004
16775,0.041907884
16776,0.26849794
16777,0.112906344
16778,0.28844866
16779,0.8169077
16780,0.29173386
16781,0.29281572
16782,0.08113892
16783,0.26292005
16784,0.057009626
16785,0.057195876
16786,0.03788866
16787,0.06109538
16788,0.0794147
16789,0.08978566
16790,0.08587186
16791,0.085065834
16792,0.0891156
16793,0.11084636
16794,0.052928973
16795,0.11970086
16796,0.27956915
16797,0.093102165
16798,0.057068534
16799,0.26849794
16800,0.05404397
16801,0.08027282
16802,0.7190651
16803,0.81538844
16804,0.5353971
16805,0.08111129
16806,0.042505022
16807,0.057195876
16808,0.4369681
16809,0.03940041
16810,0.038985092
16811,0.036353424
16812,0.052928973
16813,0.054202855
16814,0.053739246
16815,0.064225085
16816,0.06480426
16817,0.5103687
16818,0.087757185
16819,0.10886133
16820,0.10886133
16821,0.10886133
16822,0.10457887
16823,0.08111129
16824,0.26337016
16825,0.5044351
16826,0.096411
16827,0.09658666
16828,0.083591
16829,0.26965797
16830,0.91244406
16831,0.7335373
16832,0.8240565
16833,0.057962626
16834,0.07218784
16835,0.06930201
16836,0.46473753
16837,0.08650417
16838,0.2629491
16839,0.057503648
16840,0.058207877
16841,0.052928973
16842,0.054392274
16843,0.054202855
16844,0.06434068
16845,0.06480426
16846,0.5161281
16847,0.51287234
16848,0.26377168
16849,0.108612515
16850,0.10886133
16851,0.10399032
16852,0.27019736
16853,0.08459909
16854,0.068603836
16855,0.06909029
16856,0.09655903
16857,0.09658666
16858,0.083591
16859,0.09077146
16860,0.051097848
16861,0.88874143
16862,0.85384953
16863,0.8552577
16864,0.057962626
16865,0.058198802
16866,0.2640484
16867,0.2894056
16868,0.08458353
16869,0.052465364
16870,0.053623654
16871,0.03462108
16872,0.06428931
16873,0.05709469
16874,0.78224707
16875,0.7987991
16876,0.10886133
16877,0.10869155
16878,0.09264571
16879,0.13020155
16880,0.08876114
16881,0.525039
16882,0.26140547
16883,0.068245806
16884,0.08352436
16885,0.08329719
16886,0.090516664
16887,0.07520772
16888,0.08171522
16889,0.27699557
16890,0.2739815
16891,0.12629564
16892,0.059008867
16893,0.07237409
16894,0.06926994
16895,0.06154297
16896,0.26473728
16897,0.08428769
16898,0.057938926
16899,0.054202855
16900,0.05395682
16901,0.034106094
16902,0.056566864
16903,0.05663108
16904,0.7805174
16905,0.65080404
16906,0.26276
16907,0.27135223
16908,0.1303173
16909,0.1303173
16910,0.26499674
16911,0.5163329
16912,0.06961965
16913,0.08352436
16914,0.08329719
16915,0.09074383
16916,0.26198897
16917,0.08189272
16918,0.27739665
16919,0.2759873
16920,0.26539698
16921,0.96077067
16922,0.26716596
16923,0.06801259
16924,0.06134055
16925,0.26368594
16926,0.06609562
16927,0.057689898
16928,0.06733336
16929,0.034857165
16930,0.034857165
16931,0.08488223
16932,0.085840985
16933,0.108986296
16934,0.4904087
16935,0.26362893
16936,0.5298002
16937,0.27607805
16938,0.12665007
16939,0.11313376
16940,0.50376374
16941,0.07552128
16942,0.07603709
16943,0.07553354
16944,0.07491071
16945,0.54596394
16946,0.27072313
16947,0.051664174
16948,0.051370364
16949,0.55013967
16950,0.57813287
16951,0.06540489
16952,0.07050088
16953,0.06480793
16954,0.06404028
16955,0.045042243
16956,0.03502696
16957,0.08500525
16958,0.08813857
16959,0.108397745
16960,0.10886133
16961,0.5312543
16962,0.67595464
16963,0.5709398
16964,0.5821532
16965,0.5116019
16966,0.105241254
16967,0.07603709
16968,0.074891366
16969,0.2585721
16970,0.12611814
16971,0.106125474
16972,0.05184168
16973,0.06801259
16974,0.06448087
16975,0.062470872
16976,0.0658932
16977,0.07164374
16978,0.0614226
16979,0.045159705
16980,0.045159705
16981,0.029615283
16982,0.029628124
16983,0.08835615
16984,0.08879158
16985,0.1085511
16986,0.26318392
16987,0.26184472
16988,0.57109386
16989,0.6181779
16990,0.64074594
16991,0.2848838
16992,0.09655903
16993,0.07625414
16994,0.07553354
16995,0.07553354
16996,0.10594797
16997,0.05118868
16998,0.051664174
16999,0.06353912
17000,0.868441
17001,0.06193534
17002,0.057323184
17003,0.07164374
17004,0.0614226
17005,0.06713956
17006,0.0815122
17007,0.045042243
17008,0.06960625
17009,0.06685177
17010,0.030143106
17011,0.030143106
17012,0.08879135
17013,0.088602155
17014,0.108612515
17015,0.49101308
17016,0.6723363
17017,0.27269512
17018,0.62836254
17019,0.56227446
17020,0.4906131
17021,0.27782878
17022,0.07603709
17023,0.07553354
17024,0.08609358
17025,0.051664174
17026,0.051664174
17027,0.06382787
17028,0.061260264
17029,0.45456028
17030,0.2903147
17031,0.46466064
17032,0.0614226
17033,0.06306806
17034,0.07821707
17035,0.065403946
17036,0.06858679
17037,0.062390897
17038,0.06428931
17039,0.06317427
17040,0.062880464
17041,0.10456266
17042,0.7529654
17043,0.57291466
17044,0.554048
17045,0.24467982
17046,0.5128061
17047,0.08671641
17048,0.09064783
17049,0.03958577
17050,0.040307812
17051,0.05783899
17052,0.071226574
17053,0.07976244
17054,0.08513149
17055,0.044630993
17056,0.27384484
17057,0.053085074
17058,0.053003624
17059,0.45344725
17060,0.07541282
17061,0.062182236
17062,0.104805864
17063,0.25173503
17064,0.06301771
17065,0.06275414
17066,0.49624953
17067,0.08900461
17068,0.08573555
17069,0.09064783
17070,0.038671
17071,0.052505642
17072,0.05248433
17073,0.051269088
17074,0.05349887
17075,0.071988545
17076,0.078883
17077,0.04562843
17078,0.26351133
17079,0.04896117
17080,0.07541282
17081,0.0633764
17082,0.096252926
17083,0.0508391
17084,0.062087443
17085,0.06276149
17086,0.07519819
17087,0.07517885
17088,0.5050777
17089,0.51436174
17090,0.0924214
17091,0.051968522
17092,0.05374714
17093,0.05043573
17094,0.07924663
17095,0.084949546
17096,0.044575766
17097,0.051161993
17098,0.051161993
17099,0.05268408
17100,0.04390842
17101,0.043045282
17102,0.06071598
17103,0.09584335
17104,0.42116785
17105,0.06301771
17106,0.06254391
17107,0.07560979
17108,0.039417677
17109,0.095225036
17110,0.5142465
17111,0.09446801
17112,0.040307812
17113,0.05268112
17114,0.05356089
17115,0.05117502
17116,0.07906469
17117,0.08524335
17118,0.05086818
17119,0.051923275
17120,0.0431095
17121,0.043403313
17122,0.05059592
17123,0.07974297
17124,0.060026623
17125,0.03982929
17126,0.039776642
17127,0.05248358
17128,0.05816033
17129,0.28168634
17130,0.06686115
17131,0.049786106
17132,0.05096291
17133,0.071119815
17134,0.07103282
17135,0.070557326
17136,0.06547223
17137,0.25595903
17138,0.064040534
17139,0.063854285
17140,0.034642007
17141,0.03953744
17142,0.03765862
17143,0.080194816
17144,0.26668236
17145,0.06757198
17146,0.05059592
17147,0.08649512
17148,0.06014241
17149,0.039123863
17150,0.48091778
17151,0.5647381
17152,0.2682978
17153,0.06685228
17154,0.041948758
17155,0.049425133
17156,0.049782287
17157,0.04948935
17158,0.07123728
17159,0.07193503
17160,0.9193812
17161,0.07067492
17162,0.065354764
17163,0.06388747
17164,0.06341197
17165,0.03755828
17166,0.038054463
17167,0.08338065
17168,0.47309715
17169,0.04390842
17170,0.077088416
17171,0.05192693
17172,0.048042726
17173,0.059668593
17174,0.067656465
17175,0.03279827
17176,0.054547206
17177,0.052933577
17178,0.041948758
17179,0.04221975
17180,0.040291645
17181,0.04989175
17182,0.04948935
17183,0.052442588
17184,0.070557326
17185,0.07143676
17186,0.071988545
17187,0.06543701
17188,0.06388747
17189,0.063854285
17190,0.06500771
17191,0.038054463
17192,0.07541282
17193,0.718734
17194,0.07714277
17195,0.05192693
17196,0.052220743
17197,0.048127506
17198,0.059549365
17199,0.06770322
17200,0.034795653
17201,0.03634322
17202,0.28652164
17203,0.042130437
17204,0.043027956
17205,0.040307812
17206,0.050301913
17207,0.052628838
17208,0.07162301
17209,0.07039075
17210,0.071988545
17211,0.0640567
17212,0.06388747
17213,0.06468286
17214,0.065040894
17215,0.03711735
17216,0.07541282
17217,0.67849123
17218,0.07714277
17219,0.053378753
17220,0.048254836
17221,0.032194402
17222,0.026507549
17223,0.03671664
17224,0.046677142
17225,0.048254836
17226,0.022445047
17227,0.023635326
17228,0.05318128
17229,0.054371554
17230,0.066538066
17231,0.06814526
17232,0.040436946
17233,0.041307043
17234,0.03486383
17235,0.035557393
17236,0.25735477
17237,0.2718274
17238,0.09305247
17239,0.053326093
17240,0.032194402
17241,0.031863976
17242,0.026238617
17243,0.035563108
17244,0.032866534
17245,0.04379713
17246,0.021978587
17247,0.022369271
17248,0.022663087
17249,0.023119517
17250,0.054557804
17251,0.052552916
17252,0.06863824
17253,0.06922748
17254,0.040717814
17255,0.06329115
17256,0.07700601
17257,0.061861224
17258,0.05549336
17259,0.026243968
17260,0.03671664
17261,0.034020066
17262,0.044057142
17263,0.036619715
17264,0.021978587
17265,0.04831396
17266,0.022251807
17267,0.052812558
17268,0.041493293
17269,0.041307043
17270,0.034876775
17271,0.05521768
17272,0.055190187
17273,0.026696967
17274,0.026648957
17275,0.035668205
17276,0.03395585
17277,0.04386135
17278,0.02224754
17279,0.023322182
17280,0.023119517
17281,0.052552916
17282,0.041566685
17283,0.062280063
17284,0.07417179
17285,0.075857885
17286,0.054753046
17287,0.030655252
17288,0.02442604
17289,0.03585598
17290,0.026538119
17291,0.026611278
17292,0.029199414
17293,0.04850021
17294,0.04497844
17295,0.051237486
17296,0.07084041
17297,0.06681525
17298,0.036316734
17299,0.03648723
17300,0.02834381
17301,0.024767881
17302,0.03733535
17303,0.026538119
17304,0.028930482
17305,0.04850021
17306,0.022663087
17307,0.04445863
17308,0.07065416
17309,0.033038456
17310,0.2575562
17311,0.030317195
17312,0.023027714
17313,0.028160619
17314,0.026342325
17315,0.028930482
17316,0.028520916
17317,0.023635326
17318,0.023119517
17319,0.022663087
17320,0.023119517
17321,0.043788165
17322,0.052857105
17323,0.051038466
17324,0.07065416
17325,0.06546366
17326,0.092706166
17327,0.021682523
17328,0.045378137
17329,0.040363725
17330,0.03385088
17331,0.25730717
17332,0.053416066
17333,0.039832707
17334,0.0643921
17335,0.063820496
17336,0.053220272
17337,0.06814828
17338,0.084918596
17339,0.08815934
17340,0.057055913
17341,0.48983034
17342,0.060250502
17343,0.059435897
17344,0.057385765
17345,0.27593037
17346,0.06833437
17347,0.27401602
17348,0.08597046
17349,0.06354921
17350,0.06556678
17351,0.060250502
17352,0.05985637
17353,0.04108772
17354,0.04308891
17355,0.3616259
17356,0.06956513
17357,0.58042413
17358,0.28402647
17359,0.063595966
17360,0.27809548
17361,0.038427223
17362,0.04108772
17363,0.04108772
17364,0.046832733
17365,0.047378387
17366,0.07184198
17367,0.27386546
17368,0.40221718
17369,0.47664472
17370,0.059487272
17371,0.27459845
17372,0.04108772
17373,0.04108772
17374,0.04856899
17375,0.04731786
17376,0.061209552
17377,0.082785934
17378,0.4264531
17379,0.09842655
17380,0.2672082
17381,0.5293913
17382,0.07702001
17383,0.079784416
17384,0.47715494
17385,0.053630035
17386,0.26558495
17387,0.056936506
17388,0.05156608
17389,0.051960796
17390,0.065122366
17391,0.08179983
17392,0.0751217
17393,0.09564369
17394,0.09814926
17395,0.047378387
17396,0.079784416
17397,0.07739606
17398,0.48190692
17399,0.053496115
17400,0.053829283
17401,0.045820285
17402,0.05946706
17403,0.052187428
17404,0.05241769
17405,0.04359312
17406,0.05960611
17407,0.06238897
17408,0.076391466
17409,0.076391466
17410,0.07252922
17411,0.28483695
17412,0.08005861
17413,0.055577725
17414,0.054124463
17415,0.04316712
17416,0.06508918
17417,0.4253735
17418,0.072698995
17419,0.07831421
17420,0.45032263
17421,0.28487867
17422,0.051563617
17423,0.054124463
17424,0.053611707
17425,0.045807444
17426,0.051960796
17427,0.04726237
17428,0.042862143
17429,0.065122366
17430,0.06508918
17431,0.03385088
17432,0.072976284
17433,0.06160329
17434,0.07965876
17435,0.28492543
17436,0.47085932
17437,0.051624145
17438,0.2527392
17439,0.04316712
17440,0.068341196
17441,0.04399864
17442,0.056666926
17443,0.055595346
17444,0.26774183
17445,0.051047053
17446,0.072976284
17447,0.0600741
17448,0.06141387
17449,0.28521585
17450,0.4790505
17451,0.051624145
17452,0.051624145
17453,0.045402784
17454,0.072253756
17455,0.07227836
17456,0.044050016
17457,0.06173236
17458,0.056491278
17459,0.056491278
17460,0.06683579
17461,0.06799845
17462,0.051075608
17463,0.04109346
17464,0.049096964
17465,0.042845666
17466,0.030290505
17467,0.029631346
17468,0.07227335
17469,0.06976778
17470,0.2825459
17471,0.0730903
17472,0.098330505
17473,0.060397413
17474,0.057932854
17475,0.037196863
17476,0.037196863
17477,0.051610373
17478,0.052023992
17479,0.052135114
17480,0.052023992
17481,0.07207811
17482,0.27933532
17483,0.05943363
17484,0.059373103
17485,0.061779115
17486,0.061143953
17487,0.05589372
17488,0.055685464
17489,0.06616346
17490,0.04127971
17491,0.040577654
17492,0.049096964
17493,0.03271693
17494,0.029631346
17495,0.025115026
17496,0.07255064
17497,0.07934101
17498,0.2832981
17499,0.26763865
17500,0.27098915
17501,0.057448737
17502,0.055561148
17503,0.037196863
17504,0.06816106
17505,0.0507967
17506,0.051610373
17507,0.0752269
17508,0.07247796
17509,0.56968045
17510,0.05798813
17511,0.05759291
17512,0.06173236
17513,0.055685464
17514,0.056477506
17515,0.051278025
17516,0.04933736
17517,0.030290505
17518,0.03358014
17519,0.03936303
17520,0.054667976
17521,0.072714895
17522,0.081059076
17523,0.11323157
17524,0.27562672
17525,0.2744904
17526,0.08382529
17527,0.061313562
17528,0.07564053
17529,0.074426085
17530,0.07714404
17531,0.044036776
17532,0.06376036
17533,0.06370898
17534,0.063303456
17535,0.06292388
17536,0.07890666
17537,0.06120508
17538,0.07108153
17539,0.042575903
17540,0.045064867
17541,0.047707997
17542,0.042053815
17543,0.04985977
17544,0.049706645
17545,0.030290505
17546,0.042952925
17547,0.040068943
17548,0.07441151
17549,0.07513501
17550,0.07633666
17551,0.11446784
17552,0.2724385
17553,0.27437785
17554,0.083889514
17555,0.061313562
17556,0.07477127
17557,0.068603605
17558,0.04401743
17559,0.06435791
17560,0.06376036
17561,0.061387878
17562,0.06022362
17563,0.061459113
17564,0.061709
17565,0.04272649
17566,0.047590535
17567,0.046172567
17568,0.041238993
17569,0.049892895
17570,0.03703943
17571,0.039685097
17572,0.037196234
17573,0.076094635
17574,0.07182762
17575,0.110915944
17576,0.2953432
17577,0.10384308
17578,0.08351289
17579,0.061313562
17580,0.08435899
17581,0.07675079
17582,0.077958636
17583,0.06978364
17584,0.044460114
17585,0.06386493
17586,0.26934126
17587,0.060409293
17588,0.0710173
17589,0.06205419
17590,0.07995705
17591,0.046172567
17592,0.041461922
17593,0.03387469
17594,0.031996626
17595,0.039666593
17596,0.07284138
17597,0.078407496
17598,0.11756221
17599,0.60157067
17600,0.10289735
17601,0.084404476
17602,0.44915956
17603,0.084836505
17604,0.2636159
17605,0.07835849
17606,0.06978364
17607,0.042002145
17608,0.04166858
17609,0.06412244
17610,0.07154466
17611,0.07154466
17612,0.2775302
17613,0.078995906
17614,0.042933
17615,0.039011855
17616,0.03775379
17617,0.04329716
17618,0.04301987
17619,0.08311473
17620,0.08767077
17621,0.09243108
17622,0.08992551
17623,0.08624115
17624,0.08624115
17625,0.089384206
17626,0.11209998
17627,0.27450895
17628,0.50284135
17629,0.10145549
17630,0.057367533
17631,0.057950232
17632,0.061228003
17633,0.08832529
17634,0.74013484
17635,0.079418376
17636,0.4976592
17637,0.27671364
17638,0.042755872
17639,0.03654694
17640,0.0374765
17641,0.04233531
17642,0.05661138
17643,0.26298192
17644,0.25252873
17645,0.09192272
17646,0.085777566
17647,0.085849404
17648,0.08933745
17649,0.1138472
17650,0.13969086
17651,0.48241302
17652,0.09349023
17653,0.058913793
17654,0.059656877
17655,0.058989875
17656,0.28078443
17657,0.83823556
17658,0.07995705
17659,0.49974945
17660,0.042053815
17661,0.27317554
17662,0.036317535
17663,0.05412889
17664,0.05412889
17665,0.07585846
17666,0.07968331
17667,0.09243108
17668,0.43677297
17669,0.085849404
17670,0.08580265
17671,0.26475605
17672,0.110769786
17673,0.119526155
17674,0.4489175
17675,0.4933519
17676,0.11608314
17677,0.27882943
17678,0.28391686
17679,0.82573056
17680,0.30085933
17681,0.5461052
17682,0.080344394
17683,0.2626908
17684,0.058363106
17685,0.057970427
17686,0.038435567
17687,0.0374765
17688,0.06238897
17689,0.090054266
17690,0.08614047
17691,0.08538582
17692,0.0888564
17693,0.112568386
17694,0.05319758
17695,0.119577534
17696,0.2794793
17697,0.2808205
17698,0.058913793
17699,0.5890415
17700,0.053611707
17701,0.08084519
17702,0.7614938
17703,0.79831064
17704,0.5393853
17705,0.08128292
17706,0.08088307
17707,0.042755872
17708,0.058460448
17709,0.41307986
17710,0.038949203
17711,0.039011855
17712,0.036380187
17713,0.05319758
17714,0.05395648
17715,0.054471463
17716,0.06507287
17717,0.06502612
17718,0.5129356
17719,0.088289365
17720,0.109129936
17721,0.2689096
17722,0.109129936
17723,0.08906591
17724,0.08088307
17725,0.26828873
17726,0.5272206
17727,0.09633082
17728,0.09633082
17729,0.08295151
17730,0.08300475
17731,0.9084165
17732,0.7391325
17733,0.8458046
17734,0.058574535
17735,0.071798004
17736,0.068455264
17737,0.29216963
17738,0.082422614
17739,0.25385603
17740,0.058413547
17741,0.05319758
17742,0.054471463
17743,0.054007854
17744,0.06507287
17745,0.06456451
17746,0.5156191
17747,0.51518726
17748,0.2607256
17749,0.10866635
17750,0.10931936
17751,0.10091566
17752,0.08669082
17753,0.08669082
17754,0.06939143
17755,0.096182786
17756,0.09633082
17757,0.08278034
17758,0.09051561
17759,0.052524064
17760,0.8836432
17761,0.839546
17762,0.8228785
17763,0.0580441
17764,0.0580441
17765,0.2621243
17766,0.29310822
17767,0.05300844
17768,0.053943638
17769,0.034889687
17770,0.06507287
17771,0.057363298
17772,0.8122169
17773,0.8082559
17774,0.109129936
17775,0.109129936
17776,0.08626635
17777,0.1305859
17778,0.08914889
17779,0.5309186
17780,0.06837562
17781,0.06808181
17782,0.08261207
17783,0.08136206
17784,0.09051561
17785,0.075166695
17786,0.08104598
17787,0.27947357
17788,0.54692745
17789,0.12656336
17790,0.05784168
17791,0.06938348
17792,0.06312247
17793,0.26036304
17794,0.08172125
17795,0.057534404
17796,0.05297038
17797,0.054471463
17798,0.034889687
17799,0.057363298
17800,0.056361083
17801,0.79686385
17802,0.40709057
17803,0.2653734
17804,0.26492858
17805,0.1305859
17806,0.1305859
17807,0.08954874
17808,0.51034147
17809,0.067624904
17810,0.06808181
17811,0.08295151
17812,0.083068974
17813,0.08858153
17814,0.075293064
17815,0.08138542
17816,0.73298115
17817,0.28152227
17818,0.2708354
17819,0.9467231
17820,0.072219595
17821,0.06804434
17822,0.06312247
17823,0.26353297
17824,0.0662424
17825,0.05773682
17826,0.06800454
17827,0.03529557
17828,0.035248812
17829,0.0855098
17830,0.088870764
17831,0.25796616
17832,0.5334082
17833,0.2623119
17834,0.5418565
17835,0.6073786
17836,0.12691867
17837,0.11275751
17838,0.29340234
17839,0.075293064
17840,0.07580887
17841,0.07530532
17842,0.07533295
17843,0.55576104
17844,0.26550505
17845,0.051745653
17846,0.051451836
17847,0.5324967
17848,0.52013093
17849,0.0662424
17850,0.07294733
17851,0.06195805
17852,0.06438948
17853,0.04403288
17854,0.034533586
17855,0.08255944
17856,0.08882401
17857,0.109129936
17858,0.10866635
17859,0.53784126
17860,0.6768037
17861,0.5939401
17862,0.5923333
17863,0.51271325
17864,0.10501304
17865,0.07580887
17866,0.07530532
17867,0.073931776
17868,0.1263771
17869,0.106206946
17870,0.051923152
17871,0.067505285
17872,0.06402681
17873,0.061624136
17874,0.0662424
17875,0.07250874
17876,0.06195805
17877,0.06456136
17878,0.044057697
17879,0.029896732
17880,0.030411715
17881,0.08604537
17882,0.088870764
17883,0.10931913
17884,0.25915447
17885,0.14472164
17886,0.5892829
17887,0.6472191
17888,0.65311027
17889,0.28621748
17890,0.096182786
17891,0.07318532
17892,0.07530532
17893,0.07245884
17894,0.106206946
17895,0.05127016
17896,0.051923152
17897,0.06474859
17898,0.81958765
17899,0.061624136
17900,0.057920467
17901,0.07213789
17902,0.062038492
17903,0.06450693
17904,0.08056065
17905,0.043526985
17906,0.06499942
17907,0.06650031
17908,0.028543841
17909,0.030411715
17910,0.08905996
17911,0.088098295
17912,0.109129936
17913,0.51109153
17914,0.7048466
17915,0.26956716
17916,0.6601552
17917,0.60351306
17918,0.49844414
17919,0.27836308
17920,0.07580887
17921,0.07478952
17922,0.08550224
17923,0.04637559
17924,0.051451836
17925,0.06456234
17926,0.06273859
17927,0.44395912
17928,0.29317048
17929,0.43237823
17930,0.061340638
17931,0.064122766
17932,0.081658974
17933,0.072859764
17934,0.072429046
17935,0.071519606
17936,0.06507287
17937,0.06373762
17938,0.105898745
17939,0.7925125
17940,0.61278135
17941,0.5868257
17942,0.48595032
17943,0.2702449
17944,0.27511758
17945,0.089502975
17946,0.039065275
17947,0.057920467
17948,0.05086111
17949,0.053844783
17950,0.07119058
17951,0.077419005
17952,0.085188136
17953,0.043570817
17954,0.064805634
17955,0.049864504
17956,0.053324588
17957,0.0527578
17958,0.4655132
17959,0.07191131
17960,0.062011253
17961,0.063282184
17962,0.10601451
17963,0.2556789
17964,0.06249559
17965,0.06345725
17966,0.27348137
17967,0.27318004
17968,0.0880215
17969,0.08990381
17970,0.039581083
17971,0.05328222
17972,0.05202518
17973,0.052565806
17974,0.053828616
17975,0.07137227
17976,0.08003016
17977,0.041175283
17978,0.050717257
17979,0.071366385
17980,0.063645005
17981,0.097704776
17982,0.04952349
17983,0.06627303
17984,0.06620881
17985,0.07856928
17986,0.075806126
17987,0.51664776
17988,0.5259503
17989,0.09228783
17990,0.05328222
17991,0.052861817
17992,0.05310174
17993,0.049549602
17994,0.07943997
17995,0.08484933
17996,0.04399949
17997,0.05059138
17998,0.051401507
17999,0.03631357
18000,0.048479825
18001,0.044805318
18002,0.063870735
18003,0.097704776
18004,0.44721007
18005,0.06345725
18006,0.06309828
18007,0.26071626
18008,0.03961402
18009,0.09499682
18010,0.5307191
18011,0.09330281
18012,0.039581083
18013,0.05328222
18014,0.053844783
18015,0.0512543
18016,0.07914616
18017,0.05040513
18018,0.053324588
18019,0.049997307
18020,0.07054707
18021,0.059543796
18022,0.040025637
18023,0.040025637
18024,0.05344171
18025,0.054498766
18026,0.28169125
18027,0.06653135
18028,0.049688287
18029,0.05119228
18030,0.07131875
18031,0.07100243
18032,0.071518235
18033,0.06527596
18034,0.25757968
18035,0.06393576
18036,0.06341995
18037,0.037589036
18038,0.037589036
18039,0.03510473
18040,0.075723894
18041,0.26731208
18042,0.06786238
18043,0.049997307
18044,0.08545691
18045,0.059134196
18046,0.03925599
18047,0.040025637
18048,0.5101134
18049,0.5407173
18050,0.26666838
18051,0.06753016
18052,0.049688287
18053,0.049570825
18054,0.049688287
18055,0.05038339
18056,0.0720165
18057,0.07169033
18058,0.9081845
18059,0.06527596
18060,0.06527596
18061,0.06393576
18062,0.06393576
18063,0.036534462
18064,0.037055798
18065,0.075178966
18066,0.423752
18067,0.04607578
18068,0.2672004
18069,0.051957686
18070,0.048158262
18071,0.059733216
18072,0.066897355
18073,0.032526553
18074,0.0547718
18075,0.053491097
18076,0.043109432
18077,0.042211913
18078,0.039427552
18079,0.05038339
18080,0.0499821
18081,0.052524064
18082,0.071704485
18083,0.0705116
18084,0.07207002
18085,0.06527596
18086,0.063675135
18087,0.06412201
18088,0.06454855
18089,0.034805994
18090,0.070596814
18091,0.86122936
18092,0.077183396
18093,0.24565455
18094,0.05150079
18095,0.04816813
18096,0.059543796
18097,0.067899555
18098,0.03206494
18099,0.28246513
18100,0.042505726
18101,0.042301226
18102,0.051764745
18103,0.0706388
18104,0.072272435
18105,0.06393576
18106,0.06437165
18107,0.065122366
18108,0.04006438
18109,0.071366385
18110,0.8614562
18111,0.07915035
18112,0.052016605
18113,0.056999553
18114,0.047828697
18115,0.05074551
18116,0.032226827
18117,0.037178397
18118,0.042152252
18119,0.047828697
18120,0.023666084
18121,0.06136611
18122,0.06072884
18123,0.06963453
18124,0.06812127
18125,0.04248263
18126,0.041697975
18127,0.03698914
18128,0.2553323
18129,0.27074578
18130,0.09698822
18131,0.054204863
18132,0.03246541
18133,0.02643496
18134,0.037258174
18135,0.03413579
18136,0.042152252
18137,0.023523806
18138,0.023666084
18139,0.06136611
18140,0.06136611
18141,0.06944828
18142,0.06887198
18143,0.042409237
18144,0.064145885
18145,0.08775266
18146,0.0538277
18147,0.026684184
18148,0.035944857
18149,0.03329254
18150,0.043089565
18151,0.036052324
18152,0.02168631
18153,0.04782891
18154,0.059174843
18155,0.041697975
18156,0.04135289
18157,0.035897233
18158,0.063959636
18159,0.054801848
18160,0.055179104
18161,0.03448823
18162,0.021287594
18163,0.027063023
18164,0.03696436
18165,0.03306288
18166,0.04397707
18167,0.021568846
18168,0.023666084
18169,0.02195953
18170,0.060850304
18171,0.27045754
18172,0.07603057
18173,0.053231686
18174,0.030122943
18175,0.03681606
18176,0.026235873
18177,0.026235873
18178,0.047824908
18179,0.06010535
18180,0.05946808
18181,0.083236635
18182,0.06812127
18183,0.035940677
18184,0.03928409
18185,0.035519917
18186,0.030578176
18187,0.021489212
18188,0.02643496
18189,0.036052324
18190,0.02982432
18191,0.029395757
18192,0.048344716
18193,0.021371694
18194,0.05826786
18195,0.058561675
18196,0.083418325
18197,0.037248783
18198,0.038538553
18199,0.26810583
18200,0.03305727
18201,0.021508524
18202,0.021489212
18203,0.023943711
18204,0.026999608
18205,0.026908664
18206,0.029126825
18207,0.028665883
18208,0.023925724
18209,0.021842066
18210,0.021842066
18211,0.06010535
18212,0.05946808
18213,0.060850304
18214,0.06136611
18215,0.08181622
18216,0.06904073
18217,0.0354557
18218,0.09698822
18219,0.02168707
18220,0.021489212
18221,0.03421842
18222,0.04519701
18223,0.27132526
18224,0.05337344
18225,0.03736858
18226,0.06379916
18227,0.063820496
18228,0.054453373
18229,0.06500468
18230,0.06311458
18231,0.07865431
18232,0.084536724
18233,0.4869196
18234,0.47903997
18235,0.06023673
18236,0.07288448
18237,0.07170977
18238,0.2753706
18239,0.08564829
18240,0.064903155
18241,0.05927516
18242,0.057040576
18243,0.038049348
18244,0.04108772
18245,0.27729845
18246,0.06406285
18247,0.471978
18248,0.3008812
18249,0.06509141
18250,0.060189974
18251,0.05785518
18252,0.05785518
18253,0.038440995
18254,0.038440995
18255,0.04108772
18256,0.04052669
18257,0.047378387
18258,0.04856899
18259,0.07867573
18260,0.266451
18261,0.41675988
18262,0.46358886
18263,0.06752801
18264,0.27467543
18265,0.03797158
18266,0.04308891
18267,0.04011238
18268,0.046403047
18269,0.06181929
18270,0.44255155
18271,0.097401574
18272,0.09762158
18273,0.5001331
18274,0.07778323
18275,0.07695579
18276,0.48601624
18277,0.053630035
18278,0.5453495
18279,0.057183504
18280,0.052353606
18281,0.051965926
18282,0.06508918
18283,0.0759444
18284,0.26834086
18285,0.09385581
18286,0.047378387
18287,0.07897383
18288,0.077492826
18289,0.28487867
18290,0.054077707
18291,0.053630035
18292,0.04565955
18293,0.05759291
18294,0.05220558
18295,0.044050016
18296,0.06238897
18297,0.06238897
18298,0.075850606
18299,0.072698995
18300,0.28486562
18301,0.08046935
18302,0.054138236
18303,0.05356033
18304,0.044119913
18305,0.4276095
18306,0.07358697
18307,0.07897383
18308,0.28476048
18309,0.2865968
18310,0.053290255
18311,0.053829283
18312,0.045402784
18313,0.05100505
18314,0.044830296
18315,0.042862143
18316,0.06508918
18317,0.04062014
18318,0.041064907
18319,0.07265224
18320,0.060321957
18321,0.07840763
18322,0.07718425
18323,0.48154712
18324,0.051624145
18325,0.24787232
18326,0.04316712
18327,0.06842305
18328,0.043837905
18329,0.056187533
18330,0.065122366
18331,0.051047053
18332,0.07385593
18333,0.0573884
18334,0.060321957
18335,0.07846816
18336,0.07758934
18337,0.48537445
18338,0.05079683
18339,0.051624145
18340,0.051624145
18341,0.045807574
18342,0.07207811
18343,0.068558775
18344,0.05943363
18345,0.061489142
18346,0.056491278
18347,0.056187533
18348,0.06543174
18349,0.06616346
18350,0.0505598
18351,0.041521054
18352,0.04274266
18353,0.030290505
18354,0.029624699
18355,0.029026967
18356,0.071980976
18357,0.07158882
18358,0.2873194
18359,0.073154524
18360,0.098575294
18361,0.059193287
18362,0.05683786
18363,0.036221523
18364,0.039198052
18365,0.051610373
18366,0.049761105
18367,0.051624145
18368,0.06843475
18369,0.5583221
18370,0.060156092
18371,0.05941986
18372,0.061792888
18373,0.061143953
18374,0.056491278
18375,0.056891125
18376,0.0669869
18377,0.048801124
18378,0.030290505
18379,0.032328162
18380,0.029908638
18381,0.06181929
18382,0.27175632
18383,0.08179983
18384,0.27479017
18385,0.27605122
18386,0.26863113
18387,0.057290863
18388,0.05609158
18389,0.037196863
18390,0.06629803
18391,0.05115473
18392,0.050648805
18393,0.07436186
18394,0.07206433
18395,0.5760962
18396,0.05943363
18397,0.0587446
18398,0.061779115
18399,0.056477506
18400,0.05568161
18401,0.06565753
18402,0.04929938
18403,0.042032536
18404,0.030290505
18405,0.03570183
18406,0.041786764
18407,0.054755256
18408,0.250751
18409,0.08026817
18410,0.111987524
18411,0.27375478
18412,0.4952735
18413,0.08382529
18414,0.061781805
18415,0.074477464
18416,0.07564053
18417,0.07719542
18418,0.09395964
18419,0.044473883
18420,0.04487373
18421,0.04396054
18422,0.06434413
18423,0.06434413
18424,0.06362024
18425,0.06402009
18426,0.07893429
18427,0.061387878
18428,0.07096592
18429,0.046172567
18430,0.042569622
18431,0.04985977
18432,0.04944198
18433,0.039019078
18434,0.03822119
18435,0.070867985
18436,0.074458264
18437,0.07902069
18438,0.11074744
18439,0.275662
18440,0.13031198
18441,0.08365679
18442,0.061080843
18443,0.07524068
18444,0.07553635
18445,0.069723114
18446,0.04369159
18447,0.04487373
18448,0.06376036
18449,0.06370898
18450,0.06402009
18451,0.060409293
18452,0.06098803
18453,0.061977964
18454,0.062440578
18455,0.042575903
18456,0.04752632
18457,0.042605285
18458,0.036380272
18459,0.035874993
18460,0.036482565
18461,0.092277996
18462,0.077085346
18463,0.11273521
18464,0.29651478
18465,0.10937035
18466,0.084404476
18467,0.061828557
18468,0.08518169
18469,0.07635094
18470,0.07789811
18471,0.069314234
18472,0.04396054
18473,0.0639617
18474,0.064058214
18475,0.060818702
18476,0.07152554
18477,0.06154827
18478,0.0803569
18479,0.047354423
18480,0.042569622
18481,0.038056295
18482,0.03724299
18483,0.0374765
18484,0.0764956
18485,0.080004595
18486,0.112894095
18487,0.58114195
18488,0.10966416
18489,0.084404476
18490,0.44231445
18491,0.08535147
18492,0.26278505
18493,0.07748923
18494,0.06978364
18495,0.041059114
18496,0.041988377
18497,0.039187875
18498,0.064433545
18499,0.06412244
18500,0.07154466
18501,0.07194451
18502,0.2745075
18503,0.07995705
18504,0.042510636
18505,0.038433395
18506,0.03775379
18507,0.042973112
18508,0.04272747
18509,0.08460848
18510,0.08218476
18511,0.09226131
18512,0.09243108
18513,0.26296595
18514,0.08549346
18515,0.08863652
18516,0.1138472
18517,0.13967709
18518,0.49651754
18519,0.101869114
18520,0.0571628
18521,0.05978148
18522,0.05969275
18523,0.08217612
18524,0.72009134
18525,0.07995705
18526,0.07995705
18527,0.49436486
18528,0.08026711
18529,0.042053815
18530,0.036317535
18531,0.0374765
18532,0.04329716
18533,0.05412889
18534,0.26049754
18535,0.2564634
18536,0.09243108
18537,0.08572619
18538,0.08580265
18539,0.089384206
18540,0.1120486
18541,0.13969086
18542,0.48585743
18543,0.09395964
18544,0.058913793
18545,0.058913793
18546,0.05978148
18547,0.05978148
18548,0.75587946
18549,0.8284468
18550,0.07995705
18551,0.07893168
18552,0.49550542
18553,0.04301656
18554,0.41314325
18555,0.05437453
18556,0.054421287
18557,0.074655764
18558,0.076584175
18559,0.44344985
18560,0.085101716
18561,0.085849404
18562,0.26785117
18563,0.112040706
18564,0.2708606
18565,0.5119252
18566,0.4896767
18567,0.042002145
18568,0.27670023
18569,0.27837777
18570,0.080891944
18571,0.8038077
18572,0.29957467
18573,0.5453184
18574,0.0819805
18575,0.08088307
18576,0.058721136
18577,0.058215212
18578,0.038949203
18579,0.03942313
18580,0.036854394
18581,0.06238897
18582,0.076584175
18583,0.090007514
18584,0.090054266
18585,0.26140258
18586,0.0891382
18587,0.112568386
18588,0.05319758
18589,0.1207406
18590,0.27519214
18591,0.28304264
18592,0.042002145
18593,0.058913793
18594,0.28325
18595,0.085067615
18596,0.7428925
18597,0.7934808
18598,0.5349129
18599,0.08026711
18600,0.058476616
18601,0.42641824
18602,0.038949203
18603,0.038433395
18604,0.03649765
18605,0.053027786
18606,0.054471463
18607,0.05395648
18608,0.06455792
18609,0.06455792
18610,0.5067669
18611,0.088289365
18612,0.109129936
18613,0.10888393
18614,0.10888112
18615,0.086496376
18616,0.0819805
18617,0.2673812
18618,0.52264917
18619,0.09635845
18620,0.09666924
18621,0.08300475
18622,0.26991168
18623,0.9020293
18624,0.7868305
18625,0.82629156
18626,0.057664182
18627,0.0727354
18628,0.06935141
18629,0.29340523
18630,0.08412981
18631,0.26709792
18632,0.056433782
18633,0.05295155
18634,0.054301668
18635,0.05375062
18636,0.0648093
18637,0.06455792
18638,0.49675912
18639,0.5048679
18640,0.26092213
18641,0.109129936
18642,0.109129936
18643,0.086496376
18644,0.08669082
18645,0.08566359
18646,0.06786969
18647,0.09633082
18648,0.09631169
18649,0.08285686
18650,0.09022435
18651,0.052008256
18652,0.8785731
18653,0.8470204
18654,0.85598576
18655,0.05802793
18656,0.056631077
18657,0.06935141
18658,0.41932735
18659,0.08100303
18660,0.052669756
18661,0.05422543
18662,0.03484293
18663,0.06507287
18664,0.057363298
18665,0.80790657
18666,0.81677395
18667,0.10888112
18668,0.109129936
18669,0.09382027
18670,0.1308291
18671,0.08805743
18672,0.5299385
18673,0.26204133
18674,0.06899158
18675,0.08332377
18676,0.08329614
18677,0.08999981
18678,0.07580887
18679,0.081321195
18680,0.27942654
18681,0.27631563
18682,0.1263771
18683,0.05802793
18684,0.07245556
18685,0.06938348
18686,0.06139391
18687,0.26223084
18688,0.08151884
18689,0.05706169
18690,0.054471463
18691,0.053943638
18692,0.034889687
18693,0.05731654
18694,0.056835473
18695,0.80832756
18696,0.6382131
18697,0.26492858
18698,0.109129936
18699,0.1308291
18700,0.13017632
18701,0.08914889
18702,0.5136814
18703,0.06899158
18704,0.067964345
18705,0.08285686
18706,0.08329614
18707,0.09051561
18708,0.075293064
18709,0.08145839
18710,0.7321601
18711,0.2701504
18712,0.27614594
18713,0.9589591
18714,0.07245556
18715,0.06809406
18716,0.060984235
18717,0.26371923
18718,0.0662424
18719,0.057534404
18720,0.4627704
18721,0.03529557
18722,0.03483196
18723,0.08515083
18724,0.08882401
18725,0.25657788
18726,0.53414154
18727,0.5816867
18728,0.5304747
18729,0.6064371
18730,0.1265091
18731,0.11333361
18732,0.48155367
18733,0.07580887
18734,0.07530532
18735,0.07438868
18736,0.5588318
18737,0.26889303
18738,0.051923152
18739,0.05048962
18740,0.52527183
18741,0.2758791
18742,0.062374845
18743,0.06887271
18744,0.072289385
18745,0.061974216
18746,0.064122766
18747,0.044573504
18748,0.044573504
18749,0.034716368
18750,0.03529557
18751,0.08479293
18752,0.08862195
18753,0.109129936
18754,0.10853691
18755,0.5417522
18756,0.69536465
18757,0.60366124
18758,0.61177987
18759,0.5079421
18760,0.10501304
18761,0.07482813
18762,0.075293064
18763,0.07427122
18764,0.07468249
18765,0.1263771
18766,0.1047734
18767,0.052361745
18768,0.06809406
18769,0.06456234
18770,0.06255234
18771,0.06255234
18772,0.0662424
18773,0.07484525
18774,0.0617718
18775,0.06438948
18776,0.044573504
18777,0.043952767
18778,0.030411715
18779,0.030241923
18780,0.08899573
18781,0.08862195
18782,0.109129936
18783,0.5333864
18784,0.14516124
18785,0.5805061
18786,0.64643234
18787,0.66309977
18788,0.28794798
18789,0.095771514
18790,0.07580887
18791,0.075286195
18792,0.07530532
18793,0.106206946
18794,0.051923152
18795,0.0521094
18796,0.06353094
18797,0.85824484
18798,0.062016945
18799,0.05744915
18800,0.0719562
18801,0.0617718
18802,0.06360696
18803,0.081658974
18804,0.04283128
18805,0.057672184
18806,0.030411715
18807,0.030411715
18808,0.08906019
18809,0.08862195
18810,0.109254904
18811,0.515699
18812,0.68460673
18813,0.27288347
18814,0.6601552
18815,0.57743734
18816,0.49790448
18817,0.27924266
18818,0.07471054
18819,0.07468011
18820,0.07438868
18821,0.08597239
18822,0.051334377
18823,0.051627316
18824,0.052058008
18825,0.06397357
18826,0.062036537
18827,0.4370509
18828,0.057385065
18829,0.43035185
18830,0.061974216
18831,0.064122766
18832,0.081845224
18833,0.06764834
18834,0.072429046
18835,0.06948832
18836,0.064352065
18837,0.062450845
18838,0.10601451
18839,0.77001107
18840,0.58921266
18841,0.5868257
18842,0.24807835
18843,0.51146823
18844,0.08538987
18845,0.09041961
18846,0.04037312
18847,0.052565806
18848,0.053844783
18849,0.07137227
18850,0.07943997
18851,0.08503102
18852,0.041159116
18853,0.26789877
18854,0.051401507
18855,0.05303438
18856,0.053324588
18857,0.25789365
18858,0.0708416
18859,0.029948108
18860,0.062450845
18861,0.10601451
18862,0.2533832
18863,0.06321405
18864,0.06321405
18865,0.5134901
18866,0.26956937
18867,0.08550733
18868,0.09041961
18869,0.039374307
18870,0.05328222
18871,0.05141478
18872,0.05205
18873,0.053527102
18874,0.07207002
18875,0.07866453
18876,0.041679908
18877,0.26609972
18878,0.06910986
18879,0.063645005
18880,0.097704776
18881,0.049472116
18882,0.06321405
18883,0.06321405
18884,0.07510072
18885,0.07856928
18886,0.5159469
18887,0.52072716
18888,0.09372399
18889,0.052565806
18890,0.052565806
18891,0.053642366
18892,0.079028696
18893,0.08496679
18894,0.044357814
18895,0.051050425
18896,0.05059138
18897,0.034966577
18898,0.043939177
18899,0.04342337
18900,0.06369176
18901,0.09794798
18902,0.43910205
18903,0.06295048
18904,0.06345725
18905,0.25843555
18906,0.039972987
18907,0.09332455
18908,0.52841675
18909,0.093538985
18910,0.04038929
18911,0.052469656
18912,0.2644831
18913,0.053938378
18914,0.05119228
18915,0.0512543
18916,0.07984391
18917,0.085915014
18918,0.050791755
18919,0.05195403
18920,0.04342337
18921,0.049997307
18922,0.06097513
18923,0.059543796
18924,0.040025637
18925,0.052679926
18926,0.0533661
18927,0.28291324
18928,0.066584595
18929,0.04986758
18930,0.0512543
18931,0.07245509
18932,0.07082049
18933,0.071518235
18934,0.06527596
18935,0.25795174
18936,0.06382663
18937,0.064138174
18938,0.036651924
18939,0.034966577
18940,0.03505078
18941,0.07614838
18942,0.26470295
18943,0.06534864
18944,0.049802486
18945,0.0858965
18946,0.05972276
18947,0.038799528
18948,0.48577094
18949,0.5513016
18950,0.06683041
18951,0.06693375
18952,0.043109432
18953,0.05038339
18954,0.0499821
18955,0.05056964
18956,0.05038339
18957,0.071500696
18958,0.07131875
18959,0.924819
18960,0.06489286
18961,0.064760156
18962,0.06341995
18963,0.0639496
18964,0.038292732
18965,0.069843575
18966,0.2950104
18967,0.04342337
18968,0.079267815
18969,0.047919646
18970,0.059543796
18971,0.06748998
18972,0.032526553
18973,0.0547718
18974,0.052679926
18975,0.043093264
18976,0.042211913
18977,0.039785583
18978,0.049839776
18979,0.05056964
18980,0.052524064
18981,0.07223107
18982,0.07207002
18983,0.06393576
18984,0.063493446
18985,0.06508918
18986,0.04006438
18987,0.07197554
18988,0.8428328
18989,0.07717352
18990,0.051745575
18991,0.053925317
18992,0.048158262
18993,0.059348974
18994,0.07095854
18995,0.03257331
18996,0.03257331
18997,0.5407173
18998,0.042211913
18999,0.042030234
19000,0.039581083
19001,0.049570825
19002,0.052524064
19003,0.07172065
19004,0.070756264
19005,0.07177418
19006,0.063493446
19007,0.06332687
19008,0.06508918
19009,0.06508918
19010,0.03554053
19011,0.07009562
19012,0.27148542
19013,0.07814294
19014,0.052109174
19015,0.048285592
19016,0.049425457
19017,0.03265968
19018,0.030181598
19019,0.03972878
19020,0.037032206
19021,0.042152252
19022,0.048158262
19023,0.02335294
19024,0.02315974
19025,0.022400029
19026,0.023901656
19027,0.059905037
19028,0.059969123
19029,0.06904073
19030,0.06944828
19031,0.04170718
19032,0.042222988
19033,0.035792716
19034,0.2627732
19035,0.27484772
19036,0.3103966
19037,0.053381294
19038,0.032581
19039,0.026703892
19040,0.03696436
19041,0.034267787
19042,0.043993477
19043,0.022420624
19044,0.023635238
19045,0.023666084
19046,0.022282565
19047,0.023666084
19048,0.06136611
19049,0.05985166
19050,0.06944828
19051,0.06893247
19052,0.042222988
19053,0.03698914
19054,0.06285901
19055,0.0762543
19056,0.27814946
19057,0.05458212
19058,0.02643496
19059,0.03696436
19060,0.034267787
19061,0.042381912
19062,0.036052324
19063,0.023007996
19064,0.04782891
19065,0.023925724
19066,0.042409237
19067,0.041815437
19068,0.03588852
19069,0.06276935
19070,0.05430053
19071,0.05278431
19072,0.026555214
19073,0.026555214
19074,0.037686765
19075,0.03306288
19076,0.043989904
19077,0.023852335
19078,0.022252878
19079,0.023666084
19080,0.058676984
19081,0.058676984
19082,0.03717539
19083,0.063959636
19084,0.27637362
19085,0.07551476
19086,0.054376982
19087,0.028678179
19088,0.03587567
19089,0.037401646
19090,0.027008528
19091,0.026955422
19092,0.048344716
19093,0.023666084
19094,0.06036499
19095,0.081114165
19096,0.069707915
19097,0.038538553
19098,0.0354557
19099,0.029888285
19100,0.021305729
19101,0.026538668
19102,0.029082635
19103,0.029132176
19104,0.046931513
19105,0.023635238
19106,0.023150275
19107,0.05958554
19108,0.081114165
19109,0.09911515
19110,0.021489212
19111,0.026999608
19112,0.028665883
19113,0.028505152
19114,0.023852335
19115,0.023427466
19116,0.023666084
19117,0.0602916
19118,0.060850304
19119,0.08181622
19120,0.06944828
19121,0.09913449
19122,0.024304772
19123,0.02158141
19124,0.03827666
19125,0.035105716
19126,0.047726285
19127,0.06290102
19128,0.053023927
19129,0.053075302
19130,0.041626554
19131,0.06294777
19132,0.061074685
19133,0.05295079
19134,0.058676228
19135,0.08560354
19136,0.08281005
19137,0.053023927
19138,0.47872713
19139,0.26036406
19140,0.071628414
19141,0.08404587
19142,0.08156257
19143,0.28121042
19144,0.06547252
19145,0.056785576
19146,0.03834673
19147,0.04016601
19148,0.07426704
19149,0.06812081
19150,0.598311
19151,0.2861244
19152,0.06743375
19153,0.060156237
19154,0.0375835
19155,0.040993456
19156,0.040230226
19157,0.046520893
19158,0.047223594
19159,0.07437163
19160,0.2665106
19161,0.2984561
19162,0.4774667
19163,0.06315989
19164,0.060156237
19165,0.05693347
19166,0.038332958
19167,0.04052404
19168,0.040230226
19169,0.047284123
19170,0.061843082
19171,0.08522976
19172,0.4341561
19173,0.093587205
19174,0.09807008
19175,0.50448316
19176,0.07767519
19177,0.459514
19178,0.05353577
19179,0.053466067
19180,0.5124587
19181,0.057140615
19182,0.05102025
19183,0.05249301
19184,0.065040894
19185,0.075582
19186,0.093587205
19187,0.097132966
19188,0.048474725
19189,0.07762844
19190,0.0783739
19191,0.28527293
19192,0.0540302
19193,0.05353577
19194,0.044359405
19195,0.05863656
19196,0.052207835
19197,0.051471815
19198,0.06281777
19199,0.07584557
19200,0.0700095
19201,0.07721956
19202,0.07887957
19203,0.05404397
19204,0.04597571
19205,0.06500771
19206,0.4293228
19207,0.07182602
19208,0.076925755
19209,0.46179235
19210,0.47370157
19211,0.0540302
19212,0.053466067
19213,0.044359405
19214,0.044359405
19215,0.042754106
19216,0.04276788
19217,0.06462962
19218,0.041577853
19219,0.072707675
19220,0.061098505
19221,0.080310866
19222,0.079964355
19223,0.4839926
19224,0.05021355
19225,0.2476575
19226,0.044359405
19227,0.07212357
19228,0.04276788
19229,0.056579735
19230,0.05574808
19231,0.26680687
19232,0.066760175
19233,0.051230974
19234,0.06338886
19235,0.060881678
19236,0.079964355
19237,0.2850315
19238,0.48413095
19239,0.05187954
19240,0.05055454
19241,0.051929727
19242,0.04308663
19243,0.06799531
19244,0.0721841
19245,0.061394878
19246,0.055799454
19247,0.064658426
19248,0.066814214
19249,0.051713064
19250,0.041730918
19251,0.043193866
19252,0.024925187
19253,0.029154196
19254,0.029417777
19255,0.07228203
19256,0.07228203
19257,0.27318028
19258,0.06893363
19259,0.09614937
19260,0.058227427
19261,0.0570807
19262,0.03581869
19263,0.036287993
19264,0.05152988
19265,0.05152988
19266,0.05152988
19267,0.07198385
19268,0.56917083
19269,0.060061827
19270,0.060461674
19271,0.061101064
19272,0.062098466
19273,0.05601703
19274,0.056579735
19275,0.06599409
19276,0.04154467
19277,0.04954817
19278,0.03007693
19279,0.028813401
19280,0.02969507
19281,0.060772143
19282,0.26553404
19283,0.09475643
19284,0.27345693
19285,0.26321322
19286,0.26480788
19287,0.05555402
19288,0.058172613
19289,0.036287993
19290,0.068066806
19291,0.052084275
19292,0.05076665
19293,0.07458539
19294,0.07198385
19295,0.49550328
19296,0.05927884
19297,0.058650333
19298,0.060888954
19299,0.055735238
19300,0.064658426
19301,0.04110236
19302,0.04954817
19303,0.042666603
19304,0.036768742
19305,0.029154196
19306,0.044504873
19307,0.038700923
19308,0.05555402
19309,0.2595785
19310,0.078921854
19311,0.10957251
19312,0.27554733
19313,0.49014327
19314,0.08413587
19315,0.061559934
19316,0.07554627
19317,0.07514642
19318,0.07597391
19319,0.09386538
19320,0.04477947
19321,0.043128017
19322,0.04437962
19323,0.06360188
19324,0.065703146
19325,0.063526005
19326,0.06345399
19327,0.079029456
19328,0.060893767
19329,0.07093589
19330,0.046623774
19331,0.046810023
19332,0.050157852
19333,0.049897224
19334,0.029417777
19335,0.039196216
19336,0.043189805
19337,0.07059938
19338,0.074189655
19339,0.07999956
19340,0.10957251
19341,0.27302366
19342,0.129792
19343,0.08413587
19344,0.061513174
19345,0.07514642
19346,0.069689386
19347,0.044092804
19348,0.06426365
19349,0.06394057
19350,0.063526005
19351,0.061293613
19352,0.06172503
19353,0.060301255
19354,0.043193866
19355,0.046623774
19356,0.042695984
19357,0.050157852
19358,0.036160048
19359,0.033888172
19360,0.037655152
19361,0.07510254
19362,0.07414704
19363,0.11076294
19364,0.29526377
19365,0.10903752
19366,0.2616668
19367,0.061370794
19368,0.08508286
19369,0.076256685
19370,0.07786438
19371,0.06921998
19372,0.04477947
19373,0.064451136
19374,0.26893994
19375,0.06087464
19376,0.071850255
19377,0.060915023
19378,0.07844275
19379,0.046623774
19380,0.036443993
19381,0.036501843
19382,0.2777491
19383,0.074979514
19384,0.07505429
19385,0.11153358
19386,0.5711117
19387,0.10040722
19388,0.08413587
19389,0.40449446
19390,0.08508286
19391,0.26223361
19392,0.07826423
19393,0.069689386
19394,0.043227036
19395,0.041810486
19396,0.06485982
19397,0.06393946
19398,0.071281075
19399,0.071850255
19400,0.077021696
19401,0.07853909
19402,0.04302083
19403,0.037564613
19404,0.04315474
19405,0.039523337
19406,0.08653642
19407,0.08121522
19408,0.09169889
19409,0.08824868
19410,0.084880635
19411,0.08570897
19412,0.08783196
19413,0.11283091
19414,0.13878202
19415,0.50604403
19416,0.1009056
19417,0.058805756
19418,0.05881953
19419,0.059584714
19420,0.05952648
19421,0.0818129
19422,0.7609037
19423,0.07844275
19424,0.07892921
19425,0.49625224
19426,0.27755898
19427,0.036566976
19428,0.03761137
19429,0.04343203
19430,0.05553085
19431,0.26033044
19432,0.45180747
19433,0.091634795
19434,0.084880635
19435,0.27118215
19436,0.08708427
19437,0.11353184
19438,0.27443478
19439,0.46040908
19440,0.09289005
19441,0.05881953
19442,0.06113374
19443,0.05953796
19444,0.2800092
19445,0.81276244
19446,0.079058714
19447,0.27702633
19448,0.04209937
19449,0.058252666
19450,0.0545094
19451,0.05483345
19452,0.07673397
19453,0.0794147
19454,0.0919927
19455,0.44532356
19456,0.26261804
19457,0.085065834
19458,0.2655004
19459,0.111784816
19460,0.2692723
19461,0.5070936
19462,0.49713707
19463,0.04230773
19464,0.11598888
19465,0.283118
19466,0.08403434
19467,0.83105737
19468,0.82451695
19469,0.5340186
19470,0.08049533
19471,0.26379472
19472,0.058283098
19473,0.03940041
19474,0.03761137
19475,0.061843082
19476,0.08978566
19477,0.08903797
19478,0.085580796
19479,0.08783196
19480,0.11001389
19481,0.05241399
19482,0.12024649
19483,0.49646208
19484,0.43411285
19485,0.041907884
19486,0.05881953
19487,0.5671958
19488,0.053811256
19489,0.08258689
19490,0.7719082
19491,0.8198292
19492,0.5710963
19493,0.079008184
19494,0.041536614
19495,0.058725405
19496,0.41458693
19497,0.039102554
19498,0.03916677
19499,0.03699815
19500,0.06134055
19501,0.05241399
19502,0.053200595
19503,0.053739246
19504,0.06480426
19505,0.06480426
19506,0.50221556
19507,0.08802076
19508,0.10886133
19509,0.10905052
19510,0.10886133
19511,0.0887973
19512,0.08049533
19513,0.5269561
19514,0.5083779
19515,0.09677609
19516,0.09655903
19517,0.083505236
19518,0.08352436
19519,0.9107699
19520,0.7267455
19521,0.81892127
19522,0.07218784
19523,0.06930201
19524,0.059948456
19525,0.29086238
19526,0.08207342
19527,0.08130978
19528,0.058056388
19529,0.058003142
19530,0.052882217
19531,0.053200595
19532,0.053455155
19533,0.06480426
19534,0.06480426
19535,0.5112917
19536,0.50264007
19537,0.28048676
19538,0.10797465
19539,0.10905052
19540,0.09355166
19541,0.08691904
19542,0.08630308
19543,0.068192564
19544,0.068245806
19545,0.09605297
19546,0.09650734
19547,0.08352436
19548,0.08977736
19549,0.051747486
19550,0.8804894
19551,0.83014905
19552,0.85647124
19553,0.05776021
19554,0.056549598
19555,0.26371193
19556,0.0600017
19557,0.44097713
19558,0.08065384
19559,0.052928973
19560,0.053739246
19561,0.034574322
19562,0.06427646
19563,0.05709469
19564,0.8023966
19565,0.7700834
19566,0.10886133
19567,0.10886133
19568,0.08644459
19569,0.1303173
19570,0.08896694
19571,0.5270324
19572,0.26366365
19573,0.06812834
19574,0.08355199
19575,0.08317973
19576,0.09074383
19577,0.07493876
19578,0.08207897
19579,0.28025362
19580,0.27685782
19581,0.12564264
19582,0.05776021
19583,0.0697406
19584,0.05884233
19585,0.26253232
19586,0.08116964
19587,0.057503648
19588,0.05403306
19589,0.05368787
19590,0.03462108
19591,0.056848656
19592,0.057047933
19593,0.7774004
19594,0.64941406
19595,0.2627145
19596,0.108597755
19597,0.1303173
19598,0.1303173
19599,0.089377105
19600,0.51046735
19601,0.06831003
19602,0.06831003
19603,0.083591
19604,0.08352436
19605,0.09077146
19606,0.07529592
19607,0.2759537
19608,0.784706
19609,0.55463207
19610,0.12629564
19611,0.95058537
19612,0.07098542
19613,0.06801259
19614,0.06134055
19615,0.27026197
19616,0.0658932
19617,0.056897018
19618,0.26161066
19619,0.03456335
19620,0.03502696
19621,0.0845242
19622,0.08835334
19623,0.25696924
19624,0.5179777
19625,0.25881997
19626,0.5424204
19627,0.5908493
19628,0.12665007
19629,0.11313376
19630,0.47983593
19631,0.07490833
19632,0.07493876
19633,0.07491071
19634,0.07440478
19635,0.56023866
19636,0.2651069
19637,0.05184168
19638,0.5415171
19639,0.53717196
19640,0.0653774
19641,0.071306005
19642,0.060906794
19643,0.063959815
19644,0.044416144
19645,0.03427926
19646,0.03502696
19647,0.084803194
19648,0.088727124
19649,0.10886133
19650,0.10886133
19651,0.5414834
19652,0.6843379
19653,0.5815791
19654,0.6037941
19655,0.51103157
19656,0.1045873
19657,0.07512045
19658,0.07553354
19659,0.07455268
19660,0.2705493
19661,0.106125474
19662,0.051664174
19663,0.06801259
19664,0.06448087
19665,0.06229337
19666,0.06265712
19667,0.06534067
19668,0.07234579
19669,0.060717087
19670,0.066865094
19671,0.043352474
19672,0.044649005
19673,0.030143106
19674,0.030143106
19675,0.088602155
19676,0.088602155
19677,0.10869155
19678,0.25987777
19679,0.14448306
19680,0.6120259
19681,0.6640468
19682,0.6519109
19683,0.28792587
19684,0.09655903
19685,0.07601796
19686,0.07553354
19687,0.073877595
19688,0.10560967
19689,0.051370364
19690,0.046294115
19691,0.8793328
19692,0.062151045
19693,0.057155564
19694,0.07215954
19695,0.061861195
19696,0.063257776
19697,0.08469511
19698,0.044399977
19699,0.056771416
19700,0.029628124
19701,0.0296795
19702,0.088602155
19703,0.088602155
19704,0.10833352
19705,0.5152972
19706,0.67636245
19707,0.27120742
19708,0.63179827
19709,0.6058075
19710,0.5020598
19711,0.28115764
19712,0.07606471
19713,0.075561166
19714,0.08595127
19715,0.05115825
19716,0.052044097
19717,0.0638921
19718,0.061817877
19719,0.44594553
19720,0.057454947
19721,0.43150672
19722,0.0614226
19723,0.067236684
19724,0.08149603
19725,0.06731768
19726,0.06858679
19727,0.058550444
19728,0.06427646
19729,0.062182236
19730,0.061987437
19731,0.10456266
19732,0.8022449
19733,0.5886354
19734,0.58394986
19735,0.4918532
19736,0.26507154
19737,0.08671641
19738,0.089731194
19739,0.039499607
19740,0.05766149
19741,0.05267058
19742,0.053350978
19743,0.072174795
19744,0.079964854
19745,0.084949546
19746,0.04095279
19747,0.271558
19748,0.050560623
19749,0.05268408
19750,0.2592863
19751,0.07129743
19752,0.06317427
19753,0.06342315
19754,0.10436786
19755,0.25196567
19756,0.06301771
19757,0.06301771
19758,0.26876223
19759,0.26636288
19760,0.08671641
19761,0.089519076
19762,0.039499607
19763,0.053386994
19764,0.05267058
19765,0.052922923
19766,0.05356089
19767,0.071988545
19768,0.079000466
19769,0.050420772
19770,0.26575208
19771,0.05279126
19772,0.07081085
19773,0.06342315
19774,0.096252926
19775,0.050332338
19776,0.06254391
19777,0.062901944
19778,0.075563036
19779,0.07560979
19780,0.5225159
19781,0.5277928
19782,0.0924214
19783,0.05248433
19784,0.05248433
19785,0.053045083
19786,0.051172823
19787,0.07976244
19788,0.084949546
19789,0.0388994
19790,0.049753636
19791,0.050750718
19792,0.03755828
19793,0.043885276
19794,0.04390842
19795,0.06342315
19796,0.0964319
19797,0.4509174
19798,0.062901944
19799,0.06301771
19800,0.074692264
19801,0.038911752
19802,0.09574084
19803,0.5304159
19804,0.09251605
19805,0.052684937
19806,0.05349887
19807,0.050986446
19808,0.079948686
19809,0.08584971
19810,0.04896117
19811,0.05137075
19812,0.2674851
19813,0.043392614
19814,0.0508391
19815,0.07993777
19816,0.06014241
19817,0.03982929
19818,0.039417677
19819,0.05676918
19820,0.05498529
19821,0.2968314
19822,0.06674894
19823,0.049786106
19824,0.051172823
19825,0.07105559
19826,0.070739016
19827,0.07143676
19828,0.06519449
19829,0.2565827
19830,0.0634762
19831,0.063854285
19832,0.036881123
19833,0.038718414
19834,0.07512935
19835,0.26378936
19836,0.06757198
19837,0.050134946
19838,0.06387133
19839,0.060026623
19840,0.039782535
19841,0.042592436
19842,0.47694606
19843,0.59116125
19844,0.2710306
19845,0.06674894
19846,0.04960681
19847,0.051835224
19848,0.049900625
19849,0.04948935
19850,0.07193503
19851,0.071419224
19852,0.9341512
19853,0.07007817
19854,0.064811386
19855,0.06519449
19856,0.06352944
19857,0.064040534
19858,0.03953744
19859,0.03513819
19860,0.074721105
19861,0.2841281
19862,0.04390842
19863,0.078112185
19864,0.052220743
19865,0.047026884
19866,0.064524114
19867,0.059947588
19868,0.06770322
19869,0.035871524
19870,0.05568439
19871,0.052933577
19872,0.04221975
19873,0.042012975
19874,0.039499607
19875,0.050301913
19876,0.04948935
19877,0.051565807
19878,0.07143676
19879,0.072174795
19880,0.063854285
19881,0.06333848
19882,0.06500771
19883,0.039139524
19884,0.0708443
19885,0.8803008
19886,0.077088416
19887,0.052978598
19888,0.051560983
19889,0.048127506
19890,0.059950385
19891,0.06770322
19892,0.032865867
19893,0.03315968
19894,0.2840417
19895,0.04221975
19896,0.049782287
19897,0.052628838
19898,0.07092096
19899,0.07143676
19900,0.071988545
19901,0.064040534
19902,0.0640567
19903,0.065040894
19904,0.06500771
19905,0.036864188
19906,0.038054463
19907,0.07344703
19908,0.87754613
19909,0.076626964
19910,0.0505656
19911,0.048042726
19912,0.055731148
19913,0.03508486
19914,0.037086636
19915,0.042185567
19916,0.048137374
19917,0.023119517
19918,0.022251807
19919,0.061594997
19920,0.25695077
19921,0.068821885
19922,0.06884123
19923,0.041257918
19924,0.042192232
19925,0.037144635
19926,0.036958385
19927,0.2580458
19928,0.07599981
19929,0.44450742
19930,0.054567106
19931,0.035149075
19932,0.02635887
19933,0.036636017
19934,0.03421586
19935,0.043912724
19936,0.023322182
19937,0.023837991
19938,0.023119517
19939,0.022251807
19940,0.061335355
19941,0.05864623
19942,0.068483196
19943,0.06890172
19944,0.063413076
19945,0.27961397
19946,0.026238617
19947,0.036768015
19948,0.044206537
19949,0.036619715
19950,0.02224754
19951,0.023322182
19952,0.04831396
19953,0.022713907
19954,0.023870898
19955,0.061335355
19956,0.061335355
19957,0.041257918
19958,0.042451873
19959,0.03581323
19960,0.06418852
19961,0.05591763
19962,0.054844484
19963,0.026238617
19964,0.026460791
19965,0.035563108
19966,0.03385933
19967,0.042185567
19968,0.023493048
19969,0.022967616
19970,0.023119517
19971,0.024131142
19972,0.061335355
19973,0.06392888
19974,0.27021343
19975,0.076223545
19976,0.05514835
19977,0.030719535
19978,0.036619715
19979,0.027072197
19980,0.026668174
19981,0.048809778
19982,0.022369271
19983,0.059558786
19984,0.08159921
19985,0.06890172
19986,0.039562903
19987,0.039253335
19988,0.039881755
19989,0.029040223
19990,0.020757003
19991,0.027169455
19992,0.036619715
19993,0.029627977
19994,0.029208358
19995,0.048573602
19996,0.023635326
19997,0.060074594
19998,0.08332347
19999,0.101837695
20000,0.030367866
20001,0.026803264
20002,0.02603953
20003,0.0283964
20004,0.028520916
20005,0.024131142
20006,0.023635326
20007,0.02222212
20008,0.059437323
20009,0.060698085
20010,0.061335355
20011,0.08338757
20012,0.068483196
20013,0.06854742
20014,0.10118699
20015,0.020280952
20016,0.031679377
20017,0.038557902
20018,0.032624688
20019,0.036027614
20020,0.06871046
20021,0.05295079
20022,0.06434807
20023,0.053023927
20024,0.051871587
20025,0.071610495
20026,0.068474285
20027,0.07665206
20028,0.0882749
20029,0.05286319
20030,0.27883598
20031,0.28035143
20032,0.55599254
20033,0.08573556
20034,0.27217177
20035,0.06263357
20036,0.05693347
20037,0.03737139
20038,0.040993456
20039,0.06825393
20040,0.08124422
20041,0.5319831
20042,0.10030929
20043,0.05934163
20044,0.060156237
20045,0.056477007
20046,0.056477007
20047,0.04052404
20048,0.040993456
20049,0.046814706
20050,0.07720168
20051,0.07720168
20052,0.47574526
20053,0.42467266
20054,0.06258219
20055,0.060331885
20056,0.27470452
20057,0.0382862
20058,0.04016601
20059,0.04017885
20060,0.046520893
20061,0.061579496
20062,0.4312336
20063,0.097352974
20064,0.09807008
20065,0.522983
20066,0.46458897
20067,0.05353577
20068,0.26286027
20069,0.057153456
20070,0.05187166
20071,0.05261724
20072,0.06453497
20073,0.07612286
20074,0.0978339
20075,0.046832558
20076,0.07768897
20077,0.078360125
20078,0.44832548
20079,0.053889025
20080,0.05353577
20081,0.044359405
20082,0.058650333
20083,0.051458042
20084,0.05319336
20085,0.06281777
20086,0.07584557
20087,0.07612286
20088,0.24938186
20089,0.07767519
20090,0.07768897
20091,0.053482942
20092,0.04572602
20093,0.04276788
20094,0.06519396
20095,0.45197544
20096,0.072707675
20097,0.07686153
20098,0.28234988
20099,0.45975393
20100,0.051060464
20101,0.05404397
20102,0.05353577
20103,0.045256715
20104,0.044359405
20105,0.043891665
20106,0.06500771
20107,0.04154467
20108,0.072885916
20109,0.05883136
20110,0.07831337
20111,0.28463838
20112,0.4983912
20113,0.25107312
20114,0.04572602
20115,0.06803482
20116,0.055683862
20117,0.056397013
20118,0.2671133
20119,0.051729232
20120,0.05693015
20121,0.055069275
20122,0.28504527
20123,0.2816168
20124,0.050984226
20125,0.051929727
20126,0.05152988
20127,0.044359405
20128,0.06804669
20129,0.068540744
20130,0.06187427
20131,0.05657266
20132,0.066760175
20133,0.06574863
20134,0.05134044
20135,0.041730918
20136,0.043296874
20137,0.02969507
20138,0.03211459
20139,0.037082
20140,0.07049505
20141,0.07200474
20142,0.28563198
20143,0.07243039
20144,0.09347352
20145,0.05864172
20146,0.055715445
20147,0.036633182
20148,0.0371026
20149,0.05055454
20150,0.051469352
20151,0.05152988
20152,0.07192332
20153,0.29090807
20154,0.060061827
20155,0.059339367
20156,0.060888954
20157,0.061394878
20158,0.05574808
20159,0.066760175
20160,0.04154467
20161,0.04973442
20162,0.029417777
20163,0.0310938
20164,0.025146244
20165,0.061843082
20166,0.07103841
20167,0.078577474
20168,0.28423515
20169,0.26722974
20170,0.26880828
20171,0.056832835
20172,0.06024246
20173,0.03633937
20174,0.0689279
20175,0.05104112
20176,0.05021355
20177,0.0742676
20178,0.06783457
20179,0.5030792
20180,0.059339367
20181,0.058589805
20182,0.061638094
20183,0.056397013
20184,0.05657266
20185,0.066760175
20186,0.051084507
20187,0.04110236
20188,0.04917008
20189,0.0310938
20190,0.0361667
20191,0.038700923
20192,0.058172613
20193,0.0731874
20194,0.0788751
20195,0.11469559
20196,0.44263735
20197,0.4730578
20198,0.27594212
20199,0.061559934
20200,0.07433183
20201,0.07467701
20202,0.076889046
20203,0.04477947
20204,0.0436487
20205,0.04437962
20206,0.06395991
20207,0.063614726
20208,0.06346547
20209,0.063526005
20210,0.078812405
20211,0.060724437
20212,0.07143128
20213,0.06074644
20214,0.04273082
20215,0.046151035
20216,0.046437398
20217,0.043459423
20218,0.050157852
20219,0.050157852
20220,0.029242327
20221,0.039855372
20222,0.043189805
20223,0.07059938
20224,0.07401988
20225,0.07606805
20226,0.11469559
20227,0.12999673
20228,0.27280366
20229,0.26018208
20230,0.06129635
20231,0.07458539
20232,0.069689386
20233,0.04437962
20234,0.043545548
20235,0.06420312
20236,0.063526005
20237,0.060893767
20238,0.061325185
20239,0.061325185
20240,0.04238257
20241,0.047490273
20242,0.04291169
20243,0.05036027
20244,0.036160048
20245,0.039819967
20246,0.037655152
20247,0.072572775
20248,0.07155901
20249,0.11269939
20250,0.29526377
20251,0.10309354
20252,0.26052245
20253,0.061559934
20254,0.08508286
20255,0.07544209
20256,0.07786438
20257,0.06886195
20258,0.06437337
20259,0.26977783
20260,0.060893767
20261,0.071450405
20262,0.06064993
20263,0.079458565
20264,0.046327934
20265,0.04264274
20266,0.036377624
20267,0.03737786
20268,0.27087733
20269,0.07155901
20270,0.07505429
20271,0.10148277
20272,0.5548191
20273,0.10937621
20274,0.084089115
20275,0.42294213
20276,0.08489374
20277,0.26122087
20278,0.07786438
20279,0.06886195
20280,0.040857244
20281,0.04107381
20282,0.041907884
20283,0.06393946
20284,0.06337843
20285,0.071450405
20286,0.071450405
20287,0.27307096
20288,0.07803334
20289,0.047062367
20290,0.04254809
20291,0.03761137
20292,0.04343203
20293,0.08517249
20294,0.087350786
20295,0.08824868
20296,0.09107057
20297,0.26242116
20298,0.08550896
20299,0.08853641
20300,0.113578595
20301,0.27416256
20302,0.5004636
20303,0.101375006
20304,0.05711991
20305,0.05953796
20306,0.060032405
20307,0.08186428
20308,0.75692546
20309,0.079058714
20310,0.07803334
20311,0.50354487
20312,0.2766796
20313,0.03641764
20314,0.036566976
20315,0.036540434
20316,0.04343203
20317,0.054292575
20318,0.25751084
20319,0.45318824
20320,0.09164751
20321,0.085393354
20322,0.26054558
20323,0.08736838
20324,0.11311501
20325,0.27411118
20326,0.48427096
20327,0.09191069
20328,0.057491492
20329,0.059584714
20330,0.059162766
20331,0.28378814
20332,0.7947322
20333,0.079458565
20334,0.08059202
20335,0.27731884
20336,0.043223247
20337,0.05724119
20338,0.036645018
20339,0.054556157
20340,0.053654023
20341,0.0794147
20342,0.07212557
20343,0.44378293
20344,0.2611333
20345,0.08511721
20346,0.11248669
20347,0.11229978
20348,0.27486238
20349,0.4531856
20350,0.43587846
20351,0.041125584
20352,0.11598888
20353,0.2775032
20354,0.08545981
20355,0.803015
20356,0.8264369
20357,0.5469646
20358,0.079058714
20359,0.0826446
20360,0.26587498
20361,0.058911655
20362,0.05853903
20363,0.038884602
20364,0.061796322
20365,0.07561463
20366,0.076810196
20367,0.089738905
20368,0.08903797
20369,0.08408907
20370,0.08783196
20371,0.11120787
20372,0.053118393
20373,0.1194319
20374,0.5126875
20375,0.28243563
20376,0.041907884
20377,0.057055693
20378,0.11282278
20379,0.0540302
20380,0.09369004
20381,0.74459773
20382,0.49544993
20383,0.53393376
20384,0.080084056
20385,0.058209598
20386,0.41955903
20387,0.039102554
20388,0.039460585
20389,0.036768742
20390,0.052928973
20391,0.054202855
20392,0.054202855
20393,0.06318116
20394,0.06480426
20395,0.51151186
20396,0.08785098
20397,0.108986296
20398,0.108814575
20399,0.10886133
20400,0.09960913
20401,0.080084056
20402,0.53145945
20403,0.56999105
20404,0.09655903
20405,0.0948936
20406,0.08329719
20407,0.08300856
20408,0.9143819
20409,0.782135
20410,0.8518556
20411,0.058493063
20412,0.07209155
20413,0.068766475
20414,0.4691577
20415,0.08068133
20416,0.26727232
20417,0.05698784
20418,0.057503648
20419,0.052928973
20420,0.05368787
20421,0.05368787
20422,0.06499369
20423,0.06480426
20424,0.4986404
20425,0.5087229
20426,0.26060513
20427,0.108607985
20428,0.10886133
20429,0.08980528
20430,0.08691904
20431,0.08731889
20432,0.06831003
20433,0.09604323
20434,0.096616805
20435,0.083591
20436,0.27555454
20437,0.052442588
20438,0.8846109
20439,0.82422894
20440,0.8240565
20441,0.05707678
20442,0.057962626
20443,0.26823315
20444,0.06134055
20445,0.45116872
20446,0.08116964
20447,0.052928973
20448,0.053739246
20449,0.03462108
20450,0.06480426
20451,0.05709469
20452,0.8039172
20453,0.80408967
20454,0.10833365
20455,0.10886133
20456,0.099544905
20457,0.2510995
20458,0.08724374
20459,0.53308046
20460,0.26555488
20461,0.06909029
20462,0.08317973
20463,0.08352436
20464,0.09045244
20465,0.07493876
20466,0.08123972
20467,0.2846073
20468,0.28668436
20469,0.12576023
20470,0.05794646
20471,0.07239026
20472,0.06816381
20473,0.060824744
20474,0.08135589
20475,0.08068133
20476,0.058003142
20477,0.05403306
20478,0.054202855
20479,0.03462108
20480,0.056566864
20481,0.05709469
20482,0.81642264
20483,0.6403745
20484,0.50875777
20485,0.26630548
20486,0.1303173
20487,0.12972425
20488,0.089377105
20489,0.51854527
20490,0.06702221
20491,0.083505236
20492,0.083085075
20493,0.0903992
20494,0.07552128
20495,0.08207897
20496,0.28420308
20497,0.5185532
20498,0.12629564
20499,0.95490104
20500,0.07239026
20501,0.06819884
20502,0.059948456
20503,0.26142538
20504,0.06852352
20505,0.057503648
20506,0.26244196
20507,0.03502696
20508,0.03502696
20509,0.0839695
20510,0.088602155
20511,0.108612515
20512,0.5208295
20513,0.26091293
20514,0.53679794
20515,0.27393597
20516,0.12577352
20517,0.11311464
20518,0.5099133
20519,0.26353657
20520,0.07553354
20521,0.074499436
20522,0.560874
20523,0.1055367
20524,0.05184168
20525,0.5053244
20526,0.27240577
20527,0.06193534
20528,0.06822971
20529,0.07478986
20530,0.0614226
20531,0.06377358
20532,0.034980204
20533,0.033436105
20534,0.085052006
20535,0.08808719
20536,0.10905052
20537,0.108397745
20538,0.5308855
20539,0.6808017
20540,0.60321295
20541,0.5981105
20542,0.52245665
20543,0.10517099
20544,0.07552128
20545,0.075561166
20546,0.07553354
20547,0.12611814
20548,0.10560967
20549,0.051370364
20550,0.06687439
20551,0.06448087
20552,0.062470872
20553,0.062673286
20554,0.06607945
20555,0.07215954
20556,0.060569063
20557,0.04454275
20558,0.029973315
20559,0.030143106
20560,0.088602155
20561,0.088602155
20562,0.10833352
20563,0.5008564
20564,0.2602959
20565,0.5874453
20566,0.64644563
20567,0.65410644
20568,0.28977618
20569,0.0959355
20570,0.07603709
20571,0.074499436
20572,0.07551441
20573,0.106125474
20574,0.05132587
20575,0.05184168
20576,0.0638921
20577,0.8672667
20578,0.061999556
20579,0.05783899
20580,0.071306005
20581,0.060906794
20582,0.063959815
20583,0.08149603
20584,0.044416144
20585,0.06496866
20586,0.06685177
20587,0.029628124
20588,0.029973315
20589,0.08879135
20590,0.08605127
20591,0.10886133
20592,0.5150895
20593,0.6855862
20594,0.27524242
20595,0.63998
20596,0.5890115
20597,0.49910778
20598,0.27958742
20599,0.07553354
20600,0.085799776
20601,0.05118868
20602,0.05184168
20603,0.05794646
20604,0.06448087
20605,0.061999556
20606,0.45094076
20607,0.05802524
20608,0.44290444
20609,0.0614226
20610,0.06404028
20611,0.08130978
20612,0.06829298
20613,0.06515491
20614,0.07148885
20615,0.062135484
20616,0.06167886
20617,0.10456266
20618,0.8232679
20619,0.59352124
20620,0.5890456
20621,0.24680449
20622,0.51148266
20623,0.08671641
20624,0.08961373
20625,0.03929283
20626,0.05248433
20627,0.0538569
20628,0.07110911
20629,0.07885257
20630,0.08564729
20631,0.048523292
20632,0.43133214
20633,0.050078534
20634,0.052727044
20635,0.05279126
20636,0.48751926
20637,0.07131677
20638,0.062182236
20639,0.0633764
20640,0.104088865
20641,0.51275384
20642,0.06301771
20643,0.06301771
20644,0.2683483
20645,0.26507154
20646,0.08669729
20647,0.09064783
20648,0.0389838
20649,0.053200744
20650,0.05248433
20651,0.05248433
20652,0.053045083
20653,0.071988545
20654,0.079466596
20655,0.051220488
20656,0.042973533
20657,0.051161993
20658,0.052817374
20659,0.072724216
20660,0.06322835
20661,0.06342315
20662,0.09620617
20663,0.05059592
20664,0.062492527
20665,0.061997775
20666,0.07560979
20667,0.07490438
20668,0.5191911
20669,0.5353302
20670,0.09251605
20671,0.039704107
20672,0.05267058
20673,0.05356089
20674,0.050993342
20675,0.079358496
20676,0.084767856
20677,0.042831033
20678,0.05137075
20679,0.050750718
20680,0.05268408
20681,0.036881123
20682,0.04331975
20683,0.06294948
20684,0.09620617
20685,0.5075868
20686,0.06319669
20687,0.060310543
20688,0.25635013
20689,0.039712425
20690,0.09384212
20691,0.5320952
20692,0.09446801
20693,0.039499607
20694,0.05238818
20695,0.053499002
20696,0.051172823
20697,0.051468834
20698,0.078626774
20699,0.08583354
20700,0.050750718
20701,0.05137075
20702,0.2654308
20703,0.03755828
20704,0.043045282
20705,0.050332338
20706,0.06387133
20707,0.06014241
20708,0.039782535
20709,0.039123863
20710,0.053639274
20711,0.051356558
20712,0.28107178
20713,0.06674894
20714,0.049786106
20715,0.050740507
20716,0.051172823
20717,0.07193503
20718,0.07067479
20719,0.27165848
20720,0.064678684
20721,0.2579094
20722,0.064040534
20723,0.062305853
20724,0.038860284
20725,0.042195346
20726,0.038240712
20727,0.07465688
20728,0.07714277
20729,0.052295417
20730,0.06775823
20731,0.05059592
20732,0.07974297
20733,0.06014241
20734,0.03982929
20735,0.48646015
20736,0.5702858
20737,0.06650312
20738,0.066233136
20739,0.043027956
20740,0.049786106
20741,0.05050433
20742,0.050301913
20743,0.049900625
20744,0.071419224
20745,0.07123728
20746,0.877635
20747,0.07092096
20748,0.06543701
20749,0.0634762
20750,0.063854285
20751,0.0348775
20752,0.037411164
20753,0.07647595
20754,0.44948888
20755,0.0446571
20756,0.07705799
20757,0.05205924
20758,0.048127506
20759,0.0704929
20760,0.06014241
20761,0.0707622
20762,0.03237696
20763,0.05248358
20764,0.04221975
20765,0.04221975
20766,0.039499607
20767,0.049786106
20768,0.050488163
20769,0.052442588
20770,0.07163918
20771,0.07143676
20772,0.0712908
20773,0.06538074
20774,0.06333848
20775,0.0634762
20776,0.06474709
20777,0.038054463
20778,0.070908524
20779,0.8720205
20780,0.07714277
20781,0.05171482
20782,0.048254836
20783,0.06014241
20784,0.06770322
20785,0.032255534
20786,0.035871524
20787,0.57763195
20788,0.04242425
20789,0.050301913
20790,0.052442588
20791,0.07103282
20792,0.071988545
20793,0.06359366
20794,0.064040534
20795,0.06500771
20796,0.06500771
20797,0.037377305
20798,0.07180679
20799,0.8785158
20800,0.07911959
20801,0.05205924
20802,0.047026884
20803,0.05568439
20804,0.03232044
20805,0.03671664
20806,0.044014517
20807,0.04854865
20808,0.023635326
20809,0.024131142
20810,0.023635326
20811,0.061335355
20812,0.25572672
20813,0.06960377
20814,0.069913335
20815,0.042192232
20816,0.043725543
20817,0.03581323
20818,0.036958385
20819,0.25619063
20820,0.2781724
20821,0.47832647
20822,0.031589225
20823,0.026648957
20824,0.036555905
20825,0.041955907
20826,0.0236793
20827,0.022977239
20828,0.023635326
20829,0.023246447
20830,0.023119517
20831,0.023635326
20832,0.061594997
20833,0.058498334
20834,0.068828285
20835,0.06960377
20836,0.035678398
20837,0.063413076
20838,0.07764375
20839,0.284234
20840,0.030734787
20841,0.03232044
20842,0.026238617
20843,0.036370754
20844,0.04379356
20845,0.0372053
20846,0.023493048
20847,0.04831396
20848,0.041603003
20849,0.042192232
20850,0.037144635
20851,0.053272434
20852,0.05386942
20853,0.03065909
20854,0.02635887
20855,0.026918057
20856,0.039468218
20857,0.03443682
20858,0.04386135
20859,0.036619715
20860,0.023119517
20861,0.023635326
20862,0.059726257
20863,0.037218027
20864,0.063413076
20865,0.43386793
20866,0.054551363
20867,0.028739119
20868,0.037530743
20869,0.026269186
20870,0.02603953
20871,0.04831396
20872,0.023119517
20873,0.059912816
20874,0.08159921
20875,0.06941752
20876,0.039253335
20877,0.039884966
20878,0.038507797
20879,0.030665034
20880,0.021550152
20881,0.026393702
20882,0.0283964
20883,0.04721334
20884,0.022251807
20885,0.059912816
20886,0.08099424
20887,0.06960377
20888,0.036958385
20889,0.10128098
20890,0.024821348
20891,0.021585388
20892,0.022513473
20893,0.026393702
20894,0.028618574
20895,0.028166743
20896,0.023635326
20897,0.02429356
20898,0.023635326
20899,0.060074594
20900,0.06023218
20901,0.08108341
20902,0.068828285
20903,0.03362161
20904,0.101651445
20905,0.039380223
20906,0.039368313
20907,0.063723646
20908,0.052814752
20909,0.053272456
20910,0.039154883
20911,0.041490644
20912,0.063723646
20913,0.056445967
20914,0.063723646
20915,0.061191406
20916,0.089044966
20917,0.0946194
20918,0.27205098
20919,0.4763714
20920,0.061191406
20921,0.082413614
20922,0.27138647
20923,0.0780491
20924,0.27997294
20925,0.06394949
20926,0.059519242
20927,0.05709195
20928,0.057061978
20929,0.040442184
20930,0.040260274
20931,0.072127
20932,0.077877276
20933,0.5579095
20934,0.10736668
20935,0.059533015
20936,0.05736642
20937,0.057385765
20938,0.03761355
20939,0.04047785
20940,0.039304987
20941,0.036853474
20942,0.07146784
20943,0.07458519
20944,0.4816256
20945,0.42487374
20946,0.06352087
20947,0.062878475
20948,0.059533015
20949,0.47950777
20950,0.040273115
20951,0.040260274
20952,0.046615157
20953,0.08540152
20954,0.4436488
20955,0.09903724
20956,0.09800566
20957,0.5069836
20958,0.07731382
20959,0.44485864
20960,0.05390552
20961,0.5401749
20962,0.05868407
20963,0.052635267
20964,0.051965926
20965,0.06451967
20966,0.07513734
20967,0.09805241
20968,0.09800566
20969,0.04647572
20970,0.07756549
20971,0.44485864
20972,0.054138236
20973,0.053611707
20974,0.044119913
20975,0.05759291
20976,0.052187428
20977,0.051381614
20978,0.061119203
20979,0.061119203
20980,0.07522259
20981,0.076294616
20982,0.24965285
20983,0.073154524
20984,0.07696863
20985,0.07768638
20986,0.07956191
20987,0.054077707
20988,0.045756068
20989,0.4455584
20990,0.070193425
20991,0.07887698
20992,0.07768638
20993,0.44827884
20994,0.054077707
20995,0.053496115
20996,0.04316712
20997,0.045414764
20998,0.042862143
20999,0.04359312
21000,0.06508918
21001,0.04109346
21002,0.07287943
21003,0.058908287
21004,0.07835753
21005,0.07799875
21006,0.2824313
21007,0.24782257
21008,0.046165474
21009,0.04399864
21010,0.055778127
21011,0.055778127
21012,0.26652682
21013,0.06616346
21014,0.051490918
21015,0.05446015
21016,0.058032587
21017,0.07956191
21018,0.07831078
21019,0.48635903
21020,0.05152729
21021,0.05152729
21022,0.05040402
21023,0.04445367
21024,0.06808957
21025,0.06827697
21026,0.061792888
21027,0.056111295
21028,0.056187533
21029,0.06799845
21030,0.06616346
21031,0.051047053
21032,0.04078969
21033,0.049185872
21034,0.042384494
21035,0.03215487
21036,0.030198794
21037,0.029270021
21038,0.07245379
21039,0.07245379
21040,0.27928436
21041,0.07287943
21042,0.09893144
21043,0.058032587
21044,0.059351735
21045,0.038504858
21046,0.03647103
21047,0.05152729
21048,0.05152729
21049,0.051466763
21050,0.07207811
21051,0.5008977
21052,0.05941986
21053,0.060156092
21054,0.061792888
21055,0.061489142
21056,0.055436824
21057,0.055842344
21058,0.06683579
21059,0.04109346
21060,0.049096964
21061,0.02953964
21062,0.030198794
21063,0.029547313
21064,0.06201483
21065,0.27165946
21066,0.0946509
21067,0.28127825
21068,0.27294785
21069,0.55646795
21070,0.05582263
21071,0.0613348
21072,0.035689063
21073,0.06806421
21074,0.051888116
21075,0.05115473
21076,0.074426085
21077,0.06802534
21078,0.5008977
21079,0.058281943
21080,0.05868407
21081,0.061968535
21082,0.056491278
21083,0.056491278
21084,0.06580543
21085,0.0505598
21086,0.041246586
21087,0.040577654
21088,0.048581157
21089,0.037705053
21090,0.03387469
21091,0.03997209
21092,0.055984054
21093,0.07809653
21094,0.076119885
21095,0.11226687
21096,0.27463424
21097,0.4998845
21098,0.0842347
21099,0.061658744
21100,0.07514383
21101,0.07402056
21102,0.07748923
21103,0.044377033
21104,0.04369159
21105,0.043286067
21106,0.06435791
21107,0.06376036
21108,0.06369614
21109,0.06369614
21110,0.05805969
21111,0.060968906
21112,0.07154466
21113,0.061459113
21114,0.04223647
21115,0.26481083
21116,0.04800181
21117,0.042722747
21118,0.049706645
21119,0.04985977
21120,0.03997209
21121,0.039312933
21122,0.074105546
21123,0.075931236
21124,0.07909361
21125,0.111417994
21126,0.27681494
21127,0.27650848
21128,0.084307626
21129,0.061731707
21130,0.074426085
21131,0.06671113
21132,0.043286067
21133,0.043742962
21134,0.063397765
21135,0.06407799
21136,0.06401746
21137,0.06047351
21138,0.06205419
21139,0.061709
21140,0.04272649
21141,0.047554873
21142,0.04277204
21143,0.038763605
21144,0.031863954
21145,0.03742343
21146,0.039685097
21147,0.07738061
21148,0.077129975
21149,0.11308866
21150,0.5780136
21151,0.10379298
21152,0.084151134
21153,0.061364934
21154,0.08385039
21155,0.075448275
21156,0.0771312
21157,0.06671113
21158,0.06449144
21159,0.06444828
21160,0.06098803
21161,0.07103015
21162,0.06262337
21163,0.07893168
21164,0.04563194
21165,0.046172567
21166,0.041461922
21167,0.036942575
21168,0.036482565
21169,0.28122446
21170,0.07841424
21171,0.076119885
21172,0.106942475
21173,0.60231036
21174,0.10379298
21175,0.08415847
21176,0.45246392
21177,0.08525462
21178,0.26714435
21179,0.27384013
21180,0.067428865
21181,0.041905295
21182,0.06449144
21183,0.06447767
21184,0.0710173
21185,0.07307797
21186,0.2755705
21187,0.0803569
21188,0.042569622
21189,0.037379645
21190,0.04051429
21191,0.039324254
21192,0.08522352
21193,0.08123904
21194,0.09226131
21195,0.09233423
21196,0.0861443
21197,0.0861443
21198,0.08907398
21199,0.11375035
21200,0.13999385
21201,0.49850565
21202,0.10137241
21203,0.059216786
21204,0.05751467
21205,0.05840798
21206,0.05971478
21207,0.08423253
21208,0.7562488
21209,0.08149037
21210,0.0803569
21211,0.5204741
21212,0.27712896
21213,0.042053815
21214,0.03733289
21215,0.04051429
21216,0.054324433
21217,0.2690442
21218,0.45524746
21219,0.092241965
21220,0.09226131
21221,0.0861443
21222,0.25953293
21223,0.0888564
21224,0.112466715
21225,0.13892767
21226,0.468677
21227,0.093414
21228,0.057214174
21229,0.060114626
21230,0.06161217
21231,0.27589947
21232,0.83396333
21233,0.07934109
21234,0.07998468
21235,0.5202787
21236,0.042569622
21237,0.042569622
21238,0.058721136
21239,0.054601725
21240,0.053519152
21241,0.06905834
21242,0.07673362
21243,0.09191612
21244,0.45260283
21245,0.262487
21246,0.08527022
21247,0.26533243
21248,0.1111879
21249,0.27045923
21250,0.51178205
21251,0.49655393
21252,0.041488804
21253,0.11608314
21254,0.27650508
21255,0.09121725
21256,0.8175135
21257,0.83386
21258,0.52751195
21259,0.07995705
21260,0.07960884
21261,0.26284283
21262,0.058460448
21263,0.039498225
21264,0.037656937
21265,0.06181929
21266,0.076487325
21267,0.08991066
21268,0.089957416
21269,0.08533444
21270,0.0888564
21271,0.110769786
21272,0.05288733
21273,0.1202439
21274,0.51244515
21275,0.28382757
21276,0.041207008
21277,0.057561427
21278,0.2757284
21279,0.05356033
21280,0.09451359
21281,0.7864925
21282,0.85495096
21283,0.54457027
21284,0.08026711
21285,0.042755872
21286,0.058476616
21287,0.41297045
21288,0.03944498
21289,0.039380763
21290,0.036237024
21291,0.05295155
21292,0.054327853
21293,0.05437461
21294,0.06497602
21295,0.06460929
21296,0.5179121
21297,0.08814576
21298,0.10632422
21299,0.258526
21300,0.105620064
21301,0.084509425
21302,0.08128292
21303,0.5590662
21304,0.5495837
21305,0.095771514
21306,0.09633082
21307,0.08329614
21308,0.08295151
21309,0.90670043
21310,0.78792584
21311,0.82852304
21312,0.057370365
21313,0.071798004
21314,0.06933376
21315,0.43638682
21316,0.082422614
21317,0.42554426
21318,0.05830285
21319,0.057720654
21320,0.053105555
21321,0.05437461
21322,0.05437461
21323,0.06460929
21324,0.064903095
21325,0.51956433
21326,0.51071995
21327,0.25930297
21328,0.10599142
21329,0.10567144
21330,0.092475094
21331,0.08566359
21332,0.08671845
21333,0.26589283
21334,0.2819733
21335,0.09626006
21336,0.083068974
21337,0.090106755
21338,0.05314654
21339,0.869725
21340,0.8503172
21341,0.839546
21342,0.05784168
21343,0.05730106
21344,0.26455313
21345,0.446018
21346,0.054301668
21347,0.03442608
21348,0.06497602
21349,0.056784097
21350,0.83397543
21351,0.8204581
21352,0.10567144
21353,0.106038176
21354,0.10906743
21355,0.13048904
21356,0.08914889
21357,0.5564321
21358,0.2624384
21359,0.06897245
21360,0.08276009
21361,0.08278034
21362,0.08983154
21363,0.07580887
21364,0.08264117
21365,0.27956244
21366,0.27604377
21367,0.12627739
21368,0.057370365
21369,0.06938348
21370,0.060415115
21371,0.26486832
21372,0.08151884
21373,0.06085871
21374,0.05297038
21375,0.034792833
21376,0.057266444
21377,0.056758076
21378,0.8260645
21379,0.6327228
21380,0.51658875
21381,0.26585883
21382,0.13048904
21383,0.12998067
21384,0.08914889
21385,0.538156
21386,0.06808181
21387,0.08278034
21388,0.08278034
21389,0.09049649
21390,0.07578974
21391,0.0825237
21392,0.27989194
21393,0.26786584
21394,0.27049747
21395,0.9515377
21396,0.2681822
21397,0.06809406
21398,0.060233437
21399,0.25912297
21400,0.06642865
21401,0.057972997
21402,0.45498055
21403,0.035125773
21404,0.03504221
21405,0.081433736
21406,0.08498389
21407,0.106038176
21408,0.52637345
21409,0.56674755
21410,0.54895043
21411,0.27239752
21412,0.12680292
21413,0.112933174
21414,0.112282015
21415,0.07580887
21416,0.26375574
21417,0.074540175
21418,0.074540175
21419,0.54845065
21420,0.26892364
21421,0.05212557
21422,0.53608495
21423,0.26918563
21424,0.062036537
21425,0.0662424
21426,0.071992934
21427,0.062038492
21428,0.042448517
21429,0.035198715
21430,0.034690347
21431,0.08186469
21432,0.08570089
21433,0.10596525
21434,0.10588902
21435,0.5421238
21436,0.6993242
21437,0.6066843
21438,0.5978996
21439,0.5334917
21440,0.10411429
21441,0.074774764
21442,0.074774764
21443,0.07427122
21444,0.07438868
21445,0.27080905
21446,0.10659829
21447,0.051334377
21448,0.068560146
21449,0.06456234
21450,0.06255234
21451,0.06851468
21452,0.072711155
21453,0.0617718
21454,0.064122766
21455,0.04294801
21456,0.04288711
21457,0.03031486
21458,0.03031486
21459,0.08541485
21460,0.08541485
21461,0.106038176
21462,0.52068335
21463,0.14238985
21464,0.5987039
21465,0.6620486
21466,0.69005936
21467,0.5233005
21468,0.095432065
21469,0.07580887
21470,0.075286195
21471,0.07533295
21472,0.107073784
21473,0.046034124
21474,0.049522016
21475,0.06397357
21476,0.86640745
21477,0.061899353
21478,0.057920467
21479,0.07478102
21480,0.06486332
21481,0.25846398
21482,0.042448517
21483,0.065201834
21484,0.0666075
21485,0.03031486
21486,0.03031486
21487,0.08541485
21488,0.08541485
21489,0.105132826
21490,0.5301363
21491,0.69071364
21492,0.27071604
21493,0.6714615
21494,0.60758793
21495,0.5250387
21496,0.28106835
21497,0.074774764
21498,0.08511465
21499,0.051745653
21500,0.05140735
21501,0.06456234
21502,0.0616221
21503,0.45460135
21504,0.29219133
21505,0.42941648
21506,0.061974276
21507,0.0645942
21508,0.081658974
21509,0.065498926
21510,0.06400566
21511,0.06688253
21512,0.06497602
21513,0.062353995
21514,0.062307242
21515,0.10557492
21516,0.7831078
21517,0.62457377
21518,0.6380331
21519,0.24938677
21520,0.2739191
21521,0.2720998
21522,0.09063666
21523,0.040923867
21524,0.041511405
21525,0.053644564
21526,0.07228903
21527,0.07943997
21528,0.085728765
21529,0.04080079
21530,0.2660067
21531,0.050898936
21532,0.05303438
21533,0.051025756
21534,0.46115464
21535,0.07269835
21536,0.062353995
21537,0.0629733
21538,0.106257714
21539,0.2531384
21540,0.06309828
21541,0.06345725
21542,0.27348137
21543,0.0891041
21544,0.086488195
21545,0.09040049
21546,0.040448375
21547,0.05341653
21548,0.05205
21549,0.052565806
21550,0.05312656
21551,0.071925394
21552,0.079028696
21553,0.04043224
21554,0.05119275
21555,0.056038573
21556,0.052714836
21557,0.07197554
21558,0.06359491
21559,0.0972952
21560,0.049900454
21561,0.0631172
21562,0.0631172
21563,0.075394526
21564,0.25989988
21565,0.55253804
21566,0.56599844
21567,0.09423979
21568,0.053642366
21569,0.07984391
21570,0.08593118
21571,0.043570817
21572,0.054144528
21573,0.048805684
21574,0.052822016
21575,0.063870735
21576,0.09756117
21577,0.4865372
21578,0.0631172
21579,0.06737455
21580,0.2595198
21581,0.039928783
21582,0.09551262
21583,0.5656162
21584,0.09423979
21585,0.04020356
21586,0.053543724
21587,0.053844783
21588,0.051074818
21589,0.05073849
21590,0.079028696
21591,0.08457411
21592,0.048884466
21593,0.052840874
21594,0.048582755
21595,0.26428312
21596,0.038574256
21597,0.049900454
21598,0.08579965
21599,0.05972276
21600,0.039011337
21601,0.037022624
21602,0.054674946
21603,0.053079825
21604,0.28293228
21605,0.06683041
21606,0.051521674
21607,0.051456716
21608,0.07120129
21609,0.07225305
21610,0.27233416
21611,0.06537201
21612,0.06582817
21613,0.06328042
21614,0.06355767
21615,0.037775286
21616,0.0358929
21617,0.07516011
21618,0.26318088
21619,0.051830355
21620,0.06786238
21621,0.048995093
21622,0.08579965
21623,0.059446942
21624,0.039928783
21625,0.039928783
21626,0.4917549
21627,0.550276
21628,0.2687797
21629,0.06653135
21630,0.0428933
21631,0.051521674
21632,0.050369676
21633,0.051521674
21634,0.050644893
21635,0.07131875
21636,0.07245509
21637,0.90965265
21638,0.06601674
21639,0.06527596
21640,0.06396894
21641,0.063493446
21642,0.039568197
21643,0.03808522
21644,0.06758705
21645,0.43234158
21646,0.043129507
21647,0.07723664
21648,0.048158262
21649,0.079242304
21650,0.06778379
21651,0.032476455
21652,0.053738765
21653,0.042923704
21654,0.04343951
21655,0.04051259
21656,0.050826572
21657,0.05251035
21658,0.0724393
21659,0.0715553
21660,0.07300725
21661,0.06527596
21662,0.06393576
21663,0.06437435
21664,0.064764336
21665,0.039387222
21666,0.038271468
21667,0.071366385
21668,0.8669543
21669,0.07814294
21670,0.24602824
21671,0.055466242
21672,0.048372865
21673,0.05908282
21674,0.067802705
21675,0.032476455
21676,0.032476455
21677,0.28363624
21678,0.0428933
21679,0.04328598
21680,0.052967247
21681,0.0724393
21682,0.0715553
21683,0.2664394
21684,0.064138174
21685,0.06393576
21686,0.06457338
21687,0.064711094
21688,0.04025063
21689,0.070596814
21690,0.87025744
21691,0.07717352
21692,0.048579406
21693,0.032798577
21694,0.036470246
21695,0.044330835
21696,0.048285592
21697,0.023666084
21698,0.023182679
21699,0.023666084
21700,0.06289877
21701,0.061095458
21702,0.06944828
21703,0.06944828
21704,0.042222988
21705,0.042222988
21706,0.03596145
21707,0.03698914
21708,0.24610344
21709,0.088053204
21710,0.2748845
21711,0.032402012
21712,0.031750575
21713,0.027203202
21714,0.036900144
21715,0.033195686
21716,0.04410907
21717,0.021568846
21718,0.022956252
21719,0.023150275
21720,0.063134946
21721,0.06145921
21722,0.06851395
21723,0.06904073
21724,0.035434686
21725,0.035042007
21726,0.063646674
21727,0.41828963
21728,0.053381294
21729,0.030726384
21730,0.04343325
21731,0.03251607
21732,0.026458358
21733,0.034267787
21734,0.04228506
21735,0.03595547
21736,0.0230404
21737,0.023523806
21738,0.047824908
21739,0.022253346
21740,0.023852335
21741,0.042222988
21742,0.042222988
21743,0.060503427
21744,0.055258214
21745,0.031474803
21746,0.026796455
21747,0.026452493
21748,0.03972878
21749,0.034267787
21750,0.04228506
21751,0.038085118
21752,0.023666084
21753,0.023150275
21754,0.059648227
21755,0.06537107
21756,0.040895995
21757,0.035792716
21758,0.389464
21759,0.07603057
21760,0.054278255
21761,0.02990852
21762,0.037258036
21763,0.026368674
21764,0.048604358
21765,0.023150275
21766,0.062639125
21767,0.06068418
21768,0.08330086
21769,0.069707915
21770,0.0354557
21771,0.038538553
21772,0.035519917
21773,0.02168707
21774,0.026607037
21775,0.037257228
21776,0.026902752
21777,0.047824908
21778,0.023666084
21779,0.021842066
21780,0.062825374
21781,0.081114165
21782,0.03698914
21783,0.09724786
21784,0.031175151
21785,0.020682441
21786,0.021489212
21787,0.02982432
21788,0.02902997
21789,0.029252144
21790,0.023666084
21791,0.022234002
21792,0.023666084
21793,0.06289877
21794,0.062639125
21795,0.06194261
21796,0.08162997
21797,0.06893247
21798,0.09748404
21799,0.021489212
21800,0.04284963
21801,0.03736858
21802,0.039569795
21803,0.063723646
21804,0.053489223
21805,0.04476414
21806,0.064951465
21807,0.063341774
21808,0.054134343
21809,0.051971078
21810,0.054291494
21811,0.063723646
21812,0.06499183
21813,0.078746885
21814,0.2722919
21815,0.48151106
21816,0.059160452
21817,0.05886664
21818,0.33802867
21819,0.06823752
21820,0.2735252
21821,0.07829389
21822,0.27661204
21823,0.058815263
21824,0.0576978
21825,0.03834414
21826,0.040990867
21827,0.28080958
21828,0.06959478
21829,0.5691859
21830,0.10441433
21831,0.059533015
21832,0.057027865
21833,0.03834414
21834,0.08232028
21835,0.07146784
21836,0.4269581
21837,0.3974255
21838,0.06205582
21839,0.06487165
21840,0.059533015
21841,0.057758328
21842,0.039714158
21843,0.040977094
21844,0.048472136
21845,0.061363988
21846,0.078447
21847,0.3934548
21848,0.09385581
21849,0.26558766
21850,0.49929866
21851,0.07731382
21852,0.45560288
21853,0.053611707
21854,0.26767403
21855,0.05868407
21856,0.051735863
21857,0.05156608
21858,0.06464687
21859,0.27542427
21860,0.0983297
21861,0.049379576
21862,0.07768638
21863,0.07996176
21864,0.45880786
21865,0.05390552
21866,0.045402784
21867,0.0587446
21868,0.052353475
21869,0.05156608
21870,0.05917229
21871,0.061363988
21872,0.07601733
21873,0.07513734
21874,0.24716845
21875,0.072602145
21876,0.0776726
21877,0.07695579
21878,0.053886175
21879,0.053611707
21880,0.046165474
21881,0.2894535
21882,0.06650498
21883,0.073717594
21884,0.07731382
21885,0.28379202
21886,0.4597264
21887,0.054138236
21888,0.05356033
21889,0.046165474
21890,0.04445367
21891,0.04326199
21892,0.042862143
21893,0.064902805
21894,0.07169674
21895,0.059977245
21896,0.07758934
21897,0.28428137
21898,0.2811257
21899,0.05152729
21900,0.52229506
21901,0.043180894
21902,0.07300082
21903,0.044050016
21904,0.056187533
21905,0.055842344
21906,0.26663423
21907,0.06805582
21908,0.051522546
21909,0.058032587
21910,0.0573884
21911,0.07781028
21912,0.07835753
21913,0.48426783
21914,0.051927138
21915,0.05152729
21916,0.050648805
21917,0.045402784
21918,0.067883715
21919,0.06828982
21920,0.06119533
21921,0.05589372
21922,0.068184696
21923,0.06805582
21924,0.051164515
21925,0.040577654
21926,0.04326987
21927,0.03797467
21928,0.030198794
21929,0.028619176
21930,0.07245379
21931,0.0721765
21932,0.2746933
21933,0.07287943
21934,0.093541965
21935,0.059317544
21936,0.056207918
21937,0.035689063
21938,0.03609847
21939,0.0507967
21940,0.05152729
21941,0.05152729
21942,0.07207811
21943,0.28061977
21944,0.05941986
21945,0.060156092
21946,0.06098322
21947,0.06119533
21948,0.05643075
21949,0.056491278
21950,0.06616346
21951,0.04109346
21952,0.26557377
21953,0.030198794
21954,0.029276058
21955,0.029191427
21956,0.06201483
21957,0.2821431
21958,0.0816768
21959,0.4385426
21960,0.2706783
21961,0.56853086
21962,0.055477586
21963,0.05700459
21964,0.03687088
21965,0.06805044
21966,0.05152729
21967,0.050966263
21968,0.07514383
21969,0.06808957
21970,0.4997045
21971,0.05943363
21972,0.05868407
21973,0.061779115
21974,0.056477506
21975,0.055842344
21976,0.06799845
21977,0.0505598
21978,0.049037978
21979,0.029223263
21980,0.03570183
21981,0.039019078
21982,0.058533788
21983,0.2520019
21984,0.07909361
21985,0.11263836
21986,0.4450115
21987,0.49459925
21988,0.08382529
21989,0.061731707
21990,0.07554368
21991,0.0771312
21992,0.044377033
21993,0.06434413
21994,0.064533554
21995,0.06406421
21996,0.06401746
21997,0.07844353
21998,0.061387878
21999,0.07108153
22000,0.04752632
22001,0.04967809
22002,0.050153583
22003,0.029929176
22004,0.04364153
22005,0.043242045
22006,0.075364195
22007,0.072299585
22008,0.07902069
22009,0.11308866
22010,0.27623224
22011,0.27317914
22012,0.2633283
22013,0.06151832
22014,0.07436186
22015,0.076240316
22016,0.06655038
22017,0.06429738
22018,0.06429738
22019,0.06407799
22020,0.06407799
22021,0.06098803
22022,0.06052489
22023,0.06176038
22024,0.06176038
22025,0.042845666
22026,0.046172567
22027,0.041960746
22028,0.049706645
22029,0.044718444
22030,0.037146136
22031,0.07586029
22032,0.0789249
22033,0.11042803
22034,0.5702989
22035,0.10958793
22036,0.0842347
22037,0.061658744
22038,0.08525462
22039,0.07588153
22040,0.077861786
22041,0.067368336
22042,0.06412244
22043,0.06412244
22044,0.06098803
22045,0.07154466
22046,0.061199594
22047,0.07995705
22048,0.04800181
22049,0.036942575
22050,0.03742343
22051,0.03646978
22052,0.07928862
22053,0.08085791
22054,0.096957706
22055,0.53251046
22056,0.10552733
22057,0.08331257
22058,0.44233525
22059,0.08525462
22060,0.07665394
22061,0.27463213
22062,0.067828715
22063,0.044377033
22064,0.041905295
22065,0.041219853
22066,0.06489129
22067,0.06504373
22068,0.07103015
22069,0.07157229
22070,0.27343044
22071,0.07995705
22072,0.04277204
22073,0.039856255
22074,0.0367288
22075,0.042923015
22076,0.043200307
22077,0.08517214
22078,0.08206174
22079,0.0919034
22080,0.09226131
22081,0.08607137
22082,0.08571347
22083,0.089287356
22084,0.11375035
22085,0.13892767
22086,0.4942819
22087,0.10065467
22088,0.0571628
22089,0.057561427
22090,0.060326148
22091,0.084853604
22092,0.75834185
22093,0.07893168
22094,0.078995906
22095,0.53345376
22096,0.27671364
22097,0.042605285
22098,0.042923015
22099,0.054324433
22100,0.2578857
22101,0.46415588
22102,0.09233423
22103,0.09228748
22104,0.08572619
22105,0.085752554
22106,0.088869244
22107,0.11348678
22108,0.13892767
22109,0.47904444
22110,0.09267573
22111,0.057002064
22112,0.05978148
22113,0.0601505
22114,0.28358376
22115,0.8315423
22116,0.07995705
22117,0.07998468
22118,0.5203011
22119,0.042722747
22120,0.04277204
22121,0.2719538
22122,0.054324433
22123,0.054277677
22124,0.07673362
22125,0.07958646
22126,0.09226131
22127,0.458356
22128,0.45158675
22129,0.085752554
22130,0.26533243
22131,0.1111879
22132,0.1202439
22133,0.5096018
22134,0.48985228
22135,0.041905295
22136,0.112706795
22137,0.28004187
22138,0.084128596
22139,0.8222232
22140,0.30051336
22141,0.5584998
22142,0.07998468
22143,0.080363445
22144,0.08026711
22145,0.058427323
22146,0.03984791
22147,0.037656937
22148,0.06201483
22149,0.07958646
22150,0.07958646
22151,0.08988449
22152,0.08988449
22153,0.26125896
22154,0.08880502
22155,0.112471536
22156,0.05305397
22157,0.1202439
22158,0.5094801
22159,0.28382757
22160,0.057507988
22161,0.27976522
22162,0.053496115
22163,0.08477381
22164,0.7679222
22165,0.83396333
22166,0.56332964
22167,0.042569622
22168,0.058427323
22169,0.42423528
22170,0.038949203
22171,0.038949203
22172,0.037224587
22173,0.053943638
22174,0.053686403
22175,0.06497602
22176,0.06455792
22177,0.5078127
22178,0.08804055
22179,0.106259994
22180,0.25965628
22181,0.106038176
22182,0.08772074
22183,0.08088307
22184,0.55603665
22185,0.26313877
22186,0.095771514
22187,0.09633082
22188,0.08329614
22189,0.08295151
22190,0.90811235
22191,0.7880279
22192,0.832534
22193,0.057252906
22194,0.072237246
22195,0.060387492
22196,0.43637472
22197,0.082422614
22198,0.26248547
22199,0.057720654
22200,0.0561212
22201,0.052733973
22202,0.054301668
22203,0.05337955
22204,0.064545065
22205,0.06497602
22206,0.5078127
22207,0.5093449
22208,0.25957745
22209,0.10588621
22210,0.106038176
22211,0.08772074
22212,0.08669082
22213,0.08669082
22214,0.067964345
22215,0.069019206
22216,0.09582488
22217,0.09581502
22218,0.08332377
22219,0.090288445
22220,0.8848028
22221,0.8470204
22222,0.8393988
22223,0.05672073
22224,0.057664182
22225,0.26237667
22226,0.06938348
22227,0.43060336
22228,0.05437461
22229,0.03452925
22230,0.06497602
22231,0.057266444
22232,0.8000503
22233,0.8204581
22234,0.106038176
22235,0.106038176
22236,0.09966733
22237,0.1301121
22238,0.08917651
22239,0.5613518
22240,0.26313877
22241,0.06790012
22242,0.08295151
22243,0.08332377
22244,0.09051561
22245,0.074774764
22246,0.082934976
22247,0.73823625
22248,0.5577977
22249,0.26883346
22250,0.057664182
22251,0.072219595
22252,0.06956973
22253,0.06168975
22254,0.081030525
22255,0.08151884
22256,0.057018597
22257,0.054327853
22258,0.057219688
22259,0.056848314
22260,0.8218783
22261,0.6216306
22262,0.2625678
22263,0.26188135
22264,0.13047014
22265,0.13047014
22266,0.26327574
22267,0.55730146
22268,0.06845339
22269,0.083068974
22270,0.08278034
22271,0.09051561
22272,0.07580887
22273,0.082934976
22274,0.28000644
22275,0.27604377
22276,0.1263771
22277,0.9520308
22278,0.07226931
22279,0.06791656
22280,0.06168975
22281,0.08052915
22282,0.065754086
22283,0.057534404
22284,0.2612407
22285,0.03483196
22286,0.035125773
22287,0.08208651
22288,0.08541485
22289,0.10599142
22290,0.52275896
22291,0.26317513
22292,0.54895043
22293,0.2694703
22294,0.12689179
22295,0.112282015
22296,0.5195706
22297,0.09633082
22298,0.07580887
22299,0.26168287
22300,0.07530532
22301,0.07478952
22302,0.55778587
22303,0.26993737
22304,0.051334377
22305,0.53341776
22306,0.53341776
22307,0.06568986
22308,0.07505549
22309,0.062155955
22310,0.067508094
22311,0.042448517
22312,0.03454787
22313,0.035198715
22314,0.08186469
22315,0.08491867
22316,0.106118366
22317,0.106038176
22318,0.54229623
22319,0.68076324
22320,0.60802245
22321,0.6058751
22322,0.53526175
22323,0.10501304
22324,0.07482801
22325,0.07468249
22326,0.07533295
22327,0.27902114
22328,0.10659829
22329,0.051539112
22330,0.067897215
22331,0.06335173
22332,0.06568986
22333,0.072711155
22334,0.06195805
22335,0.064122766
22336,0.043065473
22337,0.042448517
22338,0.04594735
22339,0.03031486
22340,0.029883891
22341,0.08515128
22342,0.08541485
22343,0.106038176
22344,0.2600552
22345,0.26016802
22346,0.5910963
22347,0.6774801
22348,0.6730513
22349,0.28879663
22350,0.095771514
22351,0.075286195
22352,0.07533295
22353,0.10725129
22354,0.051923152
22355,0.06404654
22356,0.87303334
22357,0.06208103
22358,0.05744915
22359,0.07202043
22360,0.061974276
22361,0.064122766
22362,0.081925675
22363,0.04577283
22364,0.058634445
22365,0.03031486
22366,0.03031486
22367,0.08499674
22368,0.08541485
22369,0.10596525
22370,0.52619344
22371,0.67925626
22372,0.27371722
22373,0.6614548
22374,0.22879913
22375,0.53914946
22376,0.27928942
22377,0.07424258
22378,0.07478952
22379,0.08557156
22380,0.0521094
22381,0.05127016
22382,0.06476476
22383,0.06273859
22384,0.43827516
22385,0.057742964
22386,0.42615375
22387,0.0617718
22388,0.06360696
22389,0.0850443
22390,0.068617545
22391,0.25728452
22392,0.071519606
22393,0.06497602
22394,0.062353995
22395,0.10591766
22396,0.79244304
22397,0.6237928
22398,0.6172263
22399,0.24911354
22400,0.2699688
22401,0.086488195
22402,0.08979678
22403,0.040719368
22404,0.039980415
22405,0.05723704
22406,0.05312656
22407,0.07240089
22408,0.07893404
22409,0.085728765
22410,0.04115173
22411,0.27335814
22412,0.050898936
22413,0.0528348
22414,0.2587074
22415,0.071366385
22416,0.10591766
22417,0.2513968
22418,0.0631172
22419,0.2699688
22420,0.088495545
22421,0.086488195
22422,0.09041961
22423,0.040565968
22424,0.054019216
22425,0.05205
22426,0.053828616
22427,0.072107084
22428,0.07984391
22429,0.04315977
22430,0.2665518
22431,0.051401507
22432,0.071366385
22433,0.06760274
22434,0.06321796
22435,0.097607926
22436,0.049802486
22437,0.06259236
22438,0.075709276
22439,0.07273891
22440,0.55190396
22441,0.5635478
22442,0.09334956
22443,0.054606754
22444,0.054622922
22445,0.052565806
22446,0.053527102
22447,0.07914616
22448,0.08606782
22449,0.04305501
22450,0.050781474
22451,0.054144528
22452,0.05195403
22453,0.038292732
22454,0.041530054
22455,0.06359491
22456,0.0972952
22457,0.4901725
22458,0.062804475
22459,0.0631172
22460,0.25812483
22461,0.039928783
22462,0.09551262
22463,0.56599844
22464,0.09193485
22465,0.04080553
22466,0.2656214
22467,0.052565806
22468,0.053580478
22469,0.051530965
22470,0.051074818
22471,0.07984391
22472,0.08496679
22473,0.05083472
22474,0.050781474
22475,0.26974064
22476,0.037589036
22477,0.04070772
22478,0.049802486
22479,0.07054707
22480,0.059446942
22481,0.039928783
22482,0.039928783
22483,0.05583064
22484,0.052583072
22485,0.28266087
22486,0.06631461
22487,0.051521674
22488,0.051407985
22489,0.07125453
22490,0.07184911
22491,0.2734923
22492,0.06548948
22493,0.25861788
22494,0.063675135
22495,0.063675135
22496,0.037193194
22497,0.03546276
22498,0.07523788
22499,0.263346
22500,0.053925317
22501,0.06751796
22502,0.051318403
22503,0.08579965
22504,0.059400186
22505,0.03925599
22506,0.49846026
22507,0.5516162
22508,0.271097
22509,0.06683041
22510,0.043350197
22511,0.051707923
22512,0.051120386
22513,0.051002048
22514,0.05172409
22515,0.07161256
22516,0.071500696
22517,0.9085748
22518,0.0651359
22519,0.06584751
22520,0.06393576
22521,0.06361104
22522,0.037775286
22523,0.04006438
22524,0.075178966
22525,0.2951689
22526,0.043129507
22527,0.07717352
22528,0.052016605
22529,0.048158262
22530,0.06748998
22531,0.033062212
22532,0.053738765
22533,0.04343951
22534,0.043624666
22535,0.040630054
22536,0.050826572
22537,0.05172409
22538,0.05314654
22539,0.07134318
22540,0.071737245
22541,0.07228903
22542,0.064760156
22543,0.06355767
22544,0.06374938
22545,0.06508918
22546,0.03546276
22547,0.042722285
22548,0.071552634
22549,0.8620301
22550,0.07717352
22551,0.053925317
22552,0.053925317
22553,0.04834451
22554,0.059446942
22555,0.070894316
22556,0.033062212
22557,0.03544894
22558,0.28442118
22559,0.04343951
22560,0.052967247
22561,0.07225305
22562,0.07280483
22563,0.06355767
22564,0.06393576
22565,0.06527543
22566,0.06457338
22567,0.035320435
22568,0.0723358
22569,0.8610569
22570,0.07711917
22571,0.0522515
22572,0.048158262
22573,0.053493086
22574,0.032129973
22575,0.036912985
22576,0.03421641
22577,0.04228506
22578,0.04816813
22579,0.02205698
22580,0.022551518
22581,0.062400516
22582,0.062639125
22583,0.06887198
22584,0.06851408
22585,0.042222988
22586,0.04175122
22587,0.036750525
22588,0.24602546
22589,0.29198375
22590,0.27673963
22591,0.03305727
22592,0.032562826
22593,0.032874815
22594,0.026909387
22595,0.03696436
22596,0.0342037
22597,0.04228506
22598,0.021814167
22599,0.023783445
22600,0.022400029
22601,0.023785368
22602,0.022693845
22603,0.062123325
22604,0.058940843
22605,0.06836606
22606,0.06893247
22607,0.06423466
22608,0.053155165
22609,0.055616245
22610,0.032874815
22611,0.026343456
22612,0.0356626
22613,0.037032206
22614,0.046873488
22615,0.03595547
22616,0.023523806
22617,0.04782891
22618,0.022400029
22619,0.023666084
22620,0.06194261
22621,0.04170718
22622,0.042222988
22623,0.035897233
22624,0.064145885
22625,0.055258214
22626,0.04913584
22627,0.030562842
22628,0.026587328
22629,0.03011738
22630,0.03673551
22631,0.043993477
22632,0.037257228
22633,0.022282565
22634,0.023666084
22635,0.06194261
22636,0.03698914
22637,0.41189313
22638,0.07621682
22639,0.053514976
22640,0.0299978
22641,0.031475127
22642,0.037257228
22643,0.027008528
22644,0.048344716
22645,0.061242145
22646,0.062639125
22647,0.081204206
22648,0.06944828
22649,0.039532725
22650,0.038488008
22651,0.027203202
22652,0.03595547
22653,0.02935446
22654,0.047241542
22655,0.023277204
22656,0.023925724
22657,0.061242145
22658,0.08330086
22659,0.035338238
22660,0.09967827
22661,0.031248543
22662,0.018553732
22663,0.021508524
22664,0.021489212
22665,0.027171684
22666,0.028641015
22667,0.028717259
22668,0.023666084
22669,0.023666084
22670,0.022252878
22671,0.061030034
22672,0.062639125
22673,0.062639125
22674,0.06200186
22675,0.061382387
22676,0.08162997
22677,0.068923265
22678,0.035338238
22679,0.09949202
22680,0.021059195
22681,0.048584517
22682,0.043971833
22683,0.03254574
22684,0.0647379
22685,0.06312821
22686,0.053343825
22687,0.06285092
22688,0.06499585
22689,0.08281005
22690,0.0783439
22691,0.27342388
22692,0.4886886
22693,0.05943875
22694,0.072670914
22695,0.27112585
22696,0.07893349
22697,0.059625376
22698,0.058721
22699,0.05969789
22700,0.057664063
22701,0.038249876
22702,0.042994644
22703,0.2645272
22704,0.08210672
22705,0.54514277
22706,0.29893383
22707,0.05943875
22708,0.059066188
22709,0.05694631
22710,0.04017885
22711,0.040114634
22712,0.04718727
22713,0.035733737
22714,0.067760386
22715,0.27580786
22716,0.41230038
22717,0.42158234
22718,0.06278421
22719,0.06671626
22720,0.058772374
22721,0.27489805
22722,0.038249876
22723,0.040836073
22724,0.04017885
22725,0.04718727
22726,0.08513291
22727,0.4298095
22728,0.09352298
22729,0.097276285
22730,0.49768114
22731,0.077143334
22732,0.46566355
22733,0.05353577
22734,0.26798642
22735,0.05708924
22736,0.051471815
22737,0.06521013
22738,0.07486873
22739,0.097783804
22740,0.048145223
22741,0.07640506
22742,0.080310866
22743,0.28522506
22744,0.054443818
22745,0.05379191
22746,0.04530852
22747,0.058650333
22748,0.05261423
22749,0.051471815
22750,0.04276788
22751,0.062023517
22752,0.0767207
22753,0.072069965
22754,0.072286785
22755,0.07878272
22756,0.05548346
22757,0.05404397
22758,0.27396688
22759,0.07224127
22760,0.079625934
22761,0.28394598
22762,0.2829989
22763,0.051433027
22764,0.049225055
22765,0.053466067
22766,0.05353577
22767,0.04571318
22768,0.042316314
22769,0.06519396
22770,0.061048407
22771,0.07827705
22772,0.079467654
22773,0.28044766
22774,0.051419254
22775,0.051060464
22776,0.2507226
22777,0.04475925
22778,0.068540744
22779,0.043904375
22780,0.056397013
22781,0.056397013
22782,0.26623297
22783,0.066760175
22784,0.05091794
22785,0.06100165
22786,0.06003195
22787,0.07700034
22788,0.43073773
22789,0.051433027
22790,0.051433027
22791,0.051433027
22792,0.04571318
22793,0.06799531
22794,0.068182714
22795,0.042754106
22796,0.061698623
22797,0.05679686
22798,0.065525144
22799,0.06674999
22800,0.051526815
22801,0.041747086
22802,0.049223326
22803,0.043721076
22804,0.029062489
22805,0.029247474
22806,0.03681753
22807,0.060940944
22808,0.07099804
22809,0.06906536
22810,0.28361213
22811,0.072885916
22812,0.098750696
22813,0.061656818
22814,0.036776613
22815,0.035659015
22816,0.0513725
22817,0.05055454
22818,0.051419254
22819,0.067931086
22820,0.5592702
22821,0.057975736
22822,0.05784249
22823,0.06187427
22824,0.06168485
22825,0.056171037
22826,0.05574808
22827,0.06681755
22828,0.051526815
22829,0.041166577
22830,0.26081508
22831,0.03211974
22832,0.029985225
22833,0.029056452
22834,0.06084082
22835,0.28008166
22836,0.08513291
22837,0.28280798
22838,0.5684018
22839,0.575175
22840,0.0564724
22841,0.0564724
22842,0.036362994
22843,0.06725221
22844,0.05076665
22845,0.075035796
22846,0.07198385
22847,0.53949386
22848,0.05818768
22849,0.05720483
22850,0.062098466
22851,0.05594545
22852,0.056397013
22853,0.06607766
22854,0.041166577
22855,0.04973442
22856,0.04273082
22857,0.028792871
22858,0.036729004
22859,0.03975852
22860,0.060076505
22861,0.24637985
22862,0.077340476
22863,0.11020248
22864,0.45349345
22865,0.49875247
22866,0.08403902
22867,0.061370794
22868,0.07504957
22869,0.07417109
22870,0.07739497
22871,0.04343659
22872,0.06404655
22873,0.063666105
22874,0.063532166
22875,0.06395991
22876,0.07834927
22877,0.05810107
22878,0.07143128
22879,0.046623774
22880,0.046623774
22881,0.049833007
22882,0.049897224
22883,0.02854893
22884,0.03975852
22885,0.03909936
22886,0.07248859
22887,0.07581806
22888,0.07991189
22889,0.11204501
22890,0.27451327
22891,0.12999673
22892,0.25734845
22893,0.06146308
22894,0.07504957
22895,0.076159835
22896,0.06733461
22897,0.044268996
22898,0.06345399
22899,0.0646635
22900,0.06398373
22901,0.06438358
22902,0.061110817
22903,0.06023703
22904,0.060862042
22905,0.04254914
22906,0.04762799
22907,0.04302083
22908,0.04977976
22909,0.041595448
22910,0.037281007
22911,0.036850166
22912,0.077541545
22913,0.07833691
22914,0.11204501
22915,0.29405302
22916,0.10797449
22917,0.08403902
22918,0.06139014
22919,0.08455505
22920,0.074883126
22921,0.07710116
22922,0.06677358
22923,0.04392317
22924,0.5016234
22925,0.061293613
22926,0.07093078
22927,0.060915023
22928,0.079458565
22929,0.047490273
22930,0.04320708
22931,0.036069848
22932,0.03651285
22933,0.03610166
22934,0.077112004
22935,0.07874851
22936,0.11071248
22937,0.5767106
22938,0.10352437
22939,0.08396609
22940,0.44635424
22941,0.08433517
22942,0.076159835
22943,0.07775375
22944,0.06565808
22945,0.04147746
22946,0.041470777
22947,0.064397186
22948,0.06437337
22949,0.070871666
22950,0.07093589
22951,0.079058714
22952,0.079458565
22953,0.042695984
22954,0.04220123
22955,0.043335177
22956,0.0864134
22957,0.08382766
22958,0.092065625
22959,0.0919927
22960,0.26291293
22961,0.08587569
22962,0.08901875
22963,0.111779995
22964,0.1388334
22965,0.48794168
22966,0.101278156
22967,0.058722675
22968,0.08404588
22969,0.7737642
22970,0.07793683
22971,0.07903959
22972,0.5227679
22973,0.08059166
22974,0.04254809
22975,0.04320708
22976,0.037791807
22977,0.04099571
22978,0.054736596
22979,0.25729084
22980,0.24921155
22981,0.09158329
22982,0.09141479
22983,0.08545758
22984,0.08541102
22985,0.08901875
22986,0.11311501
22987,0.1388334
22988,0.47619838
22989,0.09376853
22990,0.058722675
22991,0.060056236
22992,0.060231883
22993,0.085140295
22994,0.82796705
22995,0.07908634
22996,0.079058714
22997,0.5221708
22998,0.04302083
22999,0.04302083
23000,0.27012986
23001,0.03726204
23002,0.037345156
23003,0.054459304
23004,0.053589806
23005,0.07931785
23006,0.07931785
23007,0.092065625
23008,0.4429356
23009,0.25710326
23010,0.085483946
23011,0.26396257
23012,0.11220293
23013,0.11977708
23014,0.51441264
23015,0.42640933
23016,0.11598888
23017,0.11638873
23018,0.28618494
23019,0.813858
23020,0.29115364
23021,0.29163164
23022,0.08113892
23023,0.26338395
23024,0.058725405
23025,0.05875859
23026,0.03940041
23027,0.062023517
23028,0.074290305
23029,0.089270696
23030,0.08968881
23031,0.08541102
23032,0.08773511
23033,0.112156175
23034,0.05283212
23035,0.12014964
23036,0.27683422
23037,0.43708465
23038,0.041524217
23039,0.058722675
23040,0.27995622
23041,0.054443818
23042,0.09369004
23043,0.75340503
23044,0.8352267
23045,0.56063974
23046,0.08111129
23047,0.08111129
23048,0.058464777
23049,0.42111698
23050,0.039387785
23051,0.03989371
23052,0.036850765
23053,0.037119716
23054,0.06134055
23055,0.05403306
23056,0.05403306
23057,0.062836945
23058,0.06428931
23059,0.5106382
23060,0.08744157
23061,0.10555619
23062,0.25781092
23063,0.105402835
23064,0.08727427
23065,0.08111129
23066,0.5558495
23067,0.2635107
23068,0.09689745
23069,0.096411
23070,0.08329719
23071,0.08352436
23072,0.8812046
23073,0.6829439
23074,0.83717585
23075,0.05776021
23076,0.07171653
23077,0.06925229
23078,0.44211605
23079,0.08207342
23080,0.25903037
23081,0.057689898
23082,0.057689898
23083,0.052739833
23084,0.054106
23085,0.054106
23086,0.06434068
23087,0.06427646
23088,0.50873005
23089,0.52913606
23090,0.25644043
23091,0.10605561
23092,0.10605561
23093,0.087248094
23094,0.08691904
23095,0.086899914
23096,0.26183563
23097,0.09604323
23098,0.09655903
23099,0.08352436
23100,0.09069213
23101,0.053580873
23102,0.87971133
23103,0.82377905
23104,0.8482377
23105,0.05707678
23106,0.05776021
23107,0.26455653
23108,0.43643707
23109,0.08009031
23110,0.034093384
23111,0.06434068
23112,0.05678444
23113,0.82036173
23114,0.83190364
23115,0.10576957
23116,0.105617605
23117,0.09901358
23118,0.13022044
23119,0.089377105
23120,0.5676909
23121,0.2637878
23122,0.06860082
23123,0.08329719
23124,0.08352436
23125,0.09074383
23126,0.07601796
23127,0.0825597
23128,0.2789404
23129,0.27310112
23130,0.12577984
23131,0.057582702
23132,0.072626434
23133,0.069124505
23134,0.060992938
23135,0.08379996
23136,0.08116964
23137,0.05698784
23138,0.053739246
23139,0.053739246
23140,0.034524225
23141,0.056997836
23142,0.05651549
23143,0.79984
23144,0.62583625
23145,0.25918284
23146,0.2610887
23147,0.1301253
23148,0.12981391
23149,0.089377105
23150,0.55583566
23151,0.069247425
23152,0.083591
23153,0.08352436
23154,0.09045244
23155,0.075414255
23156,0.08182039
23157,0.28179651
23158,0.27669516
23159,0.1257601
23160,0.9478229
23161,0.07201034
23162,0.06796287
23163,0.060487013
23164,0.26308915
23165,0.0658932
23166,0.057503648
23167,0.2747049
23168,0.034499135
23169,0.034857165
23170,0.08159609
23171,0.08514624
23172,0.105402835
23173,0.5211447
23174,0.14012744
23175,0.5420274
23176,0.26914552
23177,0.12655321
23178,0.11269192
23179,0.29471737
23180,0.07529592
23181,0.07603709
23182,0.07455268
23183,0.075561166
23184,0.5437091
23185,0.26987925
23186,0.051252898
23187,0.53248537
23188,0.2711889
23189,0.061787445
23190,0.0653774
23191,0.07108021
23192,0.060906794
23193,0.063257776
23194,0.046035882
23195,0.033436105
23196,0.034930106
23197,0.08116526
23198,0.08477951
23199,0.10576957
23200,0.10605561
23201,0.57720506
23202,0.7050851
23203,0.5969266
23204,0.60939914
23205,0.5329342
23206,0.1045873
23207,0.07493876
23208,0.07603709
23209,0.0746169
23210,0.26526892
23211,0.27083334
23212,0.106785774
23213,0.051370364
23214,0.06801259
23215,0.06418503
23216,0.06217503
23217,0.0658932
23218,0.07164374
23219,0.06162502
23220,0.045677856
23221,0.04260401
23222,0.039480515
23223,0.030046253
23224,0.029563902
23225,0.084715284
23226,0.08514624
23227,0.10576957
23228,0.25709707
23229,0.2587528
23230,0.59596515
23231,0.67199403
23232,0.6538591
23233,0.28813246
23234,0.28265786
23235,0.075056225
23236,0.075017735
23237,0.10699231
23238,0.05184168
23239,0.06396507
23240,0.8615866
23241,0.06229337
23242,0.05783899
23243,0.07478986
23244,0.06174254
23245,0.06397598
23246,0.08047746
23247,0.04241776
23248,0.06496866
23249,0.058755178
23250,0.029999496
23251,0.029615283
23252,0.08514624
23253,0.08465006
23254,0.10533874
23255,0.53104466
23256,0.68561536
23257,0.26849174
23258,0.65834266
23259,0.22681443
23260,0.5117637
23261,0.2808492
23262,0.07603709
23263,0.07479237
23264,0.085618086
23265,0.05184168
23266,0.051664174
23267,0.06428403
23268,0.062470872
23269,0.44175965
23270,0.2951574
23271,0.2566451
23272,0.060569063
23273,0.063425966
23274,0.08101394
23275,0.065521404
23276,0.25871962
23277,0.061548747
23278,0.0296795
23279,0.06470741
23280,0.062085386
23281,0.06203865
23282,0.10446581
23283,0.7818608
23284,0.6404212
23285,0.63929296
23286,0.24572429
23287,0.26507154
23288,0.08568231
23289,0.27635995
23290,0.040336467
23291,0.040431116
23292,0.05766149
23293,0.052274417
23294,0.07231942
23295,0.07976244
23296,0.08488545
23297,0.042960834
23298,0.062390897
23299,0.05137075
23300,0.05260958
23301,0.057930898
23302,0.4534264
23303,0.07081085
23304,0.10446581
23305,0.2513597
23306,0.06265729
23307,0.26825145
23308,0.08845256
23309,0.08671641
23310,0.089731194
23311,0.04063789
23312,0.054541446
23313,0.05267058
23314,0.05248433
23315,0.05356089
23316,0.07231942
23317,0.08020103
23318,0.041364066
23319,0.050750718
23320,0.049753636
23321,0.05268408
23322,0.05279126
23323,0.07278844
23324,0.0633263
23325,0.09605812
23326,0.050499067
23327,0.06292086
23328,0.06292086
23329,0.07551294
23330,0.07551294
23331,0.27945644
23332,0.5655773
23333,0.092451826
23334,0.053445626
23335,0.05117502
23336,0.07976244
23337,0.08513149
23338,0.040735483
23339,0.050761
23340,0.05057679
23341,0.052673798
23342,0.031529035
23343,0.04271475
23344,0.041229516
23345,0.0633263
23346,0.095892504
23347,0.47089496
23348,0.066076696
23349,0.06292086
23350,0.074853
23351,0.039732438
23352,0.09316704
23353,0.56902057
23354,0.09357778
23355,0.2669096
23356,0.05326505
23357,0.05105756
23358,0.051172823
23359,0.078883
23360,0.08564729
23361,0.04379465
23362,0.050750718
23363,0.051161993
23364,0.26703525
23365,0.034642007
23366,0.038426038
23367,0.0385435
23368,0.050499067
23369,0.07984092
23370,0.05973281
23371,0.039732438
23372,0.039732438
23373,0.049132258
23374,0.055587538
23375,0.5021766
23376,0.06744869
23377,0.051440198
23378,0.05096291
23379,0.071419224
23380,0.07135636
23381,0.27305943
23382,0.06519449
23383,0.065354764
23384,0.06333848
23385,0.06352944
23386,0.042195346
23387,0.034524545
23388,0.038054463
23389,0.07668828
23390,0.4346346
23391,0.26184916
23392,0.050235484
23393,0.064524114
23394,0.060045555
23395,0.039059646
23396,0.039123863
23397,0.51696324
23398,0.5851236
23399,0.26972663
23400,0.06746486
23401,0.051030036
23402,0.051440198
23403,0.050563417
23404,0.051626448
23405,0.072137445
23406,0.07153109
23407,0.8912897
23408,0.06547223
23409,0.06547223
23410,0.06341197
23411,0.0634762
23412,0.042195346
23413,0.038054463
23414,0.07514821
23415,0.41406047
23416,0.037589997
23417,0.07910972
23418,0.05389456
23419,0.046714302
23420,0.06760637
23421,0.03305573
23422,0.055395912
23423,0.043204635
23424,0.043358035
23425,0.040431116
23426,0.051440198
23427,0.05092439
23428,0.053580873
23429,0.07217158
23430,0.072357826
23431,0.072207555
23432,0.06576604
23433,0.06359366
23434,0.063854285
23435,0.06519396
23436,0.03765862
23437,0.07133563
23438,0.8803008
23439,0.078112185
23440,0.05205924
23441,0.05198585
23442,0.0476117
23443,0.059947588
23444,0.06760637
23445,0.03280165
23446,0.03315968
23447,0.049132258
23448,0.04305661
23449,0.053065065
23450,0.07217158
23451,0.07239719
23452,0.063529566
23453,0.06519396
23454,0.06462962
23455,0.038054463
23456,0.08524965
23457,0.86793655
23458,0.05198585
23459,0.048313756
23460,0.03236648
23461,0.0362739
23462,0.042088713
23463,0.047116436
23464,0.02429356
23465,0.025170736
23466,0.061093926
23467,0.06286801
23468,0.0683353
23469,0.06941752
23470,0.04125805
23471,0.042192232
23472,0.035256036
23473,0.035468146
23474,0.24645442
23475,0.07599981
23476,0.28793895
23477,0.033428475
23478,0.034008987
23479,0.026102718
23480,0.036555905
23481,0.03276968
23482,0.023493048
23483,0.023200706
23484,0.022424785
23485,0.022967616
23486,0.032774735
23487,0.024131142
23488,0.06279461
23489,0.061911855
23490,0.06884123
23491,0.06941752
23492,0.036958385
23493,0.24713331
23494,0.05367279
23495,0.029497715
23496,0.032384656
23497,0.026600111
23498,0.03734681
23499,0.03299934
23500,0.035988785
23501,0.023200706
23502,0.04831396
23503,0.022251807
23504,0.023635326
23505,0.061911855
23506,0.061396047
23507,0.041615948
23508,0.04237848
23509,0.036958385
23510,0.06418852
23511,0.053350538
23512,0.026987515
23513,0.0362739
23514,0.034020066
23515,0.046677142
23516,0.035759125
23517,0.022977239
23518,0.023635326
23519,0.060397405
23520,0.061911855
23521,0.036958385
23522,0.35640025
23523,0.07480953
23524,0.053394567
23525,0.029770881
23526,0.031444047
23527,0.026262015
23528,0.03652286
23529,0.026615465
23530,0.046704862
23531,0.06279461
23532,0.08159921
23533,0.068828285
23534,0.034106586
23535,0.038507797
23536,0.038507797
23537,0.026918057
23538,0.035988785
23539,0.026975341
23540,0.048809778
23541,0.022967616
23542,0.022643743
23543,0.06260837
23544,0.08159921
23545,0.26869816
23546,0.101398446
23547,0.024744453
23548,0.021247525
23549,0.026329616
23550,0.028444672
23551,0.029348813
23552,0.02252076
23553,0.023635326
23554,0.022369271
23555,0.06209257
23556,0.06279461
23557,0.06260837
23558,0.06279461
23559,0.059222728
23560,0.08185885
23561,0.06890172
23562,0.035026614
23563,0.101412825
23564,0.02084633
23565,0.035733737
23566,0.03564194
23567,0.048584517
23568,0.071610495
23569,0.05286319
23570,0.035719413
23571,0.04625645
23572,0.07167472
23573,0.07199689
23574,0.053343825
23575,0.05445318
23576,0.06548667
23577,0.06563175
23578,0.08831527
23579,0.27350274
23580,0.27759176
23581,0.05943875
23582,0.06791667
23583,0.0774867
23584,0.5988166
23585,0.08563871
23586,0.06505947
23587,0.06671626
23588,0.05693347
23589,0.037532125
23590,0.040896602
23591,0.08863723
23592,0.07359722
23593,0.56638443
23594,0.10314996
23595,0.06201293
23596,0.05943875
23597,0.05887772
23598,0.057664063
23599,0.038236104
23600,0.040504694
23601,0.039290942
23602,0.08913687
23603,0.2888411
23604,0.48894528
23605,0.42821375
23606,0.059625376
23607,0.058708157
23608,0.2754734
23609,0.038249876
23610,0.04017885
23611,0.0404478
23612,0.04679536
23613,0.061746225
23614,0.08332645
23615,0.42345858
23616,0.09806109
23617,0.09806109
23618,0.5009978
23619,0.077143334
23620,0.4747627
23621,0.05353577
23622,0.053475242
23623,0.26698476
23624,0.05863656
23625,0.05227205
23626,0.051471815
23627,0.06453497
23628,0.06991176
23629,0.09806109
23630,0.09771088
23631,0.046456676
23632,0.07763501
23633,0.07771602
23634,0.054443818
23635,0.05330533
23636,0.04572602
23637,0.05720483
23638,0.052093163
23639,0.052093163
23640,0.04395575
23641,0.060940944
23642,0.06364442
23643,0.07602601
23644,0.07574872
23645,0.07182602
23646,0.07336974
23647,0.28403568
23648,0.07721956
23649,0.07761069
23650,0.053517442
23651,0.04475925
23652,0.4148639
23653,0.072286785
23654,0.07878272
23655,0.29153645
23656,0.45672348
23657,0.05204085
23658,0.0513725
23659,0.05404397
23660,0.053453356
23661,0.04530852
23662,0.04154467
23663,0.058688104
23664,0.07790449
23665,0.07821652
23666,0.28801668
23667,0.05204085
23668,0.49692944
23669,0.04607121
23670,0.04276788
23671,0.056397013
23672,0.4131931
23673,0.066814214
23674,0.051729232
23675,0.05693015
23676,0.059708636
23677,0.07790449
23678,0.4830784
23679,0.053029343
23680,0.051433027
23681,0.044359405
23682,0.07198385
23683,0.0721841
23684,0.05927884
23685,0.04276788
23686,0.060985472
23687,0.05574808
23688,0.056336485
23689,0.06578385
23690,0.065858096
23691,0.05156
23692,0.04154467
23693,0.04943903
23694,0.043296874
23695,0.02515139
23696,0.029062489
23697,0.030829329
23698,0.061746225
23699,0.07190789
23700,0.07099804
23701,0.28387743
23702,0.0716827
23703,0.09840048
23704,0.05826519
23705,0.055715445
23706,0.036776613
23707,0.03549828
23708,0.051832873
23709,0.051433027
23710,0.051433027
23711,0.051433027
23712,0.071970075
23713,0.5652559
23714,0.059325594
23715,0.05927884
23716,0.061137594
23717,0.06104969
23718,0.056336485
23719,0.066760175
23720,0.04128404
23721,0.04154467
23722,0.26057985
23723,0.029985225
23724,0.02932607
23725,0.030829329
23726,0.061746225
23727,0.28109804
23728,0.09438229
23729,0.27512076
23730,0.26713288
23731,0.5768342
23732,0.05807576
23733,0.057812177
23734,0.03549828
23735,0.06752117
23736,0.051060464
23737,0.0742676
23738,0.07198385
23739,0.5697013
23740,0.056766618
23741,0.06168485
23742,0.056397013
23743,0.051266186
23744,0.041166577
23745,0.04154467
23746,0.04975059
23747,0.043177698
23748,0.042613357
23749,0.029333744
23750,0.031895168
23751,0.03909936
23752,0.06149621
23753,0.07539821
23754,0.07990271
23755,0.10957251
23756,0.4481204
23757,0.502195
23758,0.08403902
23759,0.061313905
23760,0.07504957
23761,0.07498904
23762,0.07816738
23763,0.043597322
23764,0.0436487
23765,0.0436487
23766,0.06360188
23767,0.063614726
23768,0.06360188
23769,0.06360188
23770,0.07759987
23771,0.061300542
23772,0.07143128
23773,0.06064993
23774,0.047490273
23775,0.047681235
23776,0.050157852
23777,0.05036027
23778,0.029056452
23779,0.039052606
23780,0.03975852
23781,0.07659162
23782,0.073726274
23783,0.07875208
23784,0.11421658
23785,0.27280366
23786,0.27340773
23787,0.083620906
23788,0.06146308
23789,0.075035796
23790,0.076159835
23791,0.06732083
23792,0.04343659
23793,0.06360201
23794,0.0635505
23795,0.06398373
23796,0.063969955
23797,0.060893767
23798,0.060893767
23799,0.06107962
23800,0.061155852
23801,0.04299145
23802,0.048039265
23803,0.043054014
23804,0.050157852
23805,0.04006294
23806,0.03953568
23807,0.031895168
23808,0.03723425
23809,0.03663016
23810,0.075314395
23811,0.07719733
23812,0.10987774
23813,0.29374197
23814,0.10903752
23815,0.08403902
23816,0.06139014
23817,0.08433517
23818,0.07544209
23819,0.07775375
23820,0.06661687
23821,0.0436487
23822,0.06295231
23823,0.064397186
23824,0.060921397
23825,0.071850255
23826,0.061325185
23827,0.07892921
23828,0.046623774
23829,0.046623774
23830,0.04320708
23831,0.031895168
23832,0.037017424
23833,0.27022722
23834,0.07559168
23835,0.07874851
23836,0.110749945
23837,0.58201647
23838,0.1032608
23839,0.083992265
23840,0.44634792
23841,0.08498601
23842,0.07544209
23843,0.28549847
23844,0.06733461
23845,0.041811027
23846,0.041811027
23847,0.064397186
23848,0.06295231
23849,0.07147803
23850,0.07093589
23851,0.07793683
23852,0.079058714
23853,0.042695984
23854,0.034835476
23855,0.042252604
23856,0.042188387
23857,0.08583549
23858,0.083557725
23859,0.09169889
23860,0.09164751
23861,0.26181722
23862,0.08545758
23863,0.08901875
23864,0.113481745
23865,0.13770616
23866,0.5005454
23867,0.10061179
23868,0.057467163
23869,0.058722675
23870,0.059995707
23871,0.060032405
23872,0.084992275
23873,0.7759541
23874,0.079275765
23875,0.079058714
23876,0.52378863
23877,0.080084056
23878,0.042695984
23879,0.043057885
23880,0.053654023
23881,0.2593725
23882,0.25205448
23883,0.0919927
23884,0.08815183
23885,0.085393354
23886,0.08500161
23887,0.25856927
23888,0.11299941
23889,0.1396754
23890,0.47586718
23891,0.093102165
23892,0.058722675
23893,0.058722675
23894,0.06002036
23895,0.059687216
23896,0.08304759
23897,0.82607067
23898,0.079058714
23899,0.52458334
23900,0.04302083
23901,0.043223247
23902,0.26632902
23903,0.036380727
23904,0.05380738
23905,0.05426376
23906,0.07202872
23907,0.07931785
23908,0.09201887
23909,0.42470065
23910,0.2607598
23911,0.085483946
23912,0.26374257
23913,0.112053774
23914,0.12014964
23915,0.51006734
23916,0.5133529
23917,0.28446308
23918,0.27395633
23919,0.08784646
23920,0.8159985
23921,0.29832426
23922,0.560779
23923,0.07908634
23924,0.08111129
23925,0.08111129
23926,0.058725405
23927,0.058725405
23928,0.039482433
23929,0.062720925
23930,0.07931785
23931,0.089425236
23932,0.089642055
23933,0.085483946
23934,0.08773511
23935,0.11091929
23936,0.05283212
23937,0.12014964
23938,0.2824123
23939,0.4368033
23940,0.041176964
23941,0.0569078
23942,0.28584763
23943,0.053453356
23944,0.08467955
23945,0.7622429
23946,0.8350686
23947,0.5946861
23948,0.08111129
23949,0.058725405
23950,0.42254508
23951,0.03940041
23952,0.03940041
23953,0.03726204
23954,0.059948456
23955,0.054106
23956,0.05403306
23957,0.062836945
23958,0.06470741
23959,0.51018894
23960,0.08749295
23961,0.10576957
23962,0.10533861
23963,0.105722815
23964,0.09901358
23965,0.08111129
23966,0.5544331
23967,0.53702664
23968,0.09655903
23969,0.09655903
23970,0.083448686
23971,0.08338446
23972,0.9027659
23973,0.68783027
23974,0.85838735
23975,0.057171427
23976,0.26867902
23977,0.068766475
23978,0.4488575
23979,0.08207342
23980,0.26194593
23981,0.057503648
23982,0.06076374
23983,0.052401148
23984,0.053739246
23985,0.054106
23986,0.06470741
23987,0.06470741
23988,0.514341
23989,0.5189798
23990,0.54821473
23991,0.105617605
23992,0.10576957
23993,0.09894936
23994,0.086899914
23995,0.08691904
23996,0.06824593
23997,0.09640798
23998,0.096616805
23999,0.08233496
24000,0.09074383
24001,0.053580873
24002,0.8833292
24003,0.86011565
24004,0.85316384
24005,0.057582702
24006,0.057171427
24007,0.26668292
24008,0.43980402
24009,0.08065384
24010,0.041797023
24011,0.054106
24012,0.034041878
24013,0.06434068
24014,0.05663108
24015,0.824345
24016,0.82652926
24017,0.105402835
24018,0.10576957
24019,0.09836081
24020,0.1305605
24021,0.08825522
24022,0.56380826
24023,0.2636443
24024,0.069247425
24025,0.083505236
24026,0.083448686
24027,0.089064956
24028,0.07520772
24029,0.08249547
24030,0.28420308
24031,0.5574719
24032,0.2719203
24033,0.057288893
24034,0.06900617
24035,0.06687439
24036,0.062709056
24037,0.08116964
24038,0.0807988
24039,0.061121773
24040,0.054106
24041,0.03415747
24042,0.056997836
24043,0.056997836
24044,0.82507515
24045,0.62852967
24046,0.25647876
24047,0.26219556
24048,0.13020155
24049,0.12990773
24050,0.2723469
24051,0.56312513
24052,0.0692198
24053,0.06831003
24054,0.08317973
24055,0.08329719
24056,0.09072471
24057,0.075056225
24058,0.29255155
24059,0.7370255
24060,0.27599594
24061,0.12629564
24062,0.95549166
24063,0.07215577
24064,0.068215005
24065,0.2795136
24066,0.25858343
24067,0.06540489
24068,0.057503648
24069,0.49874753
24070,0.03444776
24071,0.034857165
24072,0.081165135
24073,0.085073315
24074,0.105402835
24075,0.5248337
24076,0.2601255
24077,0.5462942
24078,0.2733643
24079,0.12617627
24080,0.11313376
24081,0.29513535
24082,0.07552128
24083,0.07603709
24084,0.07491071
24085,0.07365467
24086,0.55357885
24087,0.2689641
24088,0.05132587
24089,0.53739184
24090,0.27235362
24091,0.062470872
24092,0.06852352
24093,0.07215954
24094,0.0614226
24095,0.04241776
24096,0.034930106
24097,0.08159609
24098,0.08514624
24099,0.105617605
24100,0.10576957
24101,0.55328083
24102,0.6840532
24103,0.6009099
24104,0.60309416
24105,0.53413826
24106,0.10468195
24107,0.07529592
24108,0.075561166
24109,0.0746169
24110,0.12629564
24111,0.10648639
24112,0.05118868
24113,0.06801259
24114,0.06466712
24115,0.061999556
24116,0.061882094
24117,0.0658932
24118,0.07236196
24119,0.06008918
24120,0.06404028
24121,0.04212192
24122,0.043034717
24123,0.0296795
24124,0.029628124
24125,0.08514624
24126,0.08514624
24127,0.10576957
24128,0.25807676
24129,0.14453219
24130,0.59367883
24131,0.67061156
24132,0.662804
24133,0.28553155
24134,0.28238338
24135,0.07553354
24136,0.10737223
24137,0.051306147
24138,0.052044097
24139,0.86826855
24140,0.06400419
24141,0.057454947
24142,0.07194019
24143,0.06160885
24144,0.06377358
24145,0.08130978
24146,0.043034717
24147,0.07054849
24148,0.05860369
24149,0.03447747
24150,0.030046253
24151,0.029973315
24152,0.085073315
24153,0.08514624
24154,0.105722815
24155,0.5313239
24156,0.6905012
24157,0.26890802
24158,0.65256095
24159,0.60471576
24160,0.5236395
24161,0.28075433
24162,0.07603709
24163,0.08671641
24164,0.05184168
24165,0.05202793
24166,0.059008867
24167,0.06400956
24168,0.06265712
24169,0.44124883
24170,0.28804365
24171,0.45931244
24172,0.061689295
24173,0.06292004
24174,0.081748374
24175,0.06960625
24176,0.26040146
24177,0.06462338
24178,0.062085386
24179,0.10420224
24180,0.8218187
24181,0.6271288
24182,0.62296927
24183,0.2398031
24184,0.26753494
24185,0.08671641
24186,0.090025
24187,0.040122084
24188,0.056628384
24189,0.07231942
24190,0.079948686
24191,0.08583354
24192,0.043383375
24193,0.06854782
24194,0.050166335
24195,0.053003624
24196,0.05279126
24197,0.2586884
24198,0.07133563
24199,0.029615415
24200,0.104088865
24201,0.2500803
24202,0.06292086
24203,0.27261668
24204,0.08890776
24205,0.08620061
24206,0.09064783
24207,0.04063789
24208,0.054541446
24209,0.05248433
24210,0.051151626
24211,0.053763308
24212,0.07272336
24213,0.079948686
24214,0.04801222
24215,0.049753636
24216,0.05137075
24217,0.25839657
24218,0.07133563
24219,0.0633263
24220,0.09584335
24221,0.050499067
24222,0.06292086
24223,0.07551294
24224,0.07512196
24225,0.5540387
24226,0.5725055
24227,0.09251605
24228,0.05393774
24229,0.05248433
24230,0.051151626
24231,0.0538569
24232,0.078883
24233,0.08564729
24234,0.039256196
24235,0.050803963
24236,0.04896117
24237,0.053085074
24238,0.031529035
24239,0.041745324
24240,0.038426038
24241,0.041229516
24242,0.06327955
24243,0.09574955
24244,0.465326
24245,0.06292086
24246,0.06319669
24247,0.07551294
24248,0.039732438
24249,0.09574084
24250,0.58264846
24251,0.092633516
24252,0.04063789
24253,0.05433903
24254,0.2655979
24255,0.05248433
24256,0.053763308
24257,0.051172823
24258,0.051359072
24259,0.27806267
24260,0.08522401
24261,0.05411377
24262,0.051161993
24263,0.2656758
24264,0.03755828
24265,0.041745324
24266,0.050499067
24267,0.0704929
24268,0.060045555
24269,0.03968568
24270,0.039776642
24271,0.0544786
24272,0.056551605
24273,0.50715125
24274,0.066233136
24275,0.051642615
24276,0.05105756
24277,0.07123728
24278,0.07147383
24279,0.27331766
24280,0.06547223
24281,0.25769356
24282,0.06333848
24283,0.063558444
24284,0.042195346
24285,0.040033624
24286,0.07465688
24287,0.26433244
24288,0.06705618
24289,0.0508391
24290,0.0684056
24291,0.060045555
24292,0.039732438
24293,0.49852914
24294,0.5430768
24295,0.27134418
24296,0.066233136
24297,0.04326872
24298,0.051626448
24299,0.05103891
24300,0.051440198
24301,0.05092439
24302,0.07153109
24303,0.07193503
24304,0.9098645
24305,0.072357826
24306,0.06576604
24307,0.065354764
24308,0.0634762
24309,0.06341197
24310,0.03864334
24311,0.03528968
24312,0.07660102
24313,0.28337058
24314,0.043881927
24315,0.2636838
24316,0.05205924
24317,0.048387147
24318,0.06760637
24319,0.032016523
24320,0.051862482
24321,0.043204635
24322,0.043358035
24323,0.04063789
24324,0.05103891
24325,0.051642615
24326,0.05276831
24327,0.07135636
24328,0.07135636
24329,0.07290961
24330,0.06352944
24331,0.06341197
24332,0.06462962
24333,0.038054463
24334,0.08524965
24335,0.87233377
24336,0.07923706
24337,0.05389456
24338,0.05198585
24339,0.04819062
24340,0.0632014
24341,0.067508414
24342,0.03323745
24343,0.051862482
24344,0.043087043
24345,0.05276831
24346,0.07135636
24347,0.27363274
24348,0.06333848
24349,0.063854285
24350,0.2572594
24351,0.06462962
24352,0.07351125
24353,0.88739496
24354,0.077088416
24355,0.053378753
24356,0.05205924
24357,0.048313756
24358,0.049132258
24359,0.031863976
24360,0.039468218
24361,0.04320838
24362,0.048073158
24363,0.023119517
24364,0.06286801
24365,0.062479224
24366,0.06967716
24367,0.06967716
24368,0.041603003
24369,0.036958385
24370,0.03581323
24371,0.24742514
24372,0.075072795
24373,0.26993924
24374,0.0301864
24375,0.031799015
24376,0.026853839
24377,0.0362739
24378,0.034119006
24379,0.042088713
24380,0.02209605
24381,0.023493048
24382,0.023128983
24383,0.023635326
24384,0.023635326
24385,0.025170736
24386,0.06260837
24387,0.061911855
24388,0.06941752
24389,0.06941752
24390,0.04237848
24391,0.06392888
24392,0.075072795
24393,0.29026517
24394,0.030639116
24395,0.026648957
24396,0.0362739
24397,0.03683203
24398,0.04850021
24399,0.023246447
24400,0.022993723
24401,0.0225347
24402,0.023635326
24403,0.06080868
24404,0.062098105
24405,0.042192232
24406,0.04166722
24407,0.03576196
24408,0.06392888
24409,0.05588745
24410,0.053350538
24411,0.030734787
24412,0.026648957
24413,0.026262015
24414,0.0362739
24415,0.03299934
24416,0.043429337
24417,0.037530743
24418,0.023200706
24419,0.023119517
24420,0.023635326
24421,0.023128983
24422,0.061911855
24423,0.060302757
24424,0.04178468
24425,0.036958385
24426,0.06411513
24427,0.46004412
24428,0.07625945
24429,0.05338289
24430,0.03104461
24431,0.026722644
24432,0.037530743
24433,0.026706409
24434,0.04679951
24435,0.061940674
24436,0.08332347
24437,0.068828285
24438,0.03548916
24439,0.039562903
24440,0.035307482
24441,0.03003878
24442,0.02227825
24443,0.026706409
24444,0.04679951
24445,0.023821577
24446,0.022251807
24447,0.06121139
24448,0.08159921
24449,0.06889251
24450,0.101837695
24451,0.10118699
24452,0.02226315
24453,0.026393702
24454,0.028299544
24455,0.028299544
24456,0.023821577
24457,0.022251807
24458,0.061507754
24459,0.06286801
24460,0.059222728
24461,0.28223228
24462,0.06941752
24463,0.038507797
24464,0.101837695
24465,0.018943178
24466,0.03858761
24467,0.036837634
24468,0.03395044
24469,0.06327261
24470,0.06508804
24471,0.052868318
24472,0.07176499
24473,0.06342032
24474,0.08451842
24475,0.052814752
24476,0.27926663
24477,0.05951272
24478,0.038384374
24479,0.27463162
24480,0.077556044
24481,0.2730545
24482,0.084136546
24483,0.06231159
24484,0.058999494
24485,0.059012335
24486,0.05779856
24487,0.05778479
24488,0.038384374
24489,0.04033475
24490,0.06788744
24491,0.077755906
24492,0.55819076
24493,0.29493612
24494,0.05894812
24495,0.059012335
24496,0.05779856
24497,0.0410311
24498,0.047321767
24499,0.04951243
24500,0.039938733
24501,0.07116451
24502,0.40950727
24503,0.39571208
24504,0.42145368
24505,0.06278695
24506,0.06480192
24507,0.059573248
24508,0.05779856
24509,0.056832127
24510,0.038384374
24511,0.04097057
24512,0.0410311
24513,0.04851237
24514,0.061988793
24515,0.08218074
24516,0.42914435
24517,0.09524407
24518,0.43744925
24519,0.5054329
24520,0.076197565
24521,0.07766608
24522,0.46118152
24523,0.054102592
24524,0.05367027
24525,0.26774743
24526,0.05910997
24527,0.052613948
24528,0.052392446
24529,0.06493713
24530,0.07348724
24531,0.09770233
24532,0.09802637
24533,0.046760853
24534,0.07891721
24535,0.07819582
24536,0.079602145
24537,0.05417847
24538,0.053845916
24539,0.046017356
24540,0.059123743
24541,0.05324749
24542,0.052953675
24543,0.043288663
24544,0.061203133
24545,0.06268621
24546,0.07483401
24547,0.07483401
24548,0.072576106
24549,0.06638361
24550,0.28407323
24551,0.079602145
24552,0.05411794
24553,0.054354116
24554,0.044493902
24555,0.06508515
24556,0.07520564
24557,0.4314908
24558,0.070072055
24559,0.07891721
24560,0.07998148
24561,0.078397766
24562,0.053757403
24563,0.054083247
24564,0.06574761
24565,0.072576106
24566,0.05700756
24567,0.07785063
24568,0.2801106
24569,0.051567525
24570,0.46150962
24571,0.046017356
24572,0.07162224
24573,0.056917798
24574,0.26654306
24575,0.068511836
24576,0.05101582
24577,0.072576106
24578,0.05853429
24579,0.057090092
24580,0.078176476
24581,0.07790201
24582,0.48009413
24583,0.051506996
24584,0.0523964
24585,0.051567525
24586,0.043221127
24587,0.07205781
24588,0.06847404
24589,0.05975225
24590,0.06210242
24591,0.056917798
24592,0.056723516
24593,0.066728935
24594,0.06740127
24595,0.051676754
24596,0.042086538
24597,0.049751356
24598,0.0452592
24599,0.02923631
24600,0.029895466
24601,0.028919933
24602,0.07721436
24603,0.07215046
24604,0.43450382
24605,0.072576106
24606,0.09793033
24607,0.05904266
24608,0.05598759
24609,0.03595035
24610,0.036497492
24611,0.0513518
24612,0.05099377
24613,0.050871175
24614,0.051506996
24615,0.27382857
24616,0.51428914
24617,0.059812777
24618,0.059812777
24619,0.06221941
24620,0.06221941
24621,0.056917798
24622,0.06740127
24623,0.051676754
24624,0.041033674
24625,0.04154948
24626,0.26435742
24627,0.027009545
24628,0.02923631
24629,0.029238857
24630,0.06169792
24631,0.26415166
24632,0.08509819
24633,0.4336862
24634,0.60479313
24635,0.5886387
24636,0.058041036
24637,0.05600594
24638,0.036001727
24639,0.0665754
24640,0.051506996
24641,0.07462315
24642,0.06863182
24643,0.5591423
24644,0.059812777
24645,0.059063215
24646,0.061731312
24647,0.056917798
24648,0.056429703
24649,0.051734045
24650,0.041747853
24651,0.041355174
24652,0.049037177
24653,0.04319868
24654,0.04319868
24655,0.03786784
24656,0.029456433
24657,0.036639243
24658,0.0390096
24659,0.058041036
24660,0.073843166
24661,0.07766347
24662,0.10715654
24663,0.45808783
24664,0.50066906
24665,0.08419372
24666,0.061428357
24667,0.07558391
24668,0.074264504
24669,0.077276886
24670,0.044417266
24671,0.04388866
24672,0.06408807
24673,0.06477065
24674,0.06424496
24675,0.06429634
24676,0.07897514
24677,0.060670577
24678,0.070977315
24679,0.061500553
24680,0.048360754
24681,0.043464236
24682,0.050361037
24683,0.05030779
24684,0.029243983
24685,0.04192572
24686,0.042846207
24687,0.07388329
24688,0.073843166
24689,0.07733688
24690,0.10716371
24691,0.5079346
24692,0.27499822
24693,0.25883353
24694,0.06091999
24695,0.074217625
24696,0.07537477
24697,0.06689535
24698,0.04388866
24699,0.063839436
24700,0.06478442
24701,0.064443976
24702,0.064504504
24703,0.061075635
24704,0.06147548
24705,0.06231113
24706,0.061332442
24707,0.04319868
24708,0.046628587
24709,0.050162666
24710,0.040919084
24711,0.035980087
24712,0.039228458
24713,0.037120096
24714,0.0759309
24715,0.078988306
24716,0.10775589
24717,0.2962587
24718,0.10945922
24719,0.08349594
24720,0.061428357
24721,0.25997922
24722,0.0762338
24723,0.07790202
24724,0.067868955
24725,0.044417266
24726,0.0414683
24727,0.06485743
24728,0.2732272
24729,0.060670577
24730,0.071632266
24731,0.06189323
24732,0.08004466
24733,0.04815602
24734,0.046628587
24735,0.04144146
24736,0.038950436
24737,0.28107223
24738,0.078941554
24739,0.0803772
24740,0.11541206
24741,0.57453996
24742,0.10954279
24743,0.08381952
24744,0.45658958
24745,0.08506032
24746,0.2666319
24747,0.27388984
24748,0.06745533
24749,0.04168587
24750,0.06491796
24751,0.06490418
24752,0.0715724
24753,0.071227215
24754,0.08004466
24755,0.08004466
24756,0.04643428
24757,0.043025643
24758,0.042896975
24759,0.04039292
24760,0.08505077
24761,0.08299336
24762,0.092030905
24763,0.091522545
24764,0.25946286
24765,0.08595
24766,0.08873503
24767,0.110894985
24768,0.13876213
24769,0.50086826
24770,0.1018125
24771,0.057102375
24772,0.058857173
24773,0.06072734
24774,0.05884727
24775,0.08609788
24776,0.77901214
24777,0.08004466
24778,0.08004466
24779,0.53998303
24780,0.0809983
24781,0.043025643
24782,0.037496258
24783,0.04221394
24784,0.054298393
24785,0.25731298
24786,0.46661535
24787,0.09198415
24788,0.2783802
24789,0.08580955
24790,0.25978476
24791,0.25806123
24792,0.110894985
24793,0.13906051
24794,0.48484293
24795,0.09390302
24796,0.05925702
24797,0.06114096
24798,0.059706535
24799,0.2797974
24800,0.8383075
24801,0.07912875
24802,0.08004466
24803,0.5312731
24804,0.042509835
24805,0.04259448
24806,0.058875345
24807,0.037029557
24808,0.054995794
24809,0.0540211
24810,0.07256392
24811,0.07681698
24812,0.092030905
24813,0.46227697
24814,0.46107832
24815,0.085449226
24816,0.2634044
24817,0.10961617
24818,0.27338576
24819,0.51481104
24820,0.2830931
24821,0.0414683
24822,0.27924535
24823,0.27503288
24824,0.079371504
24825,0.8365212
24826,0.29770318
24827,0.29035982
24828,0.07953816
24829,0.08017037
24830,0.26216704
24831,0.058932636
24832,0.058932636
24833,0.04037806
24834,0.037496258
24835,0.061381996
24836,0.07928313
24837,0.08935371
24838,0.08574029
24839,0.2609564
24840,0.08827036
24841,0.1089025
24842,0.052797396
24843,0.11875509
24844,0.5112295
24845,0.28453857
24846,0.042345375
24847,0.060176324
24848,0.2783734
24849,0.054102592
24850,0.0815907
24851,0.78105295
24852,0.857223
24853,0.5608077
24854,0.08046418
24855,0.042509835
24856,0.058992807
24857,0.4221497
24858,0.041188035
24859,0.037770726
24860,0.05383511
24861,0.054071277
24862,0.064165995
24863,0.06391237
24864,0.5064774
24865,0.08742923
24866,0.09766668
24867,0.09802471
24868,0.09543332
24869,0.07991913
24870,0.08046418
24871,0.5624567
24872,0.5377477
24873,0.09672462
24874,0.09672462
24875,0.083866045
24876,0.08368994
24877,0.9163902
24878,0.7274469
24879,0.87252337
24880,0.2659951
24881,0.069564916
24882,0.06214577
24883,0.44467592
24884,0.08306488
24885,0.26066557
24886,0.058535166
24887,0.057234365
24888,0.052797396
24889,0.054071277
24890,0.054071277
24891,0.06396375
24892,0.06421275
24893,0.52027416
24894,0.516494
24895,0.54242283
24896,0.09770089
24897,0.09770089
24898,0.09435365
24899,0.086778425
24900,0.08597812
24901,0.069097824
24902,0.06871817
24903,0.09672462
24904,0.09620882
24905,0.08339055
24906,0.09177179
24907,0.054479733
24908,0.87875724
24909,0.84327817
24910,0.8290482
24911,0.0582977
24912,0.0582977
24913,0.26172146
24914,0.43959168
24915,0.08153178
24916,0.043090787
24917,0.052561227
24918,0.05410406
24919,0.0344895
24920,0.06421275
24921,0.05650316
24922,0.81534284
24923,0.8000903
24924,0.09786893
24925,0.098319456
24926,0.09500643
24927,0.122451484
24928,0.08797928
24929,0.5666864
24930,0.07003579
24931,0.06963594
24932,0.08357224
24933,0.083508015
24934,0.09177179
24935,0.07618354
24936,0.0818611
24937,0.2800418
24938,0.27255204
24939,0.12719448
24940,0.05793585
24941,0.07292774
24942,0.06838022
24943,0.060863137
24944,0.25872016
24945,0.08197485
24946,0.058176674
24947,0.054071277
24948,0.034189116
24949,0.056266993
24950,0.05650316
24951,0.82153577
24952,0.6212087
24953,0.5480431
24954,0.09791568
24955,0.1225355
24956,0.122661725
24957,0.08880728
24958,0.5570517
24959,0.06963594
24960,0.08371757
24961,0.08368994
24962,0.27699414
24963,0.07620267
24964,0.8932641
24965,0.6727505
24966,0.5690917
24967,0.26956752
24968,0.92735547
24969,0.07229926
24970,0.06855007
24971,0.27975827
24972,0.26313013
24973,0.06625534
24974,0.057990424
24975,0.26332268
24976,0.03471059
24977,0.035004403
24978,0.08110141
24979,0.084436774
24980,0.099410795
24981,0.54498994
24982,0.25807235
24983,0.5800871
24984,0.26717654
24985,0.12373493
24986,0.11192434
24987,0.5406321
24988,0.07620267
24989,0.07620267
24990,0.07569912
24991,0.07518575
24992,0.5923555
24993,0.26556885
24994,0.05165365
24995,0.5606471
24996,0.26935324
24997,0.06294034
24998,0.06669841
24999,0.0753465
25000,0.06171201
25001,0.042899188
25002,0.04670989
25003,0.0344895
25004,0.034181714
25005,0.08110141
25006,0.08415791
25007,0.09936404
25008,0.09791568
25009,0.5584383
25010,0.65801054
25011,0.6169807
25012,0.63188136
25013,0.53764725
25014,0.1040786
25015,0.075686865
25016,0.07591617
25017,0.075679995
25018,0.12567642
25019,0.10655061
25020,0.05122758
25021,0.051291797
25022,0.06855007
25023,0.064539045
25024,0.06300837
25025,0.06585757
25026,0.07296475
25027,0.06406298
25028,0.04344928
25029,0.042904537
25030,0.07009302
25031,0.029775362
25032,0.029517865
25033,0.08484099
25034,0.08465157
25035,0.09802471
25036,0.5512762
25037,0.26251647
25038,0.6267558
25039,0.7026594
25040,0.6659294
25041,0.52889013
25042,0.28321037
25043,0.07620267
25044,0.07569912
25045,0.07572675
25046,0.10661993
25047,0.050194386
25048,0.06522077
25049,0.8768947
25050,0.06294034
25051,0.05755774
25052,0.07270337
25053,0.06222782
25054,0.06457879
25055,0.08260862
25056,0.04238873
25057,0.071471885
25058,0.06287766
25059,0.030011533
25060,0.028422471
25061,0.08511957
25062,0.08465157
25063,0.09742202
25064,0.5516402
25065,0.65242785
25066,0.2678317
25067,0.66981375
25068,0.573472
25069,0.53392494
25070,0.2813421
25071,0.075686865
25072,0.07443504
25073,0.051222492
25074,0.050834905
25075,0.065018356
25076,0.06294034
25077,0.46584302
25078,0.29071596
25079,0.44155267
25080,0.06222782
25081,0.06457879
25082,0.08211499
25083,0.072183006
25084,0.2566196
25085,0.2676054
25086,0.06262367
25087,0.062247217
25088,0.10474881
25089,0.8461621
25090,0.65156454
25091,0.6434426
25092,0.49499163
25093,0.27306202
25094,0.08636863
25095,0.2785382
25096,0.041850716
25097,0.057832956
25098,0.053021826
25099,0.05453698
25100,0.054092586
25101,0.07425192
25102,0.0815209
25103,0.08676971
25104,0.04893201
25105,0.2659456
25106,0.051857527
25107,0.05327004
25108,0.05327004
25109,0.4142802
25110,0.072791815
25111,0.030011533
25112,0.10405102
25113,0.255685
25114,0.062683105
25115,0.06281387
25116,0.27101916
25117,0.08880077
25118,0.08633701
25119,0.090312354
25120,0.041850716
25121,0.054722082
25122,0.053208075
25123,0.051798586
25124,0.054092586
25125,0.07464385
25126,0.08130419
25127,0.041205175
25128,0.044083286
25129,0.2640716
25130,0.051758233
25131,0.06956587
25132,0.06805875
25133,0.06275862
25134,0.09624965
25135,0.04959712
25136,0.062374216
25137,0.0622262
25138,0.07492797
25139,0.07497935
25140,0.5622729
25141,0.57461095
25142,0.09315045
25143,0.054946065
25144,0.05523789
25145,0.052590664
25146,0.053021826
25147,0.054092586
25148,0.05171032
25149,0.08081515
25150,0.27310652
25151,0.041717213
25152,0.051346958
25153,0.049371168
25154,0.039628375
25155,0.0422321
25156,0.03913974
25157,0.061796956
25158,0.095526256
25159,0.483413
25160,0.06295757
25161,0.063003294
25162,0.07540595
25163,0.03962545
25164,0.09543977
25165,0.5791555
25166,0.095057175
25167,0.04143944
25168,0.26684788
25169,0.051862802
25170,0.053667225
25171,0.05151311
25172,0.08172332
25173,0.08676971
25174,0.040623922
25175,0.051247776
25176,0.05086115
25177,0.2764829
25178,0.038231306
25179,0.03934999
25180,0.049466338
25181,0.08549632
25182,0.059012827
25183,0.039578695
25184,0.039117083
25185,0.04706159
25186,0.048281103
25187,0.5114378
25188,0.06786947
25189,0.051689204
25190,0.05171032
25191,0.07310856
25192,0.0738176
25193,0.26589012
25194,0.06573197
25195,0.25821504
25196,0.06424061
25197,0.06424061
25198,0.038709007
25199,0.03854124
25200,0.076353595
25201,0.25976223
25202,0.055736303
25203,0.06831839
25204,0.04976015
25205,0.078938976
25206,0.05914361
25207,0.03949265
25208,0.49083287
25209,0.5281579
25210,0.06711876
25211,0.06764779
25212,0.05233906
25213,0.052525308
25214,0.05387237
25215,0.26237327
25216,0.07329481
25217,0.07310856
25218,0.93924373
25219,0.074405886
25220,0.06600171
25221,0.06583917
25222,0.064123146
25223,0.06424061
25224,0.038045056
25225,0.0405204
25226,0.07563498
25227,0.45283574
25228,0.041716293
25229,0.26567248
25230,0.05429625
25231,0.048614282
25232,0.059665605
25233,0.06749938
25234,0.032126363
25235,0.05159518
25236,0.044256896
25237,0.044256896
25238,0.04232879
25239,0.052047234
25240,0.05163596
25241,0.053894095
25242,0.074405886
25243,0.07397472
25244,0.07495767
25245,0.06583917
25246,0.06424061
25247,0.064123146
25248,0.065545194
25249,0.03854124
25250,0.0718224
25251,0.8940653
25252,0.07786634
25253,0.05467019
25254,0.055736303
25255,0.048873924
25256,0.05914361
25257,0.067452624
25258,0.03306649
25259,0.033158418
25260,0.27924216
25261,0.044159584
25262,0.044207737
25263,0.07370014
25264,0.074369386
25265,0.06459419
25266,0.06424061
25267,0.06502939
25268,0.06454695
25269,0.03573443
25270,0.0718224
25271,0.88191664
25272,0.079984784
25273,0.05485644
25274,0.054842766
25275,0.054906983
25276,0.0517769
25277,0.032030225
25278,0.026452493
25279,0.036288284
25280,0.27336803
25281,0.048733614
25282,0.02372522
25283,0.023606291
25284,0.06256734
25285,0.063095145
25286,0.06954198
25287,0.07009054
25288,0.042679008
25289,0.042679008
25290,0.036929354
25291,0.036526933
25292,0.0639432
25293,0.27801293
25294,0.26567936
25295,0.031774875
25296,0.032334108
25297,0.02588989
25298,0.035480637
25299,0.034354348
25300,0.044057693
25301,0.022251789
25302,0.022251789
25303,0.023464013
25304,0.024308352
25305,0.022409186
25306,0.02659585
25307,0.023606291
25308,0.063095145
25309,0.06096442
25310,0.07016393
25311,0.06948874
25312,0.042865258
25313,0.0363582
25314,0.06460191
25315,0.4621664
25316,0.02640537
25317,0.035480637
25318,0.033013724
25319,0.03683542
25320,0.022251789
25321,0.048800737
25322,0.024200717
25323,0.0241221
25324,0.05981897
25325,0.04226346
25326,0.042679008
25327,0.037704803
25328,0.07689755
25329,0.049384292
25330,0.059800934
25331,0.02956904
25332,0.026156146
25333,0.026156146
25334,0.037258174
25335,0.03421641
25336,0.041873436
25337,0.036537245
25338,0.022134325
25339,0.0241221
25340,0.024200717
25341,0.023748158
25342,0.06239863
25343,0.06441566
25344,0.4685292
25345,0.07667283
25346,0.059525255
25347,0.03030252
25348,0.03600317
25349,0.027059905
25350,0.02595706
25351,0.029011074
25352,0.04828493
25353,0.023598028
25354,0.062721215
25355,0.0839838
25356,0.06990429
25357,0.038994573
25358,0.039254215
25359,0.028748292
25360,0.022165824
25361,0.026676608
25362,0.048390392
25363,0.0241221
25364,0.0241221
25365,0.063095145
25366,0.06229213
25367,0.08208598
25368,0.07009054
25369,0.09744424
25370,0.030743962
25371,0.019499956
25372,0.02595706
25373,0.026720794
25374,0.028665883
25375,0.02831393
25376,0.022525009
25377,0.023842683
25378,0.022407545
25379,0.063095145
25380,0.063095145
25381,0.06335479
25382,0.06239863
25383,0.27672556
25384,0.250468
25385,0.038994573
25386,0.25328726
25387,0.022623321
25388,0.052071862
25389,0.04855729
25390,0.07176499
25391,0.06342032
25392,0.053546116
25393,0.042175315
25394,0.034465548
25395,0.06342032
25396,0.0624356
25397,0.053271648
25398,0.053271648
25399,0.0624356
25400,0.06249759
25401,0.078843735
25402,0.085695736
25403,0.052868318
25404,0.2776224
25405,0.047467146
25406,0.058453377
25407,0.26490074
25408,0.06721075
25409,0.5383261
25410,0.080982365
25411,0.27714306
25412,0.06676315
25413,0.06182813
25414,0.059559476
25415,0.05779856
25416,0.0410311
25417,0.2632638
25418,0.5366273
25419,0.09986793
25420,0.05951272
25421,0.058999494
25422,0.057076912
25423,0.03781062
25424,0.0410311
25425,0.0410311
25426,0.047307994
25427,0.043762654
25428,0.26593044
25429,0.38703927
25430,0.41676515
25431,0.41723713
25432,0.06432653
25433,0.06205582
25434,0.059012335
25435,0.05779856
25436,0.05779856
25437,0.041017327
25438,0.040521562
25439,0.04851237
25440,0.06091938
25441,0.07832888
25442,0.41408235
25443,0.097749084
25444,0.26967797
25445,0.518443
25446,0.077712834
25447,0.07721708
25448,0.45496348
25449,0.05367027
25450,0.28067243
25451,0.059063215
25452,0.053107034
25453,0.052168246
25454,0.075714
25455,0.097749084
25456,0.097749084
25457,0.04660012
25458,0.07998148
25459,0.07841154
25460,0.29756403
25461,0.053757403
25462,0.053757403
25463,0.043207355
25464,0.05861536
25465,0.05382361
25466,0.043288663
25467,0.061088182
25468,0.075714
25469,0.07688078
25470,0.073033154
25471,0.07891721
25472,0.05417847
25473,0.06573144
25474,0.075714
25475,0.4136343
25476,0.072576106
25477,0.07891721
25478,0.2808596
25479,0.28442344
25480,0.05417847
25481,0.05367027
25482,0.045443017
25483,0.0529023
25484,0.06568784
25485,0.0569611
25486,0.07778641
25487,0.2852239
25488,0.4775785
25489,0.05099377
25490,0.5251258
25491,0.04595314
25492,0.043288663
25493,0.05631411
25494,0.056917798
25495,0.2673552
25496,0.06740127
25497,0.051612537
25498,0.07229882
25499,0.057656124
25500,0.05931995
25501,0.07785063
25502,0.07785063
25503,0.27909112
25504,0.05099377
25505,0.051567525
25506,0.052332185
25507,0.046004646
25508,0.06808078
25509,0.072304815
25510,0.062205628
25511,0.056917798
25512,0.06622301
25513,0.071021535
25514,0.26857585
25515,0.04154948
25516,0.043301687
25517,0.0378533
25518,0.02923631
25519,0.029243983
25520,0.06091938
25521,0.07215046
25522,0.07187317
25523,0.42037842
25524,0.07240785
25525,0.099810205
25526,0.06289663
25527,0.060110882
25528,0.036001727
25529,0.03593751
25530,0.0523964
25531,0.0513518
25532,0.05196737
25533,0.27557147
25534,0.5059904
25535,0.060535237
25536,0.058605984
25537,0.062205628
25538,0.056365486
25539,0.056429703
25540,0.06845446
25541,0.051531628
25542,0.04173573
25543,0.26452228
25544,0.029189551
25545,0.029513601
25546,0.028966691
25547,0.061088182
25548,0.27815312
25549,0.08509819
25550,0.41952595
25551,0.5583017
25552,0.5296019
25553,0.057754654
25554,0.06101471
25555,0.03629554
25556,0.06804392
25557,0.051553752
25558,0.07455893
25559,0.07211834
25560,0.49985996
25561,0.058524113
25562,0.06211176
25563,0.05664728
25564,0.056904025
25565,0.066728935
25566,0.049603462
25567,0.029243983
25568,0.035980087
25569,0.03919902
25570,0.05570126
25571,0.07671424
25572,0.080059126
25573,0.10741071
25574,0.44963655
25575,0.4989248
25576,0.0840043
25577,0.061617773
25578,0.07489211
25579,0.07467453
25580,0.07830187
25581,0.04382444
25582,0.06424496
25583,0.06418074
25584,0.064904355
25585,0.06423212
25586,0.07852499
25587,0.061502226
25588,0.071632266
25589,0.26631135
25590,0.046628587
25591,0.042509835
25592,0.050162666
25593,0.050425254
25594,0.028966691
25595,0.04352016
25596,0.03883349
25597,0.07669644
25598,0.07199626
25599,0.07733688
25600,0.1093833
25601,0.4901036
25602,0.27292696
25603,0.25836468
25604,0.061428357
25605,0.07455893
25606,0.06740858
25607,0.043692656
25608,0.06478442
25609,0.06405294
25610,0.06101577
25611,0.06231113
25612,0.062292006
25613,0.04307717
25614,0.047495086
25615,0.049646858
25616,0.036639243
25617,0.03629698
25618,0.037120096
25619,0.07768878
25620,0.07815766
25621,0.26725695
25622,0.591438
25623,0.10448541
25624,0.25888792
25625,0.061428357
25626,0.08470229
25627,0.076694176
25628,0.07784149
25629,0.066959575
25630,0.0650036
25631,0.06491796
25632,0.061075635
25633,0.0715724
25634,0.06231113
25635,0.080024615
25636,0.046628587
25637,0.04322806
25638,0.037120096
25639,0.28557125
25640,0.07815766
25641,0.07889932
25642,0.11279677
25643,0.57028764
25644,0.105224
25645,0.08411333
25646,0.4573005
25647,0.08373837
25648,0.2654332
25649,0.27547267
25650,0.067469105
25651,0.04184813
25652,0.04194553
25653,0.06490418
25654,0.071278594
25655,0.071632266
25656,0.2727823
25657,0.08044451
25658,0.043582045
25659,0.041394576
25660,0.037353605
25661,0.042294122
25662,0.08510215
25663,0.0842083
25664,0.09213994
25665,0.09184613
25666,0.2596702
25667,0.08584097
25668,0.088937275
25669,0.10961135
25670,0.13963425
25671,0.9061852
25672,0.10141265
25673,0.0588434
25674,0.06074111
25675,0.27882951
25676,0.76286
25677,0.080024615
25678,0.080024615
25679,0.51216483
25680,0.080970675
25681,0.043025643
25682,0.03657179
25683,0.041996364
25684,0.054995794
25685,0.4730042
25686,0.46556556
25687,0.092030905
25688,0.27852932
25689,0.08584097
25690,0.26091743
25691,0.08851515
25692,0.110894985
25693,0.13851438
25694,0.4423635
25695,0.09361107
25696,0.05925702
25697,0.06323576
25698,0.063351355
25699,0.2792205
25700,0.8355641
25701,0.07918013
25702,0.5543258
25703,0.043211892
25704,0.27166042
25705,0.0538985
25706,0.054995794
25707,0.07682904
25708,0.07928313
25709,0.092030905
25710,0.4503553
25711,0.26275858
25712,0.08526445
25713,0.26125944
25714,0.108365335
25715,0.2760156
25716,0.45278475
25717,0.49329934
25718,0.04194553
25719,0.28378743
25720,0.2801163
25721,0.09104024
25722,0.83398265
25723,0.84917426
25724,0.5651173
25725,0.08004466
25726,0.080052905
25727,0.08095155
25728,0.05881113
25729,0.05821441
25730,0.041040592
25731,0.03657179
25732,0.037353605
25733,0.061664745
25734,0.07623075
25735,0.06875501
25736,0.08965409
25737,0.089417934
25738,0.25978476
25739,0.08770039
25740,0.10880307
25741,0.052797396
25742,0.27016535
25743,0.51206756
25744,0.28280267
25745,0.041404083
25746,0.058857173
25747,0.27915135
25748,0.053744692
25749,0.08604499
25750,0.7715313
25751,0.8185295
25752,0.5994376
25753,0.080970675
25754,0.043025643
25755,0.05928662
25756,0.41857585
25757,0.041394576
25758,0.04037806
25759,0.036257748
25760,0.03731458
25761,0.062348187
25762,0.052328512
25763,0.05383511
25764,0.054071277
25765,0.06421275
25766,0.06421275
25767,0.5151446
25768,0.08718036
25769,0.09791568
25770,0.09791568
25771,0.09791568
25772,0.079949126
25773,0.08095155
25774,0.26673305
25775,0.5403766
25776,0.09672462
25777,0.08339055
25778,0.08368994
25779,0.919026
25780,0.73044264
25781,0.8506044
25782,0.0582977
25783,0.07265729
25784,0.06926553
25785,0.0609806
25786,0.4378262
25787,0.08331722
25788,0.2633227
25789,0.05865263
25790,0.057990424
25791,0.054071277
25792,0.05402452
25793,0.06421275
25794,0.064165995
25795,0.51409185
25796,0.51497215
25797,0.25470528
25798,0.09791568
25799,0.09838368
25800,0.08697945
25801,0.086778425
25802,0.086778425
25803,0.06883564
25804,0.09618012
25805,0.09672462
25806,0.08368994
25807,0.09144197
25808,0.05418791
25809,0.886549
25810,0.82505417
25811,0.8498883
25812,0.05793585
25813,0.057723742
25814,0.55847526
25815,0.06233202
25816,0.44136882
25817,0.042393263
25818,0.052548386
25819,0.054180298
25820,0.03422592
25821,0.06421275
25822,0.05650316
25823,0.8295323
25824,0.83250475
25825,0.098113604
25826,0.09543332
25827,0.08222509
25828,0.1225355
25829,0.08923649
25830,0.6092656
25831,0.2593157
25832,0.06904588
25833,0.0838467
25834,0.08336012
25835,0.09177179
25836,0.07620267
25837,0.08411611
25838,0.279539
25839,0.27175787
25840,0.12676841
25841,0.0582977
25842,0.072725326
25843,0.06983949
25844,0.06214577
25845,0.2633164
25846,0.08153178
25847,0.058176674
25848,0.054071277
25849,0.0344895
25850,0.056612182
25851,0.056266993
25852,0.824327
25853,0.62098694
25854,0.25863034
25855,0.09791568
25856,0.12258225
25857,0.12258225
25858,0.08923649
25859,0.5443717
25860,0.261273
25861,0.08368994
25862,0.08390699
25863,0.09177179
25864,0.075213805
25865,0.27678248
25866,0.7813967
25867,0.274097
25868,0.2722832
25869,0.92860365
25870,0.072725326
25871,0.068482034
25872,0.27994454
25873,0.26206455
25874,0.06643703
25875,0.057990424
25876,0.264801
25877,0.0344895
25878,0.035004403
25879,0.034895383
25880,0.08136356
25881,0.08465157
25882,0.099410795
25883,0.5477971
25884,0.25909245
25885,0.56794184
25886,0.27011448
25887,0.12353994
25888,0.1116111
25889,0.53943574
25890,0.09672462
25891,0.075686865
25892,0.075395495
25893,0.07572675
25894,0.07482772
25895,0.5781657
25896,0.26394442
25897,0.05117434
25898,0.5534148
25899,0.26815453
25900,0.06300837
25901,0.06669841
25902,0.07244895
25903,0.06376113
25904,0.042904537
25905,0.04356674
25906,0.034895383
25907,0.08110141
25908,0.08441541
25909,0.09944079
25910,0.09791568
25911,0.5601879
25912,0.6659988
25913,0.6156042
25914,0.6163084
25915,0.5501748
25916,0.10403184
25917,0.076230295
25918,0.075213805
25919,0.07569912
25920,0.07518332
25921,0.26645276
25922,0.10698178
25923,0.051585615
25924,0.06855007
25925,0.065018356
25926,0.06252906
25927,0.06319463
25928,0.06669841
25929,0.07570453
25930,0.061483745
25931,0.04371823
25932,0.042393263
25933,0.06600018
25934,0.029826738
25935,0.028667258
25936,0.08465157
25937,0.08511957
25938,0.09791568
25939,0.2540025
25940,0.13685428
25941,0.61700106
25942,0.68616843
25943,0.6820444
25944,0.2853636
25945,0.28144667
25946,0.07527803
25947,0.075679995
25948,0.07518332
25949,0.10698178
25950,0.05165365
25951,0.064539045
25952,0.87551826
25953,0.063446976
25954,0.057897173
25955,0.2604873
25956,0.06171201
25957,0.24678554
25958,0.043090787
25959,0.07013058
25960,0.030011533
25961,0.084604815
25962,0.0847606
25963,0.09769111
25964,0.5640301
25965,0.667778
25966,0.27011448
25967,0.6846979
25968,0.62220734
25969,0.52642494
25970,0.096479505
25971,0.07527803
25972,0.07591617
25973,0.0860106
25974,0.051291797
25975,0.051137846
25976,0.065018356
25977,0.06319463
25978,0.46610686
25979,0.2825966
25980,0.43633175
25981,0.06222782
25982,0.064765036
25983,0.08211499
25984,0.06526905
25985,0.07251243
25986,0.06435053
25987,0.06421275
25988,0.060732145
25989,0.060995724
25990,0.104559384
25991,0.8462914
25992,0.6671223
25993,0.63616735
25994,0.49429542
25995,0.26849622
25996,0.08607482
25997,0.27688825
25998,0.057052415
25999,0.05421005
26000,0.07466319
26001,0.0810051
26002,0.0861172
26003,0.062596165
26004,0.27066234
26005,0.050349876
26006,0.053323284
26007,0.058417674
26008,0.43713763
26009,0.072791815
26010,0.104559384
26011,0.25271866
26012,0.062683105
26013,0.06281387
26014,0.2667105
26015,0.09184273
26016,0.0860106
26017,0.09042982
26018,0.05542414
26019,0.051980264
26020,0.053021826
26021,0.05421005
26022,0.07495767
26023,0.04159975
26024,0.04127298
26025,0.26630658
26026,0.051857527
26027,0.06445336
26028,0.07254101
26029,0.0718224
26030,0.062236603
26031,0.09624965
26032,0.04959712
26033,0.06333588
26034,0.06333588
26035,0.07844791
26036,0.07540595
26037,0.56126696
26038,0.5725597
26039,0.09416694
26040,0.055440307
26041,0.053021826
26042,0.0534273
26043,0.054098386
26044,0.053798907
26045,0.0815209
26046,0.27985853
26047,0.044813834
26048,0.051063567
26049,0.05161591
26050,0.052792877
26051,0.04342396
26052,0.03913974
26053,0.062236603
26054,0.09624965
26055,0.4808819
26056,0.06281387
26057,0.06281387
26058,0.075132705
26059,0.03962545
26060,0.0958142
26061,0.57325363
26062,0.095057175
26063,0.041556902
26064,0.05465225
26065,0.26684788
26066,0.053208075
26067,0.05391201
26068,0.05171032
26069,0.08093262
26070,0.08676971
26071,0.03920072
26072,0.051758233
26073,0.056494594
26074,0.053170856
26075,0.03726042
26076,0.039075524
26077,0.0422321
26078,0.04959712
26079,0.08549632
26080,0.059665605
26081,0.03962545
26082,0.03962545
26083,0.053055946
26084,0.048281103
26085,0.5079017
26086,0.06764779
26087,0.052047234
26088,0.05171032
26089,0.07411141
26090,0.07411141
26091,0.066412985
26092,0.25784242
26093,0.06439177
26094,0.06439177
26095,0.03726042
26096,0.033882596
26097,0.035670213
26098,0.07029959
26099,0.07959649
26100,0.054725304
26101,0.05485644
26102,0.2633747
26103,0.04959712
26104,0.0704257
26105,0.05914361
26106,0.03962545
26107,0.27924216
26108,0.6490612
26109,0.06834754
26110,0.06764779
26111,0.04457086
26112,0.05182325
26113,0.05233906
26114,0.05154131
26115,0.2649414
26116,0.07331098
26117,0.07233859
26118,0.9010776
26119,0.066456586
26120,0.066412985
26121,0.06439177
26122,0.06453442
26123,0.03505657
26124,0.03573443
26125,0.07644086
26126,0.29487556
26127,0.041716293
26128,0.26555046
26129,0.054195378
26130,0.054195378
26131,0.04914489
26132,0.06248139
26133,0.067452624
26134,0.03272873
26135,0.032876626
26136,0.047524
26137,0.04349403
26138,0.04436432
26139,0.04232879
26140,0.05233906
26141,0.07337969
26142,0.07421951
26143,0.074187696
26144,0.066456586
26145,0.064123146
26146,0.06432788
26147,0.06527657
26148,0.032259565
26149,0.07011001
26150,0.91411406
26151,0.079715826
26152,0.05367957
26153,0.05485644
26154,0.04848513
26155,0.05914361
26156,0.071915105
26157,0.03217312
26158,0.03236254
26159,0.27531928
26160,0.044064935
26161,0.04457086
26162,0.041536752
26163,0.05175342
26164,0.05468215
26165,0.074405886
26166,0.07411141
26167,0.07466319
26168,0.064176515
26169,0.06439177
26170,0.06527657
26171,0.065545194
26172,0.03573443
26173,0.08573642
26174,0.89860916
26175,0.077815786
26176,0.054195378
26177,0.04848513
26178,0.03194801
26179,0.0262764
26180,0.036288284
26181,0.042103097
26182,0.04878686
26183,0.022848044
26184,0.023337094
26185,0.06256734
26186,0.061959118
26187,0.06938849
26188,0.06943746
26189,0.042865258
26190,0.04238092
26191,0.036929354
26192,0.03763141
26193,0.06480014
26194,0.07648658
26195,0.25946873
26196,0.05781383
26197,0.032516785
26198,0.026156146
26199,0.036354028
26200,0.033013724
26201,0.041873436
26202,0.023021022
26203,0.024511017
26204,0.024117155
26205,0.0241221
26206,0.024308352
26207,0.063095145
26208,0.06140492
26209,0.070400104
26210,0.06942452
26211,0.06359811
26212,0.07631385
26213,0.27095914
26214,0.03131866
26215,0.03211193
26216,0.0262764
26217,0.037258174
26218,0.03413339
26219,0.023979822
26220,0.024166074
26221,0.048800737
26222,0.024308352
26223,0.024308352
26224,0.02663699
26225,0.06239863
26226,0.062658265
26227,0.04253241
26228,0.042679008
26229,0.03640947
26230,0.06342449
26231,0.05303276
26232,0.059736717
26233,0.0332428
26234,0.02640537
26235,0.0268453
26236,0.036288284
26237,0.033747107
26238,0.04410907
26239,0.023464013
26240,0.024511017
26241,0.0241221
26242,0.0241221
26243,0.02438174
26244,0.061111107
26245,0.062658265
26246,0.03744516
26247,0.06441566
26248,0.28778952
26249,0.07648658
26250,0.05413791
26251,0.030930214
26252,0.030743962
26253,0.037205853
26254,0.02640889
26255,0.048800737
26256,0.022622459
26257,0.06335479
26258,0.08427761
26259,0.06954198
26260,0.037704803
26261,0.038994573
26262,0.033529345
26263,0.027267758
26264,0.040491506
26265,0.026377939
26266,0.02831393
26267,0.0482425
26268,0.0241221
26269,0.062579334
26270,0.08380211
26271,0.06951523
26272,0.09919404
26273,0.0271638
26274,0.021757185
26275,0.026590046
26276,0.02640889
26277,0.02831393
26278,0.029039234
26279,0.0241221
26280,0.025759814
26281,0.063095145
26282,0.06159552
26283,0.062372167
26284,0.062579334
26285,0.06239863
26286,0.27581236
26287,0.06938849
26288,0.07016393
26289,0.10020767
26290,0.09994803
26291,0.024360573
26292,0.034890935
26293,0.053075302
26294,0.040961407
26295,0.053075302
26296,0.053023927
26297,0.045412246
26298,0.062222037
26299,0.05402497
26300,0.05159277
26301,0.053075302
26302,0.07155143
26303,0.06461653
26304,0.07757169
26305,0.05286319
26306,0.47880468
26307,0.059478983
26308,0.05926326
26309,0.059959177
26310,0.271056
26311,0.06907788
26312,0.07799382
26313,0.08537758
26314,0.0634434
26315,0.06423227
26316,0.05890523
26317,0.057704296
26318,0.03829011
26319,0.03822958
26320,0.040215187
26321,0.06791005
26322,0.07414567
26323,0.5774592
26324,0.09960762
26325,0.059625376
26326,0.060593776
26327,0.05891807
26328,0.057143383
26329,0.057704296
26330,0.03829011
26331,0.039816964
26332,0.04666659
26333,0.07414567
26334,0.2648928
26335,0.47965586
26336,0.4249884
26337,0.06540465
26338,0.05946521
26339,0.057704296
26340,0.040936835
26341,0.040644873
26342,0.047227502
26343,0.06071945
26344,0.41838884
26345,0.09675703
26346,0.09743372
26347,0.48893693
26348,0.07727618
26349,0.07660213
26350,0.46083704
26351,0.05356223
26352,0.053714514
26353,0.26451558
26354,0.05975194
26355,0.052795324
26356,0.053153224
26357,0.06494792
26358,0.0745654
26359,0.097757764
26360,0.097480476
26361,0.047166973
26362,0.07763235
26363,0.078317285
26364,0.28307468
26365,0.05310418
26366,0.053576004
26367,0.044783004
26368,0.05975194
26369,0.052795194
26370,0.060627855
26371,0.07518182
26372,0.076612175
26373,0.071215175
26374,0.07712282
26375,0.07786572
26376,0.05407043
26377,0.054084204
26378,0.044399638
26379,0.051898334
26380,0.06558703
26381,0.40734783
26382,0.07213924
26383,0.078822955
26384,0.076960035
26385,0.28307468
26386,0.053988982
26387,0.05393209
26388,0.044399638
26389,0.05285941
26390,0.046554983
26391,0.06546372
26392,0.0723075
26393,0.05877405
26394,0.07810156
26395,0.28447104
26396,0.46648204
26397,0.049486343
26398,0.24901786
26399,0.045858875
26400,0.072224334
26401,0.043594245
26402,0.056823533
26403,0.26549655
26404,0.06634933
26405,0.051467028
26406,0.057757594
26407,0.058074523
26408,0.078317285
26409,0.07950789
26410,0.46698365
26411,0.05147326
26412,0.05141273
26413,0.045348752
26414,0.068454
26415,0.072163805
26416,0.06193086
26417,0.056823533
26418,0.05680976
26419,0.067273565
26420,0.0667209
26421,0.051982835
26422,0.041637413
26423,0.05000419
26424,0.043383576
26425,0.029681897
26426,0.029300032
26427,0.03737011
26428,0.071604565
26429,0.071604565
26430,0.4370919
26431,0.07213924
26432,0.09817008
26433,0.057434272
26434,0.057486046
26435,0.035965435
26436,0.035907462
26437,0.051873107
26438,0.05223792
26439,0.05147326
26440,0.05141273
26441,0.072024085
26442,0.5609597
26443,0.059657983
26444,0.058217738
26445,0.062417332
26446,0.06252499
26447,0.05680976
26448,0.056284063
26449,0.06568848
26450,0.05179646
26451,0.041637413
26452,0.25943577
26453,0.02902274
26454,0.02875916
26455,0.061720185
26456,0.26821753
26457,0.08242399
26458,0.4483941
26459,0.5678454
26460,0.5678454
26461,0.057772428
26462,0.057772428
26463,0.035856087
26464,0.06801019
26465,0.050899506
26466,0.05147326
26467,0.07507603
26468,0.072024085
26469,0.5660493
26470,0.05836563
26471,0.059015706
26472,0.061424937
26473,0.056284063
26474,0.056763005
26475,0.051714208
26476,0.041501276
26477,0.04218694
26478,0.049488384
26479,0.043633718
26480,0.028284239
26481,0.04122789
26482,0.039455187
26483,0.058825817
26484,0.07710525
26485,0.07554795
26486,0.11379905
26487,0.44937274
26488,0.49722415
26489,0.08373569
26490,0.060859367
26491,0.075089805
26492,0.07610676
26493,0.04430923
26494,0.06449589
26495,0.06467639
26496,0.06441025
26497,0.064150706
26498,0.07854634
26499,0.061381217
26500,0.061440416
26501,0.043590117
26502,0.25977796
26503,0.04671652
26504,0.043600153
26505,0.05081629
26506,0.050613873
26507,0.050613873
26508,0.028706364
26509,0.038515337
26510,0.039073322
26511,0.07357456
26512,0.07357456
26513,0.07861137
26514,0.11043901
26515,0.509808
26516,0.27232665
26517,0.2570733
26518,0.06115975
26519,0.075089805
26520,0.06680109
26521,0.04384577
26522,0.06398997
26523,0.065090016
26524,0.060962245
26525,0.06098137
26526,0.061002627
26527,0.061812636
26528,0.043590117
26529,0.04824672
26530,0.050613873
26531,0.04414535
26532,0.03650879
26533,0.077135265
26534,0.077889055
26535,0.2725663
26536,0.59085613
26537,0.10898037
26538,0.08373569
26539,0.060923584
26540,0.08468268
26541,0.07618629
26542,0.07759204
26543,0.06731432
26544,0.04363366
26545,0.064768896
26546,0.49868459
26547,0.060576312
26548,0.07113296
26549,0.0604341
26550,0.07936337
26551,0.048129257
26552,0.048193473
26553,0.04501016
26554,0.038806364
26555,0.039698597
26556,0.28378072
26557,0.07762548
26558,0.07862714
26559,0.10425186
26560,0.5700188
26561,0.103221044
26562,0.08373569
26563,0.45640036
26564,0.08468268
26565,0.26545545
26566,0.27261585
26567,0.06731432
26568,0.04185126
26569,0.04132266
26570,0.064551316
26571,0.064809926
26572,0.07151888
26573,0.07112785
26574,0.078346014
26575,0.078294635
26576,0.042961042
26577,0.037224762
26578,0.037041824
26579,0.042754553
26580,0.080839284
26581,0.08855996
26582,0.09152614
26583,0.0878485
26584,0.2596306
26585,0.08557236
26586,0.08841504
26587,0.11062638
26588,0.13953999
26589,0.5047337
26590,0.101102665
26591,0.05747034
26592,0.060646847
26593,0.08624332
26594,0.7759747
26595,0.0786368
26596,0.5822953
26597,0.08039859
26598,0.043679267
26599,0.0436631
26600,0.037224762
26601,0.043031845
26602,0.054433264
26603,0.4596127
26604,0.44889653
26605,0.091513425
26606,0.0917951
26607,0.08510348
26608,0.08518062
26609,0.2566593
26610,0.10934274
26611,0.13953999
26612,0.47944203
26613,0.09380876
26614,0.057265606
26615,0.059029065
26616,0.06341044
26617,0.08618177
26618,0.8350179
26619,0.07936337
26620,0.55688924
26621,0.043290474
26622,0.26536092
26623,0.05630034
26624,0.05342807
26625,0.07639502
26626,0.07229531
26627,0.09152614
26628,0.44936773
26629,0.2596476
26630,0.08518062
26631,0.26071352
26632,0.10817295
26633,0.11997415
26634,0.50577116
26635,0.4885772
26636,0.04185126
26637,0.11308407
26638,0.2792739
26639,0.084916025
26640,0.8512997
26641,0.82978666
26642,0.5652894
26643,0.08122652
26644,0.08119889
26645,0.05903026
26646,0.059324075
26647,0.037022997
26648,0.061280765
26649,0.053363852
26650,0.06071945
26651,0.07172539
26652,0.07549326
26653,0.08938548
26654,0.08949451
26655,0.08518062
26656,0.08754081
26657,0.10934756
26658,0.052528787
26659,0.27000195
26660,0.2768997
26661,0.28647307
26662,0.041527394
26663,0.058762908
26664,0.2814123
26665,0.054084204
26666,0.09455795
26667,0.7672856
26668,0.8328201
26669,0.5685391
26670,0.08119889
26671,0.08119889
26672,0.0436631
26673,0.059181426
26674,0.434758
26675,0.040829267
26676,0.03741625
26677,0.052528787
26678,0.053617876
26679,0.05380267
26680,0.06394414
26681,0.06369526
26682,0.51632625
26683,0.08692447
26684,0.09764707
26685,0.09739807
26686,0.0977561
26687,0.09262402
26688,0.08119889
26689,0.26734006
26690,0.54583234
26691,0.096933715
26692,0.27947035
26693,0.08306115
26694,0.08368299
26695,0.9109132
26696,0.6871409
26697,0.8541564
26698,0.26500145
26699,0.069571644
26700,0.45160893
26701,0.08201363
26702,0.0821952
26703,0.05744386
26704,0.05795967
26705,0.052059904
26706,0.05380267
26707,0.05380267
26708,0.06394414
26709,0.063707985
26710,0.51470333
26711,0.51550734
26712,0.25254023
26713,0.09811507
26714,0.09764707
26715,0.07968052
26716,0.08703427
26717,0.08700664
26718,0.06986416
26719,0.09655623
26720,0.09695283
26721,0.08391816
26722,0.09198088
26723,0.054600675
26724,0.8840099
26725,0.8463781
26726,0.8689295
26727,0.058148187
26728,0.05821623
26729,0.26308343
26730,0.061796572
26731,0.4570578
26732,0.081625655
26733,0.041882623
26734,0.052637808
26735,0.05380267
26736,0.034220893
26737,0.06394414
26738,0.056234553
26739,0.8216468
26740,0.78121424
26741,0.09811507
26742,0.09741092
26743,0.082012184
26744,0.12226689
26745,0.088482715
26746,0.5641022
26747,0.26109838
26748,0.06899963
26749,0.08340236
26750,0.08409426
26751,0.09200001
26752,0.07497406
26753,0.084050804
26754,0.7075321
26755,0.2731966
26756,0.27242666
26757,0.058949076
26758,0.07206989
26759,0.06994427
26760,0.068106756
26761,0.06051394
26762,0.26315722
26763,0.081811905
26764,0.05850441
26765,0.05380267
26766,0.05383545
26767,0.03349745
26768,0.056234553
26769,0.05604976
26770,0.8185634
26771,0.6219864
26772,0.25643831
26773,0.0974623
26774,0.12231364
26775,0.122182876
26776,0.0888159
26777,0.5444976
26778,0.06989179
26779,0.08391816
26780,0.08340236
26781,0.09198088
26782,0.07643089
26783,0.08378035
26784,0.72498167
26785,0.5831723
26786,0.12554681
26787,0.92957455
26788,0.07245748
26789,0.0684686
26790,0.2790089
26791,0.2619575
26792,0.06583341
26793,0.26150978
26794,0.034377765
26795,0.034626774
26796,0.08094184
26797,0.08406874
26798,0.09925122
26799,0.5433447
26800,0.25577152
26801,0.5583
26802,0.2691283
26803,0.12097374
26804,0.111775085
26805,0.53981954
26806,0.09691426
26807,0.07643089
26808,0.07643089
26809,0.07592734
26810,0.07592734
26811,0.5733342
26812,0.106420994
26813,0.051572178
26814,0.55033636
26815,0.5555194
26816,0.06486424
26817,0.07261556
26818,0.06187862
26819,0.064605765
26820,0.04348274
26821,0.034735795
26822,0.08083281
26823,0.08413409
26824,0.098893315
26825,0.09767707
26826,0.57432336
26827,0.6669461
26828,0.61955154
26829,0.6160396
26830,0.5408994
26831,0.10382934
26832,0.07579918
26833,0.07592734
26834,0.07592734
26835,0.1259581
26836,0.10653846
26837,0.051572178
26838,0.06743987
26839,0.064936884
26840,0.06285885
26841,0.06256504
26842,0.06655163
26843,0.07261556
26844,0.06225478
26845,0.04287378
26846,0.0430762
26847,0.02974292
26848,0.02974292
26849,0.084198184
26850,0.084198184
26851,0.09811507
26852,0.5491936
26853,0.13658567
26854,0.6019014
26855,0.6753107
26856,0.675348
26857,0.28783467
26858,0.27986333
26859,0.07505594
26860,0.106832266
26861,0.051572178
26862,0.87555194
26863,0.062926896
26864,0.057815697
26865,0.07209975
26866,0.06225478
26867,0.06772439
26868,0.08195204
26869,0.04306003
26870,0.06991357
26871,0.02974292
26872,0.08438296
26873,0.084412955
26874,0.09764707
26875,0.5406949
26876,0.65962
26877,0.2673417
26878,0.67734194
26879,0.22716296
26880,0.5295353
26881,0.09695283
26882,0.075559616
26883,0.07592734
26884,0.05114611
26885,0.051572178
26886,0.059464887
26887,0.06436292
26888,0.062447585
26889,0.46053287
26890,0.05849743
26891,0.43746874
26892,0.061134547
26893,0.06371379
26894,0.08196821
26895,0.065419324
26896,0.25779694
26897,0.2693155
26898,0.06789884
26899,0.06394414
26900,0.10319154
26901,0.80983776
26902,0.64806205
26903,0.64438415
26904,0.4934185
26905,0.2629782
26906,0.08630304
26907,0.27882499
26908,0.04226348
26909,0.057815697
26910,0.054219328
26911,0.054064356
26912,0.0748762
26913,0.08073368
26914,0.08591826
26915,0.041518275
26916,0.06518886
26917,0.054569792
26918,0.052877553
26919,0.44598535
26920,0.07197789
26921,0.043367308
26922,0.10297677
26923,0.094534226
26924,0.06261753
26925,0.26693574
26926,0.088604435
26927,0.08709109
26928,0.09094941
26929,0.04176924
26930,0.05486459
26931,0.05189879
26932,0.05189879
26933,0.05420316
26934,0.07417045
26935,0.080938414
26936,0.04406632
26937,0.043084636
26938,0.26481006
26939,0.05103281
26940,0.0531401
26941,0.26065785
26942,0.068214245
26943,0.061968002
26944,0.0947978
26945,0.05006495
26946,0.061876398
26947,0.07417267
26948,0.07499325
26949,0.5659402
26950,0.5770045
26951,0.09528539
26952,0.054453313
26953,0.054453313
26954,0.052424543
26955,0.05198606
26956,0.05420316
26957,0.08114495
26958,0.086688235
26959,0.044360135
26960,0.051016644
26961,0.051268987
26962,0.053459644
26963,0.035294764
26964,0.04355477
26965,0.041685537
26966,0.0624099
26967,0.0947978
26968,0.48728362
26969,0.06242254
26970,0.06257077
26971,0.0724212
26972,0.041395195
26973,0.0946515
26974,0.56894416
26975,0.09528539
26976,0.041455276
26977,0.26475173
26978,0.054128572
26979,0.051442467
26980,0.051628843
26981,0.080923624
26982,0.086688235
26983,0.04192955
26984,0.051727477
26985,0.05182677
26986,0.05838692
26987,0.040241472
26988,0.050195735
26989,0.07953759
26990,0.059742223
26991,0.039165523
26992,0.039655272
26993,0.052808225
26994,0.04826101
26995,0.51745325
26996,0.06705052
26997,0.051946413
26998,0.051628843
26999,0.07237471
27000,0.073618665
27001,0.27281195
27002,0.0656505
27003,0.25654945
27004,0.0643103
27005,0.0643103
27006,0.03999346
27007,0.03209452
27008,0.038696732
27009,0.07560422
27010,0.46562245
27011,0.054876227
27012,0.054164622
27013,0.26335648
27014,0.05014898
27015,0.086048186
27016,0.05961144
27017,0.042471066
27018,0.2740828
27019,0.56297225
27020,0.06742997
27021,0.06749419
27022,0.04417542
27023,0.052257583
27024,0.05196576
27025,0.052257583
27026,0.051671945
27027,0.07302709
27028,0.07284071
27029,0.84959435
27030,0.06583675
27031,0.0656505
27032,0.064512715
27033,0.0643103
27034,0.0380143
27035,0.038510483
27036,0.07569483
27037,0.29418156
27038,0.043949153
27039,0.27017236
27040,0.05355862
27041,0.04863864
27042,0.063080005
27043,0.06730304
27044,0.032532386
27045,0.046865243
27046,0.04417542
27047,0.044078108
27048,0.041455276
27049,0.052443832
27050,0.07356708
27051,0.07413804
27052,0.07531479
27053,0.0643103
27054,0.06394702
27055,0.06487465
27056,0.035639457
27057,0.071474
27058,0.8895334
27059,0.07956573
27060,0.05517004
27061,0.053335693
27062,0.048583526
27063,0.059695467
27064,0.06746608
27065,0.031976778
27066,0.033018965
27067,0.047179632
27068,0.044131353
27069,0.0452198
27070,0.05483685
27071,0.07380861
27072,0.0748762
27073,0.06415914
27074,0.065130875
27075,0.06546372
27076,0.035521995
27077,0.07276106
27078,0.9035335
27079,0.07956573
27080,0.054825682
27081,0.054876227
27082,0.052808225
27083,0.03267847
27084,0.03694802
27085,0.04330239
27086,0.049114134
27087,0.024277594
27088,0.02416996
27089,0.023962187
27090,0.0630644
27091,0.2588228
27092,0.0694067
27093,0.069873534
27094,0.042907894
27095,0.042181432
27096,0.037600655
27097,0.06471811
27098,0.266957
27099,0.27383456
27100,0.035149075
27101,0.026987515
27102,0.03671664
27103,0.03281738
27104,0.04190675
27105,0.023949064
27106,0.023949064
27107,0.022544065
27108,0.024091342
27109,0.023100179
27110,0.023811925
27111,0.0630644
27112,0.061376717
27113,0.06974438
27114,0.069873534
27115,0.03603363
27116,0.064424306
27117,0.075426154
27118,0.28973752
27119,0.053482324
27120,0.028717535
27121,0.031132488
27122,0.03232044
27123,0.039532434
27124,0.034020066
27125,0.049029622
27126,0.0225917
27127,0.024091342
27128,0.06096289
27129,0.062367875
27130,0.042132445
27131,0.042132445
27132,0.037414405
27133,0.06438491
27134,0.055585373
27135,0.054107156
27136,0.026080057
27137,0.026802462
27138,0.037211604
27139,0.03258772
27140,0.043247376
27141,0.0363409
27142,0.023883648
27143,0.023962187
27144,0.023962187
27145,0.06108035
27146,0.062367875
27147,0.0418363
27148,0.036378715
27149,0.064644545
27150,0.266957
27151,0.07664207
27152,0.051331725
27153,0.031287897
27154,0.027133042
27155,0.03043719
27156,0.026181977
27157,0.037147444
27158,0.026687518
27159,0.02652445
27160,0.0492658
27161,0.024277594
27162,0.063250646
27163,0.06205134
27164,0.08155972
27165,0.06935773
27166,0.039782748
27167,0.038963817
27168,0.03467207
27169,0.030899113
27170,0.026713043
27171,0.025990373
27172,0.02788793
27173,0.05355035
27174,0.023694461
27175,0.06165941
27176,0.0630644
27177,0.08383558
27178,0.10150136
27179,0.018794203
27180,0.02321155
27181,0.026080057
27182,0.025990373
27183,0.026181595
27184,0.028814731
27185,0.0289206
27186,0.02416996
27187,0.063324034
27188,0.0630644
27189,0.06165941
27190,0.059788212
27191,0.083771355
27192,0.2491729
27193,0.0694067
27194,0.12352156
27195,0.020456411
27196,0.045843408
27197,0.04870235
27198,0.04366744
27199,0.04000371
27200,0.06826594
27201,0.042959396
27202,0.049932703
27203,0.078488246
27204,0.06826594
27205,0.052940905
27206,0.053947255
27207,0.071489125
27208,0.07155335
27209,0.08206071
27210,0.08505809
27211,0.055783696
27212,0.505156
27213,0.061669648
27214,0.4224351
27215,0.073586695
27216,0.088258125
27217,0.088353395
27218,0.0657691
27219,0.059478983
27220,0.057704296
27221,0.03778057
27222,0.040936835
27223,0.07324714
27224,0.081082486
27225,0.67622864
27226,0.09585547
27227,0.05891807
27228,0.058757335
27229,0.03829011
27230,0.039816964
27231,0.040375922
27232,0.047227502
27233,0.04337055
27234,0.08801738
27235,0.073293895
27236,0.48275805
27237,0.42636955
27238,0.067875266
27239,0.05946521
27240,0.057690524
27241,0.057079166
27242,0.040923063
27243,0.040936835
27244,0.047227502
27245,0.084829584
27246,0.42472365
27247,0.26484892
27248,0.09758951
27249,0.52688706
27250,0.078822955
27251,0.46950766
27252,0.053576004
27253,0.26651797
27254,0.05861075
27255,0.051898334
27256,0.05188456
27257,0.06563525
27258,0.07555442
27259,0.09758951
27260,0.097480476
27261,0.048418105
27262,0.07810156
27263,0.4725193
27264,0.05359892
27265,0.053650297
27266,0.045453787
27267,0.05975194
27268,0.051898334
27269,0.0431944
27270,0.061396137
27271,0.073960155
27272,0.06826431
27273,0.066115
27274,0.0723075
27275,0.078822955
27276,0.07769215
27277,0.05310418
27278,0.053502403
27279,0.04626828
27280,0.06566614
27281,0.42480528
27282,0.07319699
27283,0.07712282
27284,0.07741663
27285,0.28153905
27286,0.051648907
27287,0.054008327
27288,0.053650297
27289,0.04406588
27290,0.05291953
27291,0.065312564
27292,0.0723075
27293,0.05617279
27294,0.07950789
27295,0.07786572
27296,0.47387397
27297,0.05147326
27298,0.5241404
27299,0.045453787
27300,0.072163805
27301,0.044279624
27302,0.056219846
27303,0.056823533
27304,0.45753157
27305,0.06737969
27306,0.052125484
27307,0.05870495
27308,0.058727294
27309,0.07810156
27310,0.07830351
27311,0.4879696
27312,0.051873107
27313,0.05147326
27314,0.051873107
27315,0.04591038
27316,0.072423935
27317,0.06839263
27318,0.05842985
27319,0.06157283
27320,0.056823533
27321,0.06721619
27322,0.067273565
27323,0.051467028
27324,0.04200069
27325,0.043114625
27326,0.028553857
27327,0.029681897
27328,0.029412279
27329,0.07087667
27330,0.07030945
27331,0.4135608
27332,0.07156133
27333,0.09844737
27334,0.056692492
27335,0.060147922
27336,0.03635647
27337,0.036417
27338,0.051459488
27339,0.051873107
27340,0.051021695
27341,0.07201031
27342,0.27865782
27343,0.05842985
27344,0.05842985
27345,0.06212514
27346,0.06356465
27347,0.05722338
27348,0.056284063
27349,0.06737969
27350,0.051982835
27351,0.041814312
27352,0.049817815
27353,0.029681897
27354,0.0345951
27355,0.06241758
27356,0.27590632
27357,0.0817473
27358,0.43781042
27359,0.55975974
27360,0.26967907
27361,0.054099876
27362,0.054365277
27363,0.03579187
27364,0.067385055
27365,0.050443042
27366,0.051873107
27367,0.07348046
27368,0.071963556
27369,0.45894647
27370,0.058378473
27371,0.05661357
27372,0.06252499
27373,0.06206461
27374,0.056823533
27375,0.056219846
27376,0.06721619
27377,0.04148488
27378,0.05000419
27379,0.043296304
27380,0.029412279
27381,0.03597446
27382,0.039455187
27383,0.053499974
27384,0.07357456
27385,0.0783369
27386,0.10748728
27387,0.2781695
27388,0.5019169
27389,0.08326681
27390,0.060923584
27391,0.07463824
27392,0.07502928
27393,0.07780776
27394,0.044322997
27395,0.04430923
27396,0.064202085
27397,0.065090016
27398,0.06408648
27399,0.06441025
27400,0.078927636
27401,0.058298137
27402,0.071068734
27403,0.06105911
27404,0.043649886
27405,0.048310935
27406,0.047266044
27407,0.04347685
27408,0.050250597
27409,0.050250597
27410,0.028753122
27411,0.042696852
27412,0.03788625
27413,0.07465483
27414,0.07351525
27415,0.0788961
27416,0.10945114
27417,0.5066691
27418,0.27638885
27419,0.25964186
27420,0.060974956
27421,0.075089805
27422,0.06686532
27423,0.044139583
27424,0.06486581
27425,0.06413786
27426,0.06441025
27427,0.06098137
27428,0.06062769
27429,0.060847
27430,0.061812636
27431,0.043296304
27432,0.047079794
27433,0.04347685
27434,0.04031346
27435,0.03571976
27436,0.03671364
27437,0.078655586
27438,0.07821554
27439,0.10885112
27440,0.5851477
27441,0.10341047
27442,0.08373569
27443,0.06115975
27444,0.08468268
27445,0.07569054
27446,0.07708611
27447,0.06681394
27448,0.2699905
27449,0.06098137
27450,0.071565636
27451,0.061812636
27452,0.07823041
27453,0.04860475
27454,0.043325685
27455,0.035766516
27456,0.03639148
27457,0.26870626
27458,0.08021063
27459,0.07739486
27460,0.1067404
27461,0.57627684
27462,0.10000704
27463,0.08373569
27464,0.45531446
27465,0.08468268
27466,0.07613954
27467,0.26997802
27468,0.06736107
27469,0.04183749
27470,0.042251106
27471,0.0648237
27472,0.06461554
27473,0.07175506
27474,0.07112011
27475,0.07914632
27476,0.07914632
27477,0.047946293
27478,0.04347685
27479,0.042067017
27480,0.042131234
27481,0.086183
27482,0.08167176
27483,0.0917623
27484,0.0909492
27485,0.26037595
27486,0.08510348
27487,0.08871542
27488,0.110326
27489,0.13903047
27490,0.51585174
27491,0.100866824
27492,0.058762908
27493,0.058762908
27494,0.059029065
27495,0.08249615
27496,0.79230857
27497,0.07912719
27498,0.07828192
27499,0.57021815
27500,0.080692396
27501,0.04274097
27502,0.05227576
27503,0.46261767
27504,0.46097153
27505,0.09129342
27506,0.08533621
27507,0.08518062
27508,0.08871542
27509,0.11062638
27510,0.13932429
27511,0.47848064
27512,0.09380876
27513,0.041517694
27514,0.05710487
27515,0.057610795
27516,0.060646847
27517,0.063193
27518,0.08047659
27519,0.86072546
27520,0.078133896
27521,0.5467799
27522,0.043325685
27523,0.04347685
27524,0.4301867
27525,0.055130664
27526,0.053363852
27527,0.07172539
27528,0.07591539
27529,0.4450875
27530,0.45598477
27531,0.084917046
27532,0.25916386
27533,0.109162785
27534,0.27856445
27535,0.46867323
27536,0.42912382
27537,0.0416485
27538,0.28132787
27539,0.27292722
27540,0.28422412
27541,0.82366484
27542,0.83997035
27543,0.57192117
27544,0.08122652
27545,0.26485473
27546,0.059181426
27547,0.059324075
27548,0.041074
27549,0.061720185
27550,0.07634364
27551,0.08938548
27552,0.08938548
27553,0.084917046
27554,0.08743178
27555,0.109162785
27556,0.052528787
27557,0.27041674
27558,0.2885439
27559,0.28229034
27560,0.041258443
27561,0.059162755
27562,0.27877977
27563,0.085656926
27564,0.77813005
27565,0.81375104
27566,0.5687977
27567,0.08018647
27568,0.08119889
27569,0.043325685
27570,0.26478073
27571,0.42253914
27572,0.040926106
27573,0.0373216
27574,0.037887294
27575,0.053502284
27576,0.05380267
27577,0.063707985
27578,0.06394414
27579,0.5225879
27580,0.08719062
27581,0.097679876
27582,0.0977561
27583,0.09516471
27584,0.09243939
27585,0.08122652
27586,0.26676527
27587,0.5557971
27588,0.096438766
27589,0.28433463
27590,0.083899036
27591,0.08306115
27592,0.9248442
27593,0.68485683
27594,0.84783864
27595,0.060998194
27596,0.26978642
27597,0.06933195
27598,0.06363257
27599,0.46836725
27600,0.08252943
27601,0.26120952
27602,0.05795967
27603,0.05795967
27604,0.052528787
27605,0.05380267
27606,0.05380267
27607,0.06368057
27608,0.06397413
27609,0.5075146
27610,0.52096134
27611,0.25338155
27612,0.09764707
27613,0.09764707
27614,0.08185085
27615,0.08700664
27616,0.08700664
27617,0.06935766
27618,0.06989179
27619,0.09695283
27620,0.09691426
27621,0.083899036
27622,0.09176484
27623,0.8981349
27624,0.8717828
27625,0.857051
27626,0.05840248
27627,0.058949076
27628,0.27113032
27629,0.06333876
27630,0.45526123
27631,0.081625655
27632,0.04348274
27633,0.052528787
27634,0.05380267
27635,0.034329914
27636,0.06394414
27637,0.056343574
27638,0.8058945
27639,0.8275633
27640,0.09767707
27641,0.09811507
27642,0.09243939
27643,0.12231364
27644,0.08986456
27645,0.56838506
27646,0.26807648
27647,0.06993377
27648,0.08340236
27649,0.08368299
27650,0.09181808
27651,0.07643089
27652,0.084050804
27653,0.72743136
27654,0.2715939
27655,0.26931188
27656,0.057204735
27657,0.07264385
27658,0.06977119
27659,0.06804253
27660,0.061796572
27661,0.257847
27662,0.081625655
27663,0.05744386
27664,0.05593417
27665,0.05604976
27666,0.82785314
27667,0.6280921
27668,0.2558552
27669,0.09764707
27670,0.12211878
27671,0.12247668
27672,0.08968176
27673,0.5504284
27674,0.06943543
27675,0.08409426
27676,0.08409426
27677,0.09176484
27678,0.075833954
27679,0.08384839
27680,0.82237846
27681,0.27502498
27682,0.12755942
27683,0.95152617
27684,0.07272125
27685,0.06841888
27686,0.061280765
27687,0.260689
27688,0.066349216
27689,0.058568627
27690,0.068027996
27691,0.03415789
27692,0.034626774
27693,0.08083281
27694,0.08449199
27695,0.098878615
27696,0.53815764
27697,0.1366725
27698,0.2587841
27699,0.2665802
27700,0.123550326
27701,0.112199314
27702,0.5430554
27703,0.075559616
27704,0.07550625
27705,0.075954966
27706,0.075954966
27707,0.6275337
27708,0.26402423
27709,0.051572178
27710,0.59861714
27711,0.5539005
27712,0.062447585
27713,0.2535434
27714,0.072817974
27715,0.06187862
27716,0.064605765
27717,0.04287378
27718,0.04287378
27719,0.033984724
27720,0.034735795
27721,0.081236586
27722,0.084412955
27723,0.09917218
27724,0.09739807
27725,0.5626044
27726,0.6601263
27727,0.62422866
27728,0.60205114
27729,0.54702324
27730,0.10427918
27731,0.07555949
27732,0.07505594
27733,0.2626276
27734,0.12602612
27735,0.10653846
27736,0.05114611
27737,0.06865485
27738,0.06512313
27739,0.06285885
27740,0.066349216
27741,0.07187148
27742,0.06187862
27743,0.064605765
27744,0.04287378
27745,0.0430762
27746,0.029696165
27747,0.02974292
27748,0.08438296
27749,0.0819006
27750,0.09764707
27751,0.5416555
27752,0.13658567
27753,0.6211246
27754,0.6632626
27755,0.68565685
27756,0.2847883
27757,0.27950054
27758,0.07592734
27759,0.07592734
27760,0.106420994
27761,0.05114611
27762,0.06472653
27763,0.90842456
27764,0.062926896
27765,0.057779204
27766,0.072801806
27767,0.06237224
27768,0.06291599
27769,0.08124999
27770,0.04287378
27771,0.06608688
27772,0.062207185
27773,0.02839865
27774,0.08438296
27775,0.08433621
27776,0.09760032
27777,0.5407034
27778,0.66676074
27779,0.27172816
27780,0.7002294
27781,0.65001637
27782,0.5234436
27783,0.09695283
27784,0.075559616
27785,0.0750027
27786,0.08713784
27787,0.051572178
27788,0.051572178
27789,0.05821623
27790,0.064868845
27791,0.063113146
27792,0.4713302
27793,0.05848126
27794,0.44374135
27795,0.25627974
27796,0.06371379
27797,0.08157942
27798,0.062825575
27799,0.07287047
27800,0.059115928
27801,0.02955812
27802,0.06235692
27803,0.103107534
27804,0.8584363
27805,0.65236646
27806,0.65389514
27807,0.24314944
27808,0.26693574
27809,0.08647851
27810,0.276482
27811,0.041357964
27812,0.04226348
27813,0.05829501
27814,0.05420316
27815,0.074075796
27816,0.080851145
27817,0.08609995
27818,0.041981317
27819,0.2694947
27820,0.051016644
27821,0.05276212
27822,0.48012105
27823,0.07188225
27824,0.103130125
27825,0.24661396
27826,0.0658911
27827,0.06261753
27828,0.2645833
27829,0.088604435
27830,0.08507945
27831,0.27816924
27832,0.041455276
27833,0.055156413
27834,0.05189879
27835,0.05294035
27836,0.054422386
27837,0.07468982
27838,0.081641845
27839,0.04364378
27840,0.04473236
27841,0.26171905
27842,0.05121702
27843,0.07188225
27844,0.06249
27845,0.09531981
27846,0.050195735
27847,0.06261753
27848,0.065955326
27849,0.07520961
27850,0.0771757
27851,0.5650667
27852,0.5944543
27853,0.09528539
27854,0.05294035
27855,0.053501103
27856,0.08063903
27857,0.085887834
27858,0.041863855
27859,0.05182677
27860,0.05031912
27861,0.053749852
27862,0.0380143
27863,0.039044768
27864,0.039480567
27865,0.061968002
27866,0.0947978
27867,0.5511876
27868,0.06261753
27869,0.06257077
27870,0.25580195
27871,0.042471066
27872,0.098091535
27873,0.59783614
27874,0.09337867
27875,0.041455276
27876,0.054640606
27877,0.26534805
27878,0.053501103
27879,0.051628843
27880,0.051815093
27881,0.08162568
27882,0.08689065
27883,0.059728958
27884,0.051433664
27885,0.051369447
27886,0.0531401
27887,0.044337947
27888,0.050195735
27889,0.06374996
27890,0.06026422
27891,0.038938276
27892,0.03922007
27893,0.04808476
27894,0.04808476
27895,0.5084021
27896,0.067788
27897,0.052257583
27898,0.051628843
27899,0.07322951
27900,0.07452683
27901,0.074324414
27902,0.067183815
27903,0.2563872
27904,0.0643103
27905,0.06415914
27906,0.03999346
27907,0.039316304
27908,0.038510483
27909,0.07618485
27910,0.49192548
27911,0.054164622
27912,0.054758765
27913,0.26164672
27914,0.05006495
27915,0.06807395
27916,0.059742223
27917,0.036640693
27918,0.27479935
27919,0.51883906
27920,0.0673125
27921,0.06756632
27922,0.043659613
27923,0.050448358
27924,0.051459834
27925,0.052257583
27926,0.26741457
27927,0.07284071
27928,0.07273261
27929,0.93010366
27930,0.074324414
27931,0.06639128
27932,0.064452946
27933,0.06412392
27934,0.03820055
27935,0.035521995
27936,0.07710227
27937,0.28077903
27938,0.042377364
27939,0.26553777
27940,0.054164622
27941,0.053648815
27942,0.04870286
27943,0.0787339
27944,0.06301578
27945,0.07064083
27946,0.031976778
27947,0.04808476
27948,0.044967458
27949,0.0452198
27950,0.041455276
27951,0.051554482
27952,0.05246
27953,0.07352401
27954,0.07380861
27955,0.07417045
27956,0.0651347
27957,0.06409504
27958,0.06412392
27959,0.06546372
27960,0.07179164
27961,0.8954082
27962,0.0785682
27963,0.054164622
27964,0.054164622
27965,0.04806772
27966,0.05961144
27967,0.06746608
27968,0.03494926
27969,0.03268028
27970,0.04808476
27971,0.04417542
27972,0.04417542
27973,0.07380861
27974,0.07352401
27975,0.074287914
27976,0.06394702
27977,0.064512715
27978,0.06546372
27979,0.06566614
27980,0.041153595
27981,0.08570566
27982,0.9125342
27983,0.07968507
27984,0.053648815
27985,0.054164622
27986,0.054164622
27987,0.031751666
27988,0.036555905
27989,0.26939762
27990,0.048756104
27991,0.022817286
27992,0.023811925
27993,0.024350982
27994,0.062070686
27995,0.25911465
27996,0.069873534
27997,0.069457985
27998,0.042232703
27999,0.04188762
28000,0.035969544
28001,0.036898598
28002,0.25874317
28003,0.078099765
28004,0.26404926
28005,0.031751666
28006,0.025959803
28007,0.03609194
28008,0.04190675
28009,0.022449423
28010,0.023766184
28011,0.023811925
28012,0.024277594
28013,0.063012086
28014,0.062367875
28015,0.06935773
28016,0.069873534
28017,0.03700242
28018,0.063912444
28019,0.07678902
28020,0.44656414
28021,0.049353536
28022,0.03267847
28023,0.026853839
28024,0.03716485
28025,0.04190675
28026,0.023883648
28027,0.048254173
28028,0.024277594
28029,0.024277594
28030,0.022817286
28031,0.061374165
28032,0.062367875
28033,0.042232703
28034,0.042648252
28035,0.037414405
28036,0.054328036
28037,0.05564838
28038,0.027105236
28039,0.027006859
28040,0.03609194
28041,0.034020066
28042,0.044206537
28043,0.023778198
28044,0.023949064
28045,0.022817286
28046,0.0225917
28047,0.06255412
28048,0.06255412
28049,0.042152748
28050,0.037414405
28051,0.06471811
28052,0.4523922
28053,0.0885237
28054,0.05604792
28055,0.031379595
28056,0.03738285
28057,0.028552106
28058,0.026329616
28059,0.047364995
28060,0.023228565
28061,0.06280554
28062,0.27700046
28063,0.069873534
28064,0.03425131
28065,0.038963817
28066,0.030804902
28067,0.037060883
28068,0.02899078
28069,0.04777627
28070,0.023228565
28071,0.0630644
28072,0.062070686
28073,0.08153942
28074,0.069873534
28075,0.2791798
28076,0.03149986
28077,0.022971934
28078,0.022217944
28079,0.025990373
28080,0.028117586
28081,0.028520916
28082,0.024091342
28083,0.024091342
28084,0.023694461
28085,0.062506154
28086,0.063324034
28087,0.062367875
28088,0.27700046
28089,0.06935773
28090,0.069873534
28091,0.040363677
28092,0.10210746
28093,0.019122755
28094,0.050566092
28095,0.03183051
28096,0.04494575
28097,0.050849605
28098,0.06342032
28099,0.06276116
28100,0.054174557
28101,0.03459374
28102,0.051470872
28103,0.06342032
28104,0.062409986
28105,0.054291494
28106,0.054291494
28107,0.053220272
28108,0.26360515
28109,0.0673336
28110,0.08878796
28111,0.2731561
28112,0.483606
28113,0.059573248
28114,0.05894812
28115,0.059559476
28116,0.26194024
28117,0.078275554
28118,0.28207016
28119,0.085695736
28120,0.27688178
28121,0.06676315
28122,0.06005344
28123,0.037874836
28124,0.040457346
28125,0.04033475
28126,0.28238994
28127,0.06742583
28128,0.5924834
28129,0.29346207
28130,0.06432653
28131,0.059559476
28132,0.05889732
28133,0.059806444
28134,0.05710221
28135,0.04057504
28136,0.0410311
28137,0.040521562
28138,0.04851237
28139,0.046748012
28140,0.08129413
28141,0.27948967
28142,0.43227866
28143,0.4547492
28144,0.06480192
28145,0.06432653
28146,0.058999494
28147,0.059573248
28148,0.057738032
28149,0.0410311
28150,0.040521562
28151,0.047321767
28152,0.06136032
28153,0.08288214
28154,0.42701542
28155,0.097851105
28156,0.0990938
28157,0.5060157
28158,0.07772661
28159,0.07891721
28160,0.4493682
28161,0.05307978
28162,0.053656496
28163,0.5452145
28164,0.05766869
28165,0.0529023
28166,0.05324749
28167,0.065545194
28168,0.075714
28169,0.098636754
28170,0.09902958
28171,0.04681223
28172,0.07891721
28173,0.07771519
28174,0.2851934
28175,0.05417847
28176,0.054070115
28177,0.045974888
28178,0.05798844
28179,0.05255342
28180,0.0519926
28181,0.042592313
28182,0.061664745
28183,0.061088182
28184,0.07547405
28185,0.07384973
28186,0.06705821
28187,0.07301823
28188,0.282619
28189,0.07772661
28190,0.07815782
28191,0.05380878
28192,0.05411794
28193,0.04606873
28194,0.043288663
28195,0.4576739
28196,0.25367686
28197,0.0771657
28198,0.07891721
28199,0.28413305
28200,0.05411794
28201,0.054102592
28202,0.043288663
28203,0.06568784
28204,0.065227635
28205,0.07240084
28206,0.0621486
28207,0.07783779
28208,0.079602145
28209,0.48643088
28210,0.5203164
28211,0.04606873
28212,0.06842266
28213,0.043288663
28214,0.056904025
28215,0.056917798
28216,0.39973038
28217,0.06798459
28218,0.051485345
28219,0.07318649
28220,0.058182918
28221,0.05847342
28222,0.078397766
28223,0.07783779
28224,0.48643088
28225,0.0513518
28226,0.25579903
28227,0.050504886
28228,0.046286307
28229,0.068338014
28230,0.06850145
28231,0.061948884
28232,0.056904025
28233,0.068502
28234,0.06742235
28235,0.05101582
28236,0.041694608
28237,0.028885126
28238,0.032600705
28239,0.037583683
28240,0.07215046
28241,0.07182642
28242,0.44894874
28243,0.0729092
28244,0.0991581
28245,0.06484315
28246,0.05421125
28247,0.036511265
28248,0.035835337
28249,0.051567525
28250,0.051506996
28251,0.05196737
28252,0.06817161
28253,0.50230783
28254,0.05840852
28255,0.059116427
28256,0.061667096
28257,0.06142244
28258,0.057091318
28259,0.056429703
28260,0.06742235
28261,0.051794216
28262,0.042086538
28263,0.04163039
28264,0.04969811
28265,0.02923631
28266,0.032536488
28267,0.029243983
28268,0.0617115
28269,0.27009955
28270,0.08509819
28271,0.4490043
28272,0.55726945
28273,0.57148
28274,0.054283094
28275,0.057542585
28276,0.036276195
28277,0.06747539
28278,0.05099377
28279,0.07467453
28280,0.072104566
28281,0.5692487
28282,0.060935084
28283,0.05766869
28284,0.061731312
28285,0.061564922
28286,0.056429703
28287,0.056917798
28288,0.06951182
28289,0.04181207
28290,0.041747853
28291,0.049552985
28292,0.029243983
28293,0.036639243
28294,0.038501233
28295,0.06461671
28296,0.24885212
28297,0.08420119
28298,0.106887475
28299,0.28082386
28300,0.50901127
28301,0.08375401
28302,0.061428357
28303,0.07512353
28304,0.07734111
28305,0.043773647
28306,0.06478442
28307,0.06518427
28308,0.06449073
28309,0.06423212
28310,0.07878195
28311,0.06147548
28312,0.069550894
28313,0.061791066
28314,0.043521035
28315,0.046628587
28316,0.046628587
28317,0.040495783
28318,0.050719067
28319,0.050162666
28320,0.038658418
28321,0.038501233
28322,0.07435701
28323,0.07199626
28324,0.07581656
28325,0.11436382
28326,0.51971525
28327,0.2781839
28328,0.2609303
28329,0.061127976
28330,0.07462315
28331,0.06557352
28332,0.043940037
28333,0.06518427
28334,0.064723894
28335,0.06459015
28336,0.06418074
28337,0.06105651
28338,0.061957452
28339,0.06189323
28340,0.0425651
28341,0.046628587
28342,0.042175952
28343,0.036639243
28344,0.036592502
28345,0.036842804
28346,0.080117606
28347,0.07555696
28348,0.26229748
28349,0.60897523
28350,0.10448541
28351,0.08381952
28352,0.061192192
28353,0.08495129
28354,0.075055785
28355,0.077686295
28356,0.06522834
28357,0.043940037
28358,0.06490418
28359,0.47368744
28360,0.06147548
28361,0.06945378
28362,0.06231113
28363,0.08004466
28364,0.04815602
28365,0.04821331
28366,0.042175952
28367,0.04428115
28368,0.03863922
28369,0.4114671
28370,0.0776493
28371,0.07766347
28372,0.106815726
28373,0.566369
28374,0.1091976
28375,0.0840043
28376,0.4564263
28377,0.084766515
28378,0.076294325
28379,0.27325407
28380,0.066189095
28381,0.041404083
28382,0.0414683
28383,0.06465842
28384,0.06491796
28385,0.069115095
28386,0.06912794
28387,0.07919297
28388,0.08004466
28389,0.04243854
28390,0.036257748
28391,0.037353605
28392,0.0426061
28393,0.0426061
28394,0.08148016
28395,0.07368018
28396,0.09198415
28397,0.09173053
28398,0.4720184
28399,0.08584097
28400,0.087464236
28401,0.110894985
28402,0.13963425
28403,0.49744144
28404,0.10085174
28405,0.056919083
28406,0.05916905
28407,0.08325458
28408,0.7680812
28409,0.07918013
28410,0.08004466
28411,0.5290091
28412,0.2763145
28413,0.042362202
28414,0.042896975
28415,0.0540211
28416,0.46179223
28417,0.4856533
28418,0.09173053
28419,0.09184613
28420,0.08560482
28421,0.085449226
28422,0.08734921
28423,0.10961135
28424,0.13963425
28425,0.46570894
28426,0.09339349
28427,0.057554904
28428,0.057361707
28429,0.06329998
28430,0.06364516
28431,0.08522588
28432,0.81990594
28433,0.07953816
28434,0.5296438
28435,0.04232108
28436,0.042732354
28437,0.27268267
28438,0.03658265
28439,0.0540211
28440,0.055922806
28441,0.06875501
28442,0.07928313
28443,0.092030905
28444,0.46431568
28445,0.25954482
28446,0.08555826
28447,0.2624311
28448,0.109641634
28449,0.2711636
28450,0.5125474
28451,0.42776737
28452,0.27959523
28453,0.27905592
28454,0.094652206
28455,0.8500796
28456,0.85846114
28457,0.5636055
28458,0.08002553
28459,0.080052905
28460,0.26215932
28461,0.05873022
28462,0.058992807
28463,0.04079189
28464,0.06171461
28465,0.061088182
28466,0.07928313
28467,0.07256392
28468,0.08946931
28469,0.08574029
28470,0.2609564
28471,0.087515615
28472,0.109641634
28473,0.052797396
28474,0.12028413
28475,0.28610456
28476,0.28732088
28477,0.041931752
28478,0.05925702
28479,0.27934635
28480,0.053693186
28481,0.0953815
28482,0.7836945
28483,0.85846114
28484,0.56241494
28485,0.08017037
28486,0.08046418
28487,0.042175952
28488,0.05891647
28489,0.42205533
28490,0.04037806
28491,0.039862253
28492,0.037496258
28493,0.036773555
28494,0.06214577
28495,0.052612603
28496,0.053720094
28497,0.054071277
28498,0.06421275
28499,0.0639728
28500,0.5283501
28501,0.08719308
28502,0.09342291
28503,0.0959695
28504,0.0959695
28505,0.08697945
28506,0.08025764
28507,0.26621327
28508,0.261556
28509,0.09665443
28510,0.28132275
28511,0.08340584
28512,0.08371757
28513,0.91891
28514,0.7125385
28515,0.8209546
28516,0.057871632
28517,0.07265729
28518,0.069771454
28519,0.43092322
28520,0.083081044
28521,0.26649264
28522,0.058776163
28523,0.058776163
28524,0.052797396
28525,0.054071277
28526,0.053770892
28527,0.06421275
28528,0.06421275
28529,0.53205526
28530,0.5300643
28531,0.2520634
28532,0.09684741
28533,0.0959695
28534,0.09500643
28535,0.0859139
28536,0.085860655
28537,0.06898099
28538,0.09622584
28539,0.09672462
28540,0.08367082
28541,0.09177179
28542,0.05382988
28543,0.89187014
28544,0.8290482
28545,0.8463043
28546,0.058023125
28547,0.05793585
28548,0.26425976
28549,0.06214577
28550,0.4408315
28551,0.08217727
28552,0.043513495
28553,0.052797396
28554,0.05356291
28555,0.034598522
28556,0.06421275
28557,0.056612182
28558,0.8313696
28559,0.8324243
28560,0.09607853
28561,0.095784724
28562,0.08697945
28563,0.12106756
28564,0.08843619
28565,0.56491476
28566,0.26095942
28567,0.06963594
28568,0.08345477
28569,0.0831133
28570,0.09177179
28571,0.07599035
28572,0.27772278
28573,0.58963543
28574,0.27087975
28575,0.0582977
28576,0.07229926
28577,0.06931125
28578,0.068482034
28579,0.060863137
28580,0.26243183
28581,0.08197485
28582,0.05897858
28583,0.05650316
28584,0.05650316
28585,0.80538625
28586,0.62930596
28587,0.25769502
28588,0.25639385
28589,0.12130751
28590,0.12130751
28591,0.08923649
28592,0.5553493
28593,0.06966357
28594,0.068771414
28595,0.08368994
28596,0.08317414
28597,0.27742592
28598,0.07618354
28599,0.27350622
28600,0.28081176
28601,0.26799974
28602,0.26993346
28603,0.92150146
28604,0.072725326
28605,0.067104794
28606,0.06190762
28607,0.26181877
28608,0.06688466
28609,0.062209945
28610,0.27492458
28611,0.034594998
28612,0.034659214
28613,0.08105466
28614,0.08465157
28615,0.09741786
28616,0.55504894
28617,0.25807235
28618,0.25996995
28619,0.26794833
28620,0.12285836
28621,0.11142941
28622,0.29257295
28623,0.075326174
28624,0.076230295
28625,0.07471026
28626,0.07569912
28627,0.5344039
28628,0.26120532
28629,0.05117434
28630,0.5507044
28631,0.5535296
28632,0.06252906
28633,0.06625534
28634,0.07252168
28635,0.06222782
28636,0.06406298
28637,0.043513495
28638,0.043106955
28639,0.034895383
28640,0.08110141
28641,0.08465157
28642,0.09746461
28643,0.0959695
28644,0.59050053
28645,0.65554106
28646,0.6175635
28647,0.6175635
28648,0.5471079
28649,0.10365437
28650,0.07527803
28651,0.07471026
28652,0.07518332
28653,0.26941776
28654,0.10354761
28655,0.25340244
28656,0.06862747
28657,0.06447482
28658,0.06319463
28659,0.07296475
28660,0.062430236
28661,0.06388043
28662,0.043090787
28663,0.042904537
28664,0.034253333
28665,0.029762521
28666,0.08379179
28667,0.08465157
28668,0.095922746
28669,0.5527346
28670,0.13685428
28671,0.6427592
28672,0.675598
28673,0.68806344
28674,0.28625017
28675,0.2809827
28676,0.07477448
28677,0.10424966
28678,0.051585615
28679,0.051291797
28680,0.06655167
28681,0.8847217
28682,0.0615631
28683,0.057705764
28684,0.261407
28685,0.060572613
28686,0.2572415
28687,0.08187684
28688,0.042904537
28689,0.06611764
28690,0.06733854
28691,0.08446679
28692,0.084604815
28693,0.095784724
28694,0.5539493
28695,0.6764073
28696,0.2682167
28697,0.67664444
28698,0.617421
28699,0.52726406
28700,0.09672462
28701,0.07569912
28702,0.08607482
28703,0.05144329
28704,0.051137846
28705,0.065018356
28706,0.27563474
28707,0.4711584
28708,0.05786068
28709,0.4564004
28710,0.25717047
28711,0.06807358
28712,0.08211499
28713,0.07009302
28714,0.06564168
28715,0.067172974
28716,0.0639728
28717,0.060995724
28718,0.10442862
28719,0.86263007
28720,0.65214735
28721,0.65298563
28722,0.49691054
28723,0.2766028
28724,0.086226314
28725,0.27649528
28726,0.058376487
28727,0.054092586
28728,0.054098386
28729,0.073910445
28730,0.0810051
28731,0.085999735
28732,0.043524437
28733,0.44489676
28734,0.056494594
28735,0.053681314
28736,0.49672318
28737,0.072791815
28738,0.029151741
28739,0.06269439
28740,0.104559384
28741,0.25275764
28742,0.06339734
28743,0.0639057
28744,0.27233043
28745,0.2705479
28746,0.085957356
28747,0.09126462
28748,0.26696825
28749,0.053021826
28750,0.052967098
28751,0.05421005
28752,0.27436057
28753,0.08170715
28754,0.044813834
28755,0.04351103
28756,0.051247776
28757,0.07200865
28758,0.062236603
28759,0.09670743
28760,0.050119117
28761,0.06147734
28762,0.07540595
28763,0.07540595
28764,0.56281585
28765,0.5840965
28766,0.095057175
28767,0.041390512
28768,0.053224243
28769,0.054300804
28770,0.050738566
28771,0.0810051
28772,0.086253904
28773,0.044147797
28774,0.056494594
28775,0.051857527
28776,0.05327004
28777,0.038045056
28778,0.039022278
28779,0.041716293
28780,0.061376832
28781,0.09624965
28782,0.47029585
28783,0.06339734
28784,0.07540595
28785,0.03949265
28786,0.09469224
28787,0.57325363
28788,0.095057175
28789,0.04124803
28790,0.26435372
28791,0.053021826
28792,0.05429732
28793,0.05171032
28794,0.05197347
28795,0.27420402
28796,0.08676971
28797,0.04438516
28798,0.051857527
28799,0.051966
28800,0.05327004
28801,0.040024217
28802,0.04133742
28803,0.04959712
28804,0.078938976
28805,0.05914361
28806,0.03949265
28807,0.03962545
28808,0.0478819
28809,0.048815254
28810,0.5059403
28811,0.067727156
28812,0.05157174
28813,0.05170452
28814,0.07310856
28815,0.074405886
28816,0.27338535
28817,0.06573197
28818,0.06573197
28819,0.06439177
28820,0.064123146
28821,0.03502332
28822,0.040024217
28823,0.03872749
28824,0.07563498
28825,0.5124724
28826,0.055736303
28827,0.054994255
28828,0.2627248
28829,0.049683914
28830,0.08544957
28831,0.05914361
28832,0.03962545
28833,0.49048278
28834,0.53850985
28835,0.06764779
28836,0.06766293
28837,0.04374109
28838,0.052047234
28839,0.05168411
28840,0.05157174
28841,0.05182325
28842,0.07329481
28843,0.07310856
28844,0.9128825
28845,0.066054955
28846,0.06627956
28847,0.06439177
28848,0.06459419
28849,0.032125276
28850,0.035670213
28851,0.07563498
28852,0.46137652
28853,0.044368703
28854,0.2624919
28855,0.054736633
28856,0.054906983
28857,0.04880053
28858,0.08549632
28859,0.05930664
28860,0.06749938
28861,0.03147235
28862,0.048281103
28863,0.047279216
28864,0.04319363
28865,0.04380311
28866,0.041556902
28867,0.052525308
28868,0.05163596
28869,0.05418791
28870,0.07370014
28871,0.073594
28872,0.07495767
28873,0.06457802
28874,0.06439177
28875,0.065545194
28876,0.032259565
28877,0.0706611
28878,0.8886777
28879,0.078160144
28880,0.055220496
28881,0.05485644
28882,0.048098475
28883,0.05914361
28884,0.06749938
28885,0.032171234
28886,0.031519108
28887,0.27516788
28888,0.044159584
28889,0.054479733
28890,0.07389008
28891,0.07495767
28892,0.06459419
28893,0.06405892
28894,0.06527657
28895,0.065545194
28896,0.035670213
28897,0.0706611
28898,0.8892681
28899,0.07768465
28900,0.055220496
28901,0.054725304
28902,0.048614282
28903,0.03211193
28904,0.037167996
28905,0.27284056
28906,0.048733614
28907,0.024308352
28908,0.022407545
28909,0.063628465
28910,0.063888095
28911,0.06990429
28912,0.06943746
28913,0.04221219
28914,0.042679008
28915,0.03744516
28916,0.06389986
28917,0.07648658
28918,0.09744424
28919,0.054453313
28920,0.03246541
28921,0.026742997
28922,0.035480637
28923,0.044148874
28924,0.023914406
28925,0.022251789
28926,0.02166322
28927,0.06311266
28928,0.062416133
28929,0.07009054
28930,0.069252424
28931,0.042865258
28932,0.06460191
28933,0.26387948
28934,0.032581
28935,0.026742997
28936,0.03740795
28937,0.03714854
28938,0.023914406
28939,0.023979822
28940,0.048800737
28941,0.02438174
28942,0.0241221
28943,0.06094508
28944,0.042679008
28945,0.041918375
28946,0.042679008
28947,0.03744516
28948,0.06460191
28949,0.05303276
28950,0.054333508
28951,0.024845326
28952,0.0262764
28953,0.026156146
28954,0.037361193
28955,0.032784063
28956,0.043927915
28957,0.024308352
28958,0.02279948
28959,0.06311818
28960,0.061203916
28961,0.04226346
28962,0.06389986
28963,0.4406464
28964,0.07648658
28965,0.05483057
28966,0.27278563
28967,0.030192267
28968,0.03131866
28969,0.04024451
28970,0.026455648
28971,0.02595706
28972,0.04828493
28973,0.06310066
28974,0.08208598
28975,0.06990429
28976,0.041103818
28977,0.039553862
28978,0.02869463
28979,0.0332428
28980,0.01968026
28981,0.037656907
28982,0.04828493
28983,0.06381471
28984,0.06219425
28985,0.08234562
28986,0.06990429
28987,0.09744424
28988,0.028748292
28989,0.020469662
28990,0.026186716
28991,0.02908495
28992,0.031704534
28993,0.06310066
28994,0.06310066
28995,0.063628465
28996,0.06311818
28997,0.28739783
28998,0.2602205
28999,0.039813504
29000,0.09683814
29001,0.12189775
29002,0.020085553
29003,0.04221415
29004,0.04300069
29005,0.06276116
29006,0.056850053
29007,0.052868318
29008,0.056036066
29009,0.043437473
29010,0.03492781
29011,0.06088808
29012,0.063038446
29013,0.051789116
29014,0.05313725
29015,0.27589658
29016,0.062714405
29017,0.08451842
29018,0.27168435
29019,0.479865
29020,0.058999624
29021,0.2747462
29022,0.07182367
29023,0.5540875
29024,0.08552692
29025,0.06347349
29026,0.06676315
29027,0.05779856
29028,0.05779856
29029,0.03818382
29030,0.038384374
29031,0.040457346
29032,0.07446382
29033,0.07435923
29034,0.6022441
29035,0.29790822
29036,0.059771016
29037,0.059357524
29038,0.2746738
29039,0.057582837
29040,0.057544835
29041,0.043221764
29042,0.040815376
29043,0.07435923
29044,0.26487216
29045,0.45296136
29046,0.4439323
29047,0.06390211
29048,0.05894812
29049,0.059319522
29050,0.274784
29051,0.0383706
29052,0.040470187
29053,0.0410311
29054,0.04681223
29055,0.0617115
29056,0.41946605
29057,0.098636754
29058,0.26533547
29059,0.51039714
29060,0.077712834
29061,0.07721708
29062,0.4772347
29063,0.05411776
29064,0.2680474
29065,0.05910997
29066,0.05324749
29067,0.05303207
29068,0.065545194
29069,0.07693216
29070,0.098359466
29071,0.26909813
29072,0.047321767
29073,0.0771657
29074,0.07785063
29075,0.28442344
29076,0.053551544
29077,0.054070115
29078,0.045443017
29079,0.057783704
29080,0.052392446
29081,0.043288663
29082,0.061088182
29083,0.07253225
29084,0.07286245
29085,0.07308741
29086,0.4609217
29087,0.078176476
29088,0.05380878
29089,0.044879813
29090,0.043288663
29091,0.06502939
29092,0.44391173
29093,0.0729092
29094,0.07991726
29095,0.44710988
29096,0.47916737
29097,0.05380878
29098,0.054070115
29099,0.046147127
29100,0.04595314
29101,0.044586
29102,0.06539404
29103,0.065545194
29104,0.07318649
29105,0.06484315
29106,0.07841154
29107,0.079602145
29108,0.2808063
29109,0.51952964
29110,0.044493902
29111,0.04768889
29112,0.056365486
29113,0.44806248
29114,0.06969807
29115,0.051676754
29116,0.063179955
29117,0.062711574
29118,0.07783779
29119,0.46884736
29120,0.068104446
29121,0.051553752
29122,0.053100836
29123,0.051057987
29124,0.04606873
29125,0.068338014
29126,0.07304105
29127,0.058817927
29128,0.05845111
29129,0.06828658
29130,0.068502
29131,0.05101582
29132,0.042105883
29133,0.029403891
29134,0.02923631
29135,0.029625848
29136,0.07215046
29137,0.068520606
29138,0.26745388
29139,0.07318649
29140,0.09900232
29141,0.06285484
29142,0.05371004
29143,0.036511265
29144,0.036511265
29145,0.051553752
29146,0.051567525
29147,0.051567525
29148,0.27480152
29149,0.27992424
29150,0.060535237
29151,0.058472738
29152,0.06221941
29153,0.06221941
29154,0.05664728
29155,0.056365486
29156,0.068026505
29157,0.051676754
29158,0.04154948
29159,0.049552985
29160,0.029339673
29161,0.02923631
29162,0.029456433
29163,0.061988793
29164,0.2701385
29165,0.08509819
29166,0.42947552
29167,0.5752962
29168,0.5982566
29169,0.057579998
29170,0.054777414
29171,0.036450736
29172,0.068104446
29173,0.051553752
29174,0.27104726
29175,0.07211834
29176,0.5664573
29177,0.05975225
29178,0.057783704
29179,0.06202512
29180,0.056429703
29181,0.056429703
29182,0.06809073
29183,0.042105883
29184,0.049739234
29185,0.04372589
29186,0.03638554
29187,0.024688698
29188,0.036639243
29189,0.034411773
29190,0.05542598
29191,0.25048098
29192,0.078790285
29193,0.10718437
29194,0.46141768
29195,0.51777244
29196,0.0840043
29197,0.061428357
29198,0.07496834
29199,0.07790202
29200,0.044817112
29201,0.04413045
29202,0.064723894
29203,0.06518427
29204,0.06449073
29205,0.064504504
29206,0.07899427
29207,0.061075635
29208,0.06953299
29209,0.04299626
29210,0.046628587
29211,0.046814837
29212,0.04232108
29213,0.05030779
29214,0.050425254
29215,0.028860295
29216,0.038793124
29217,0.04352016
29218,0.078691535
29219,0.07449057
29220,0.07889932
29221,0.11406766
29222,0.5179557
29223,0.2726267
29224,0.25832722
29225,0.061127976
29226,0.07475292
29227,0.06502249
29228,0.04423385
29229,0.065571785
29230,0.06518427
29231,0.064904355
29232,0.061075635
29233,0.062292006
29234,0.06233876
29235,0.043301687
29236,0.04815602
29237,0.042516936
29238,0.050162666
29239,0.036639243
29240,0.039563727
29241,0.07815766
29242,0.07789409
29243,0.10734648
29244,0.5807342
29245,0.10924898
29246,0.0840043
29247,0.061192192
29248,0.084715135
29249,0.075784795
29250,0.07734111
29251,0.066189095
29252,0.04387595
29253,0.06491796
29254,0.49908948
29255,0.061075635
29256,0.06953299
29257,0.062251262
29258,0.08157797
29259,0.047495086
29260,0.042175952
29261,0.036639243
29262,0.03356771
29263,0.28312707
29264,0.079188615
29265,0.07852671
29266,0.11541206
29267,0.5630119
29268,0.109402336
29269,0.08411333
29270,0.46325454
29271,0.08495129
29272,0.26697314
29273,0.2739366
29274,0.06557352
29275,0.04194553
29276,0.04141692
29277,0.06491796
29278,0.0647098
29279,0.06956062
29280,0.0693969
29281,0.27503183
29282,0.08044451
29283,0.042175952
29284,0.03657179
29285,0.03706273
29286,0.042896975
29287,0.0426061
29288,0.086205676
29289,0.08885579
29290,0.09213994
29291,0.092030905
29292,0.26755458
29293,0.08584097
29294,0.08873503
29295,0.11084823
29296,0.13900957
29297,0.48385784
29298,0.1018125
29299,0.05925702
29300,0.06329998
29301,0.08710878
29302,0.7720282
29303,0.07924435
29304,0.08044451
29305,0.5317424
29306,0.2757313
29307,0.037047293
29308,0.041827563
29309,0.054298393
29310,0.47640064
29311,0.4664792
29312,0.0915889
29313,0.09213994
29314,0.08560482
29315,0.085449226
29316,0.08725838
29317,0.110894985
29318,0.13963425
29319,0.48803395
29320,0.09430287
29321,0.05735987
29322,0.05734703
29323,0.06074111
29324,0.063351355
29325,0.08459425
29326,0.834864
29327,0.079180256
29328,0.5306642
29329,0.04232108
29330,0.04232108
29331,0.27278888
29332,0.037353605
29333,0.05400752
29334,0.0540211
29335,0.07666363
29336,0.076599404
29337,0.08811711
29338,0.46482936
29339,0.25808203
29340,0.08521307
29341,0.5311935
29342,0.1097252
29343,0.2757434
29344,0.5128429
29345,0.4316127
29346,0.27792212
29347,0.28179345
29348,0.08180828
29349,0.8350617
29350,0.81982225
29351,0.57020414
29352,0.080970675
29353,0.2587437
29354,0.05892859
29355,0.05873022
29356,0.04037806
29357,0.037436087
29358,0.061988793
29359,0.07928313
29360,0.08965409
29361,0.08965409
29362,0.25952125
29363,0.08770039
29364,0.10833253
29365,0.052690998
29366,0.12028413
29367,0.2774258
29368,0.4292157
29369,0.041352704
29370,0.058857173
29371,0.27561346
29372,0.053962138
29373,0.094652206
29374,0.7968587
29375,0.82959443
29376,0.56395316
29377,0.07998868
29378,0.080970675
29379,0.04241504
29380,0.058543842
29381,0.41141146
29382,0.040919084
29383,0.040176295
29384,0.03779007
29385,0.054071277
29386,0.054071277
29387,0.06421275
29388,0.064165995
29389,0.5521
29390,0.08742923
29391,0.0959695
29392,0.09572357
29393,0.0964375
29394,0.08697945
29395,0.080970675
29396,0.56303704
29397,0.26048008
29398,0.09670549
29399,0.2791285
29400,0.08357224
29401,0.08368994
29402,0.92212737
29403,0.7242633
29404,0.8423751
29405,0.058229666
29406,0.26490933
29407,0.069556035
29408,0.060916383
29409,0.45458105
29410,0.08264048
29411,0.26649264
29412,0.058776163
29413,0.058962412
29414,0.052612603
29415,0.054071277
29416,0.054071277
29417,0.06402797
29418,0.06432178
29419,0.52581584
29420,0.52375317
29421,0.25272012
29422,0.09572357
29423,0.09586311
29424,0.0796732
29425,0.087178275
29426,0.086778425
29427,0.06963594
29428,0.06865395
29429,0.28141987
29430,0.09672462
29431,0.08374771
29432,0.09177179
29433,0.054479733
29434,0.89188766
29435,0.8561473
29436,0.8333671
29437,0.05848395
29438,0.059030555
29439,0.5567479
29440,0.4475436
29441,0.08152128
29442,0.042904537
29443,0.054071277
29444,0.034598522
29445,0.06402797
29446,0.056254152
29447,0.83114713
29448,0.85757095
29449,0.0964375
29450,0.095922746
29451,0.09480058
29452,0.12111252
29453,0.08831872
29454,0.56534547
29455,0.2609728
29456,0.068771414
29457,0.083650626
29458,0.083866045
29459,0.09173247
29460,0.0756893
29461,0.7760878
29462,0.58941364
29463,0.2711646
29464,0.058229666
29465,0.07244187
29466,0.07030558
29467,0.06862747
29468,0.06368796
29469,0.08197485
29470,0.08197485
29471,0.058776163
29472,0.054071277
29473,0.0344895
29474,0.056612182
29475,0.05650316
29476,0.8382948
29477,0.6295108
29478,0.25772387
29479,0.25639385
29480,0.12117674
29481,0.121260755
29482,0.08923649
29483,0.5456988
29484,0.06961682
29485,0.08339055
29486,0.08357224
29487,0.093305096
29488,0.0756893
29489,0.08365686
29490,0.6780716
29491,0.27276137
29492,0.12318923
29493,0.9287687
29494,0.07229938
29495,0.06855007
29496,0.06214577
29497,0.25827685
29498,0.06768943
29499,0.058776163
29500,0.42781043
29501,0.034895383
29502,0.034594998
29503,0.080916636
29504,0.08511957
29505,0.24683061
29506,0.5622263
29507,0.26227418
29508,0.58013034
29509,0.26831013
29510,0.12285836
29511,0.1116111
29512,0.53969365
29513,0.07547388
29514,0.0756893
29515,0.07477448
29516,0.074970335
29517,0.58217615
29518,0.26411405
29519,0.05165365
29520,0.55345184
29521,0.5524597
29522,0.06669841
29523,0.26140183
29524,0.06171201
29525,0.06406298
29526,0.0433765
29527,0.0344895
29528,0.034646373
29529,0.08121044
29530,0.082169205
29531,0.09746461
29532,0.0959695
29533,0.5847904
29534,0.6725059
29535,0.62654096
29536,0.6242893
29537,0.5392557
29538,0.1040124
29539,0.076230295
29540,0.07572675
29541,0.075679995
29542,0.26529902
29543,0.10426583
29544,0.0518399
29545,0.06818823
29546,0.0651695
29547,0.06294034
29548,0.06631956
29549,0.07541072
29550,0.06222782
29551,0.043513495
29552,0.030011533
29553,0.08465157
29554,0.084402695
29555,0.0959695
29556,0.55261475
29557,0.26358327
29558,0.60185045
29559,0.67664444
29560,0.6761974
29561,0.2849594
29562,0.09668605
29563,0.07618354
29564,0.07569912
29565,0.10424966
29566,0.05144329
29567,0.051291797
29568,0.064539045
29569,0.8850559
29570,0.06300837
29571,0.058376487
29572,0.07296475
29573,0.06222782
29574,0.25761104
29575,0.08159918
29576,0.043090787
29577,0.07162338
29578,0.06733854
29579,0.030011533
29580,0.08465157
29581,0.08465157
29582,0.096373275
29583,0.5504556
29584,0.65923023
29585,0.26930177
29586,0.67960835
29587,0.6399586
29588,0.52941704
29589,0.09672462
29590,0.076230295
29591,0.07569912
29592,0.086881995
29593,0.05122758
29594,0.05117434
29595,0.06465651
29596,0.062492557
29597,0.4621423
29598,0.05830845
29599,0.45213833
29600,0.06222782
29601,0.06412522
29602,0.08211499
29603,0.0764264
29604,0.06918302
29605,0.06223794
29606,0.06421275
29607,0.060800854
29608,0.10442862
29609,0.81712246
29610,0.6705987
29611,0.64823955
29612,0.4978557
29613,0.51898974
29614,0.27180156
29615,0.27744803
29616,0.04143944
29617,0.0420699
29618,0.058166124
29619,0.054098386
29620,0.07466319
29621,0.08122642
29622,0.086553
29623,0.04445551
29624,0.43044317
29625,0.0510474
29626,0.053323284
29627,0.05327004
29628,0.4526022
29629,0.0718224
29630,0.104559384
29631,0.25219616
29632,0.0639057
29633,0.0640494
29634,0.26819348
29635,0.26787546
29636,0.08686287
29637,0.09123699
29638,0.05523789
29639,0.053031046
29640,0.051862802
29641,0.054284636
29642,0.07495767
29643,0.04438516
29644,0.26718917
29645,0.051857527
29646,0.072791815
29647,0.067809485
29648,0.062236603
29649,0.09627224
29650,0.04959712
29651,0.06442771
29652,0.075288326
29653,0.07540595
29654,0.27679938
29655,0.5431913
29656,0.09326792
29657,0.043070063
29658,0.053224243
29659,0.05402837
29660,0.0815209
29661,0.08657166
29662,0.044030335
29663,0.051857527
29664,0.05087037
29665,0.058417674
29666,0.0373679
29667,0.044368703
29668,0.04133742
29669,0.06239964
29670,0.09670743
29671,0.48279178
29672,0.0639057
29673,0.07505774
29674,0.03962545
29675,0.09633
29676,0.5737144
29677,0.09315045
29678,0.041492686
29679,0.2662286
29680,0.051798586
29681,0.05450386
29682,0.051881842
29683,0.05209645
29684,0.27839798
29685,0.08676971
29686,0.042135928
29687,0.051857527
29688,0.050044037
29689,0.053681314
29690,0.0422321
29691,0.049683914
29692,0.078675404
29693,0.059012827
29694,0.039134752
29695,0.03962545
29696,0.05300457
29697,0.052940354
29698,0.51230013
29699,0.0674582
29700,0.052541476
29701,0.051928896
29702,0.05171032
29703,0.07291052
29704,0.07421951
29705,0.27380878
29706,0.06573197
29707,0.066412985
29708,0.06453442
29709,0.06424061
29710,0.038045056
29711,0.03553206
29712,0.036028244
29713,0.07494571
29714,0.5138145
29715,0.05367957
29716,0.06805875
29717,0.049351186
29718,0.08525039
29719,0.062211305
29720,0.03962545
29721,0.27817643
29722,0.53850985
29723,0.06739397
29724,0.06766451
29725,0.04435544
29726,0.05233906
29727,0.05233906
29728,0.052125003
29729,0.052541476
29730,0.07329481
29731,0.07240281
29732,0.9451191
29733,0.06573197
29734,0.06573197
29735,0.06459419
29736,0.064123146
29737,0.03786408
29738,0.07447368
29739,0.43973204
29740,0.039433554
29741,0.26575026
29742,0.05485644
29743,0.05478952
29744,0.048098475
29745,0.059665605
29746,0.06749938
29747,0.03258064
29748,0.052940354
29749,0.04457086
29750,0.044256896
29751,0.041375224
29752,0.05128638
29753,0.074592136
29754,0.0738176
29755,0.07466319
29756,0.064319
29757,0.064319
29758,0.06502939
29759,0.037265774
29760,0.072791815
29761,0.8841101
29762,0.07768465
29763,0.054195378
29764,0.054725304
29765,0.048873924
29766,0.05914361
29767,0.06725345
29768,0.035292484
29769,0.03147235
29770,0.52600336
29771,0.044095367
29772,0.044159584
29773,0.041536752
29774,0.041492686
29775,0.05233906
29776,0.054479733
29777,0.074405886
29778,0.07495767
29779,0.06439177
29780,0.06459419
29781,0.06568784
29782,0.06527657
29783,0.03461797
29784,0.07200865
29785,0.8870443
29786,0.079769194
29787,0.054725304
29788,0.054195378
29789,0.032529626
29790,0.027203202
29791,0.036553547
29792,0.042103097
29793,0.04848513
29794,0.022348506
29795,0.022848044
29796,0.063628465
29797,0.25687996
29798,0.06990429
29799,0.06914365
29800,0.04238092
29801,0.042679008
29802,0.03763141
29803,0.03731601
29804,0.06441566
29805,0.26532012
29806,0.46067217
29807,0.055679135
29808,0.03194801
29809,0.02637832
29810,0.03678734
29811,0.034152195
29812,0.04660341
29813,0.024324765
29814,0.024046266
29815,0.024308352
29816,0.063628465
29817,0.06293193
29818,0.06990429
29819,0.06990429
29820,0.042679008
29821,0.06470386
29822,0.07674622
29823,0.29188374
29824,0.054453313
29825,0.033529345
29826,0.026156146
29827,0.037273344
29828,0.036537245
29829,0.024324765
29830,0.04739575
29831,0.023304982
29832,0.02372522
29833,0.06311818
29834,0.062416133
29835,0.042679008
29836,0.0421632
29837,0.042679008
29838,0.03744516
29839,0.06439084
29840,0.053433865
29841,0.0543445
29842,0.0262764
29843,0.026156146
29844,0.03972878
29845,0.033013724
29846,0.04419563
29847,0.023586841
29848,0.02296676
29849,0.022965508
29850,0.02372522
29851,0.061526954
29852,0.06311818
29853,0.04293865
29854,0.39862075
29855,0.08563387
29856,0.05642639
29857,0.028748292
29858,0.03687206
29859,0.026538668
29860,0.02595706
29861,0.04828493
29862,0.063628465
29863,0.08396815
29864,0.0697577
29865,0.028866723
29866,0.03270186
29867,0.030930214
29868,0.021612508
29869,0.047513213
29870,0.0241221
29871,0.063628465
29872,0.083866335
29873,0.2800913
29874,0.031245267
29875,0.019865518
29876,0.026720794
29877,0.029187122
29878,0.028084273
29879,0.022848044
29880,0.022848044
29881,0.023842683
29882,0.063628465
29883,0.06310066
29884,0.063888095
29885,0.062416133
29886,0.27612767
29887,0.25246626
29888,0.038994573
29889,0.09975126
29890,0.022653248
29891,0.019327175
29892,0.028605295
29893,0.031543523
29894,0.03516828
29895,0.06472112
29896,0.05159277
29897,0.052671973
29898,0.052671973
29899,0.031106206
29900,0.06487448
29901,0.053756036
29902,0.06730342
29903,0.0649387
29904,0.08392298
29905,0.2713081
29906,0.48676354
29907,0.05891807
29908,0.26522195
29909,0.06767388
29910,0.27145925
29911,0.08392298
29912,0.2789623
29913,0.06511084
29914,0.059478983
29915,0.057643767
29916,0.057704296
29917,0.038074385
29918,0.040936835
29919,0.26207274
29920,0.071228236
29921,0.5907052
29922,0.2839215
29923,0.05946521
29924,0.2725444
29925,0.057704296
29926,0.040312145
29927,0.04048527
29928,0.07414567
29929,0.26300624
29930,0.44267467
29931,0.45787883
29932,0.0634434
29933,0.06666889
29934,0.061733864
29935,0.059959177
29936,0.057273153
29937,0.03829011
29938,0.040876307
29939,0.040923063
29940,0.046717964
29941,0.061720185
29942,0.080921285
29943,0.42395458
29944,0.2617671
29945,0.48281303
29946,0.5069977
29947,0.078822955
29948,0.45450133
29949,0.053714514
29950,0.05975194
29951,0.05902948
29952,0.05274382
29953,0.05413487
29954,0.06546406
29955,0.07572268
29956,0.0995266
29957,0.09809086
29958,0.046775937
29959,0.07763235
29960,0.07774366
29961,0.28360823
29962,0.05407043
29963,0.045858875
29964,0.05767673
29965,0.052937806
29966,0.044376142
29967,0.061720185
29968,0.07553508
29969,0.24846499
29970,0.07407633
29971,0.07763235
29972,0.07830351
29973,0.054084204
29974,0.043594245
29975,0.41992745
29976,0.07291788
29977,0.07259384
29978,0.078822955
29979,0.078822955
29980,0.28309506
29981,0.05366314
29982,0.05393209
29983,0.04591025
29984,0.0431944
29985,0.06546372
29986,0.06546372
29987,0.041984964
29988,0.07264059
29989,0.061518837
29990,0.07788614
29991,0.2821266
29992,0.28074455
29993,0.05141273
29994,0.5225678
29995,0.04406588
29996,0.043180626
29997,0.2686229
29998,0.0684598
29999,0.051910065
30000,0.07274962
30001,0.24058907
30002,0.06462129
30003,0.07786572
30004,0.28460988
30005,0.4675665
30006,0.051459488
30007,0.050963722
30008,0.045348752
30009,0.068322144
30010,0.06839263
30011,0.05842985
30012,0.06185462
30013,0.0576109
30014,0.07293821
30015,0.068122394
30016,0.051982835
30017,0.041849524
30018,0.049853027
30019,0.05000419
30020,0.043296304
30021,0.02539251
30022,0.02919032
30023,0.03705419
30024,0.071604565
30025,0.07087667
30026,0.28254914
30027,0.07274962
30028,0.098540515
30029,0.06437536
30030,0.05436555
30031,0.035965435
30032,0.036417
30033,0.05147326
30034,0.05147326
30035,0.05147326
30036,0.55228525
30037,0.5079821
30038,0.058508243
30039,0.059657983
30040,0.061911512
30041,0.056335438
30042,0.05627122
30043,0.06827389
30044,0.052221924
30045,0.04148488
30046,0.041849524
30047,0.2599994
30048,0.02919032
30049,0.03763973
30050,0.037034843
30051,0.26730904
30052,0.084829584
30053,0.28220066
30054,0.26319003
30055,0.567178
30056,0.0575973
30057,0.059964363
30058,0.036816847
30059,0.067794465
30060,0.050963722
30061,0.26862288
30062,0.06819238
30063,0.56775784
30064,0.0590069
30065,0.05768944
30066,0.061521456
30067,0.05722338
30068,0.056284063
30069,0.06800493
30070,0.052185252
30071,0.05019044
30072,0.04317884
30073,0.03669616
30074,0.036425672
30075,0.039455187
30076,0.058891047
30077,0.07172765
30078,0.07841529
30079,0.11379905
30080,0.4656195
30081,0.5212966
30082,0.08373569
30083,0.06115975
30084,0.074528895
30085,0.075089805
30086,0.07774723
30087,0.04399913
30088,0.042718526
30089,0.064690165
30090,0.064690165
30091,0.06408648
30092,0.06413799
30093,0.07511645
30094,0.06098137
30095,0.06943873
30096,0.06105911
30097,0.047079794
30098,0.048193473
30099,0.050623093
30100,0.050614197
30101,0.028706364
30102,0.03879603
30103,0.039455187
30104,0.07652512
30105,0.07172765
30106,0.24682318
30107,0.1071421
30108,0.509005
30109,0.27201557
30110,0.25481305
30111,0.06115975
30112,0.075089805
30113,0.06569499
30114,0.044722844
30115,0.06428047
30116,0.06441025
30117,0.06395868
30118,0.060576312
30119,0.06164041
30120,0.061812636
30121,0.043114625
30122,0.048310935
30123,0.04241191
30124,0.036425672
30125,0.037254967
30126,0.037254967
30127,0.07882873
30128,0.077889055
30129,0.2630556
30130,0.5887888
30131,0.10311466
30132,0.08368894
30133,0.060974956
30134,0.084442735
30135,0.07776382
30136,0.07780776
30137,0.06569499
30138,0.043794397
30139,0.0648237
30140,0.27108052
30141,0.060962245
30142,0.069226414
30143,0.06141279
30144,0.07828179
30145,0.048193473
30146,0.042111352
30147,0.035766516
30148,0.039698597
30149,0.26197654
30150,0.07821554
30151,0.07891518
30152,0.11514345
30153,0.5864321
30154,0.10898037
30155,0.08373569
30156,0.2605027
30157,0.08441911
30158,0.2655733
30159,0.27196446
30160,0.06512123
30161,0.04185126
30162,0.06461554
30163,0.06476317
30164,0.06943873
30165,0.06908506
30166,0.07914632
30167,0.07863982
30168,0.04276981
30169,0.040829267
30170,0.036836747
30171,0.037488475
30172,0.043031845
30173,0.042707797
30174,0.08505112
30175,0.0832544
30176,0.09187133
30177,0.0917623
30178,0.26098484
30179,0.08557236
30180,0.08871542
30181,0.11073541
30182,0.13908842
30183,0.48626634
30184,0.10171824
30185,0.058762908
30186,0.060646847
30187,0.08316045
30188,0.78887695
30189,0.07912719
30190,0.07914632
30191,0.52798474
30192,0.2750735
30193,0.042294316
30194,0.037887294
30195,0.037224762
30196,0.042707797
30197,0.05415597
30198,0.47875065
30199,0.4711506
30200,0.09151637
30201,0.09146192
30202,0.08538759
30203,0.08518062
30204,0.08871542
30205,0.11062638
30206,0.13993983
30207,0.47596428
30208,0.0933572
30209,0.05731698
30210,0.058762908
30211,0.060646847
30212,0.063193
30213,0.2818195
30214,0.8367345
30215,0.07863982
30216,0.5646333
30217,0.042111352
30218,0.042847577
30219,0.40289304
30220,0.041020755
30221,0.054433264
30222,0.054433264
30223,0.079014525
30224,0.07607117
30225,0.091715544
30226,0.46309945
30227,0.26100063
30228,0.08518062
30229,0.52813405
30230,0.10806392
30231,0.2689892
30232,0.45566902
30233,0.4238218
30234,0.11602911
30235,0.116428964
30236,0.08693237
30237,0.8463219
30238,0.8370612
30239,0.55035776
30240,0.081598744
30241,0.081598744
30242,0.05866562
30243,0.040829267
30244,0.061336495
30245,0.07591539
30246,0.079014525
30247,0.08913648
30248,0.089200705
30249,0.084917046
30250,0.08743178
30251,0.10782777
30252,0.052528787
30253,0.120589726
30254,0.27605894
30255,0.28177726
30256,0.041517694
30257,0.057395376
30258,0.5209024
30259,0.08149644
30260,0.74036396
30261,0.8421784
30262,0.5572656
30263,0.0802169
30264,0.08039859
30265,0.04262716
30266,0.059181426
30267,0.41720143
30268,0.041138217
30269,0.040829267
30270,0.037827525
30271,0.052279778
30272,0.0535665
30273,0.05391169
30274,0.06394414
30275,0.06394414
30276,0.5380532
30277,0.086914696
30278,0.09570089
30279,0.09565414
30280,0.09610467
30281,0.08185085
30282,0.08028112
30283,0.26613867
30284,0.25955835
30285,0.09695283
30286,0.28038582
30287,0.083899036
30288,0.083878845
30289,0.91096455
30290,0.8539446
30291,0.8415603
30292,0.26587507
30293,0.06994427
30294,0.06199899
30295,0.447082
30296,0.08252943
30297,0.08214196
30298,0.05940761
30299,0.062453654
30300,0.05242239
30301,0.0535665
30302,0.05380267
30303,0.06394414
30304,0.06405316
30305,0.53768563
30306,0.52810735
30307,0.250937
30308,0.09570089
30309,0.09570089
30310,0.081423715
30311,0.086500145
30312,0.08853996
30313,0.06989179
30314,0.09643703
30315,0.09695283
30316,0.08340236
30317,0.09200001
30318,0.054600675
30319,0.89054924
30320,0.8332507
30321,0.85834986
30322,0.05821623
30323,0.058949076
30324,0.55656415
30325,0.061796572
30326,0.44353482
30327,0.081364274
30328,0.052528787
30329,0.05355379
30330,0.034310568
30331,0.06394414
30332,0.05597097
30333,0.8268331
30334,0.80706435
30335,0.09616889
30336,0.09570089
30337,0.09304712
30338,0.1210389
30339,0.08946471
30340,0.56518203
30341,0.2611874
30342,0.06906386
30343,0.08409426
30344,0.08368299
30345,0.09170061
30346,0.07555949
30347,0.08330485
30348,0.2802891
30349,0.5683122
30350,0.27168766
30351,0.058949076
30352,0.07264385
30353,0.0697083
30354,0.06865485
30355,0.060449723
30356,0.08143928
30357,0.08124681
30358,0.059471827
30359,0.05355366
30360,0.055985674
30361,0.05632887
30362,0.8542181
30363,0.63211226
30364,0.25669387
30365,0.09570089
30366,0.1210389
30367,0.1210389
30368,0.088664405
30369,0.5193625
30370,0.069142245
30371,0.06986416
30372,0.08373623
30373,0.08340236
30374,0.09200001
30375,0.075559616
30376,0.27541548
30377,0.7509577
30378,0.2714852
30379,0.26907197
30380,0.93167764
30381,0.07264385
30382,0.0684686
30383,0.061280765
30384,0.25774303
30385,0.069088995
30386,0.05929015
30387,0.43583965
30388,0.034626774
30389,0.034626774
30390,0.08083281
30391,0.08438296
30392,0.24716236
30393,0.5618878
30394,0.25862706
30395,0.5673674
30396,0.26572046
30397,0.12346632
30398,0.11217169
30399,0.5410253
30400,0.0757021
30401,0.07643089
30402,0.075954966
30403,0.075411536
30404,0.59355706
30405,0.26328132
30406,0.05114611
30407,0.55751216
30408,0.27001837
30409,0.06238336
30410,0.06583341
30411,0.072817974
30412,0.06208104
30413,0.06371379
30414,0.04287378
30415,0.03395731
30416,0.034377765
30417,0.08083281
30418,0.08438296
30419,0.097196005
30420,0.09570089
30421,0.5658293
30422,0.6648457
30423,0.63475364
30424,0.26842952
30425,0.5506315
30426,0.103946805
30427,0.07591752
30428,0.075908214
30429,0.075954966
30430,0.5659267
30431,0.10398194
30432,0.051774595
30433,0.0684686
30434,0.06457504
30435,0.06250082
30436,0.06583341
30437,0.07414887
30438,0.06187862
30439,0.046601366
30440,0.042687405
30441,0.06562709
30442,0.029696165
30443,0.08438296
30444,0.084198184
30445,0.09570089
30446,0.558261
30447,0.25606418
30448,0.6076164
30449,0.6891157
30450,0.7024159
30451,0.52763957
30452,0.28091443
30453,0.07591508
30454,0.0750027
30455,0.07592734
30456,0.10398194
30457,0.05109286
30458,0.064936884
30459,0.8700719
30460,0.062926896
30461,0.057815697
30462,0.2598652
30463,0.062308025
30464,0.2575087
30465,0.0832991
30466,0.046307556
30467,0.06542467
30468,0.061641518
30469,0.08427657
30470,0.08485096
30471,0.095460944
30472,0.5530652
30473,0.6620655
30474,0.26359126
30475,0.6710865
30476,0.6383627
30477,0.5287051
30478,0.09695283
30479,0.075559616
30480,0.075411536
30481,0.08612135
30482,0.051758427
30483,0.051056374
30484,0.06475051
30485,0.062926896
30486,0.46428284
30487,0.058011554
30488,0.4501036
30489,0.06501538
30490,0.06441584
30491,0.081312224
30492,0.07266805
30493,0.069152266
30494,0.06629074
30495,0.06394414
30496,0.060463537
30497,0.103107534
30498,0.8126361
30499,0.667602
30500,0.6508378
30501,0.50897324
30502,0.5158578
30503,0.086185575
30504,0.27853054
30505,0.041475426
30506,0.05829501
30507,0.05294035
30508,0.05401691
30509,0.05401691
30510,0.07417045
30511,0.08078692
30512,0.08689065
30513,0.04364378
30514,0.27141982
30515,0.051732827
30516,0.053508233
30517,0.2629986
30518,0.07188225
30519,0.10297677
30520,0.5612101
30521,0.06370936
30522,0.2629782
30523,0.26619965
30524,0.08647851
30525,0.09047635
30526,0.054389097
30527,0.05294035
30528,0.05189879
30529,0.053830534
30530,0.07458172
30531,0.08125305
30532,0.041635737
30533,0.2631984
30534,0.07197789
30535,0.06828763
30536,0.061722074
30537,0.094534226
30538,0.050195735
30539,0.0635145
30540,0.07520961
30541,0.07471879
30542,0.55235654
30543,0.5753581
30544,0.09528539
30545,0.04176924
30546,0.05294035
30547,0.05401691
30548,0.081241384
30549,0.086688235
30550,0.0513162
30551,0.056463838
30552,0.05838692
30553,0.0380143
30554,0.041685537
30555,0.042387594
30556,0.06211169
30557,0.09460281
30558,0.48682582
30559,0.06370936
30560,0.06370936
30561,0.07520961
30562,0.04240685
30563,0.09483319
30564,0.57100093
30565,0.09528539
30566,0.04226348
30567,0.26536423
30568,0.05401691
30569,0.05203432
30570,0.051113036
30571,0.080923624
30572,0.08617243
30573,0.0513162
30574,0.051016644
30575,0.26134235
30576,0.0380143
30577,0.039196257
30578,0.068027996
30579,0.050358765
30580,0.08583137
30581,0.059742223
30582,0.039429106
30583,0.039655272
30584,0.047685556
30585,0.05562402
30586,0.2844747
30587,0.06756632
30588,0.052443832
30589,0.051628843
30590,0.07227314
30591,0.073618665
30592,0.2753506
30593,0.06600249
30594,0.2572634
30595,0.065411545
30596,0.064041674
30597,0.03761846
30598,0.032030303
30599,0.03970501
30600,0.07579047
30601,0.47501245
30602,0.055027716
30603,0.26348284
30604,0.050195735
30605,0.07058911
30606,0.059742223
30607,0.038938407
30608,0.27631244
30609,0.54519945
30610,0.2696867
30611,0.06749419
30612,0.051741775
30613,0.052257583
30614,0.052257583
30615,0.052257583
30616,0.072517194
30617,0.072517194
30618,0.91766036
30619,0.07455051
30620,0.06583675
30621,0.06603771
30622,0.064041674
30623,0.064041674
30624,0.037186652
30625,0.03811464
30626,0.0771665
30627,0.46816397
30628,0.04317077
30629,0.26539055
30630,0.054164622
30631,0.04882032
30632,0.059547223
30633,0.06730304
30634,0.032026395
30635,0.04808476
30636,0.044371046
30637,0.043659613
30638,0.041455276
30639,0.05196576
30640,0.052257583
30641,0.052257583
30642,0.07402994
30643,0.0748762
30644,0.0643103
30645,0.06415914
30646,0.065312564
30647,0.035790946
30648,0.038510483
30649,0.07179164
30650,0.89567816
30651,0.07904993
30652,0.054825682
30653,0.054758765
30654,0.048583526
30655,0.05947864
30656,0.06738985
30657,0.031059178
30658,0.03132276
30659,0.2757005
30660,0.044371046
30661,0.044489384
30662,0.04093947
30663,0.051554482
30664,0.052257583
30665,0.05388245
30666,0.074324414
30667,0.0748762
30668,0.25728503
30669,0.06494792
30670,0.07179164
30671,0.9048565
30672,0.07778503
30673,0.054825682
30674,0.05469455
30675,0.049114134
30676,0.052808225
30677,0.031880636
30678,0.026648957
30679,0.036652423
30680,0.27025396
30681,0.048769776
30682,0.024091342
30683,0.022817286
30684,0.024091342
30685,0.06222469
30686,0.25810626
30687,0.069457985
30688,0.06974438
30689,0.042168487
30690,0.042907894
30691,0.037600655
30692,0.035969414
30693,0.06438491
30694,0.2913939
30695,0.10056981
30696,0.03246305
30697,0.026080057
30698,0.039532434
30699,0.022544065
30700,0.023433255
30701,0.025482373
30702,0.023228565
30703,0.024277594
30704,0.06378396
30705,0.06020406
30706,0.0694067
30707,0.069779165
30708,0.064644545
30709,0.08454143
30710,0.2785086
30711,0.060445063
30712,0.030711662
30713,0.031617053
30714,0.026713043
30715,0.037042484
30716,0.03407144
30717,0.04190675
30718,0.0363409
30719,0.023949064
30720,0.048254173
30721,0.024350982
30722,0.063087426
30723,0.042181432
30724,0.037414405
30725,0.06470516
30726,0.053002004
30727,0.055943403
30728,0.02679276
30729,0.025959803
30730,0.026080057
30731,0.03609194
30732,0.03281738
30733,0.04395253
30734,0.023949064
30735,0.02416996
30736,0.023962187
30737,0.06161366
30738,0.06290118
30739,0.042132445
30740,0.39423558
30741,0.076455824
30742,0.053002004
30743,0.030713204
30744,0.0398253
30745,0.02652445
30746,0.025760716
30747,0.04876998
30748,0.023559202
30749,0.062004715
30750,0.08424685
30751,0.0691129
30752,0.039782748
30753,0.04008921
30754,0.030547444
30755,0.018674456
30756,0.030209467
30757,0.04876998
30758,0.023228565
30759,0.06219272
30760,0.081683055
30761,0.07013317
30762,0.036496177
30763,0.10210746
30764,0.031214518
30765,0.01942665
30766,0.023456609
30767,0.025760716
30768,0.028599313
30769,0.028607478
30770,0.024277594
30771,0.023228565
30772,0.0635454
30773,0.06318737
30774,0.06290118
30775,0.4369883
30776,0.2495979
30777,0.069457985
30778,0.039166134
30779,0.1021739
30780,0.10210746
30781,0.019924292
30782,0.040235903
30783,0.04227997
30784,0.05445318
30785,0.03868409
30786,0.06826594
30787,0.06812086
30788,0.056859568
30789,0.053023927
30790,0.032786086
30791,0.036216725
30792,0.06807411
30793,0.053369116
30794,0.4320722
30795,0.068928674
30796,0.082779735
30797,0.49160075
30798,0.47993875
30799,0.061669648
30800,0.27675602
30801,0.07053459
30802,0.5902424
30803,0.07940622
30804,0.06571839
30805,0.062230505
30806,0.05904784
30807,0.27407366
30808,0.037998147
30809,0.03829011
30810,0.040427297
30811,0.4443179
30812,0.073586695
30813,0.57454705
30814,0.28270602
30815,0.059478983
30816,0.27517444
30817,0.05719476
30818,0.038074385
30819,0.03829011
30820,0.040505692
30821,0.047227502
30822,0.037476745
30823,0.07718337
30824,0.50475734
30825,0.44923753
30826,0.48490143
30827,0.062138077
30828,0.0634434
30829,0.05926326
30830,0.4850198
30831,0.040936835
30832,0.04072111
30833,0.049418166
30834,0.2750975
30835,0.08320508
30836,0.4365864
30837,0.2685367
30838,0.26533943
30839,0.5103365
30840,0.07712282
30841,0.07718079
30842,0.48039025
30843,0.053576004
30844,0.05902948
30845,0.05896895
30846,0.053153224
30847,0.053153224
30848,0.06546372
30849,0.07572268
30850,0.09809086
30851,0.27358964
30852,0.04721373
30853,0.0770586
30854,0.07990774
30855,0.2849281
30856,0.053714514
30857,0.04406588
30858,0.057625223
30859,0.053153224
30860,0.061442893
30861,0.07518182
30862,0.076612175
30863,0.0733107
30864,0.07259384
30865,0.47131377
30866,0.07774366
30867,0.053650297
30868,0.054084204
30869,0.046052862
30870,0.06546372
30871,0.42673695
30872,0.07264059
30873,0.07763235
30874,0.46815652
30875,0.29117754
30876,0.05141273
30877,0.05366314
30878,0.05397585
30879,0.045155555
30880,0.06546372
30881,0.0725342
30882,0.063281514
30883,0.077756375
30884,0.28153905
30885,0.48849824
30886,0.25380385
30887,0.04612541
30888,0.04444036
30889,0.42148784
30890,0.06800493
30891,0.051982835
30892,0.05000419
30893,0.06489858
30894,0.06116873
30895,0.078317285
30896,0.29158175
30897,0.4955067
30898,0.050899506
30899,0.05084857
30900,0.044399638
30901,0.06819238
30902,0.06873781
30903,0.06211137
30904,0.056823533
30905,0.05520819
30906,0.06618408
30907,0.06847597
30908,0.051982835
30909,0.04218694
30910,0.049817815
30911,0.043752894
30912,0.02902274
30913,0.02902274
30914,0.028753122
30915,0.07188185
30916,0.070981264
30917,0.27401373
30918,0.07291788
30919,0.09878046
30920,0.06281423
30921,0.055382326
30922,0.036403228
30923,0.036417
30924,0.053226415
30925,0.051873107
30926,0.4741591
30927,0.2755151
30928,0.058723662
30929,0.059718512
30930,0.06212514
30931,0.056823533
30932,0.056763005
30933,0.06618408
30934,0.04200069
30935,0.25943577
30936,0.028782787
30937,0.028975982
30938,0.034278724
30939,0.07188185
30940,0.094356254
30941,0.4468509
30942,0.5500342
30943,0.5695608
30944,0.056303944
30945,0.054014485
30946,0.035965435
30947,0.06799641
30948,0.05141273
30949,0.26932955
30950,0.072024085
30951,0.5032315
30952,0.058723662
30953,0.057740815
30954,0.061715443
30955,0.05680976
30956,0.056335438
30957,0.07293821
30958,0.04200069
30959,0.05000419
30960,0.049853027
30961,0.04550659
30962,0.02899472
30963,0.035766516
30964,0.03897423
30965,0.054736815
30966,0.07540605
30967,0.07852168
30968,0.10748728
30969,0.47006005
30970,0.52222776
30971,0.08368894
30972,0.060923584
30973,0.07507603
30974,0.07446467
30975,0.07724685
30976,0.09379499
30977,0.04430923
30978,0.06449589
30979,0.064150706
30980,0.06413786
30981,0.0648101
30982,0.078840144
30983,0.06098137
30984,0.06943873
30985,0.0604341
30986,0.043590117
30987,0.04824672
30988,0.050800122
30989,0.05054998
30990,0.038012348
30991,0.039455187
30992,0.07432835
30993,0.07172765
30994,0.07891518
30995,0.112066425
30996,0.27743694
30997,0.27188677
30998,0.25797653
30999,0.06115975
31000,0.07502928
31001,0.07620007
31002,0.065069854
31003,0.043796234
31004,0.044139583
31005,0.06428047
31006,0.06447655
31007,0.06434972
31008,0.060921505
31009,0.061381217
31010,0.061137505
31011,0.06100773
31012,0.044177096
31013,0.04824672
31014,0.04262716
31015,0.05028103
31016,0.036043808
31017,0.036871277
31018,0.036327265
31019,0.075288355
31020,0.076808676
31021,0.25886354
31022,0.6002496
31023,0.10317429
31024,0.08373569
31025,0.060859367
31026,0.08468268
31027,0.07618629
31028,0.07780776
31029,0.06569499
31030,0.2789914
31031,0.060962245
31032,0.06943873
31033,0.06141279
31034,0.079173945
31035,0.047089014
31036,0.048310935
31037,0.042847577
31038,0.030707095
31039,0.036496066
31040,0.2838096
31041,0.076808676
31042,0.07891518
31043,0.10572875
31044,0.6085183
31045,0.1042168
31046,0.0839139
31047,0.26493353
31048,0.08468268
31049,0.26566213
31050,0.27820724
31051,0.06563446
31052,0.041324496
31053,0.0416485
31054,0.06437214
31055,0.0648237
31056,0.2645327
31057,0.06943873
31058,0.27066824
31059,0.079173945
31060,0.048310935
31061,0.042294316
31062,0.037887294
31063,0.037488475
31064,0.042754553
31065,0.043031845
31066,0.08607661
31067,0.083939694
31068,0.091715544
31069,0.09045027
31070,0.2589916
31071,0.08532643
31072,0.08871542
31073,0.11062638
31074,0.13897909
31075,0.49478775
31076,0.10131839
31077,0.05720183
31078,0.060633074
31079,0.08537641
31080,0.8032929
31081,0.07914632
31082,0.07863982
31083,0.53417224
31084,0.27638388
31085,0.042358533
31086,0.03753371
31087,0.04202665
31088,0.055130664
31089,0.45436814
31090,0.46545208
31091,0.0917623
31092,0.0917623
31093,0.08552561
31094,0.2595155
31095,0.08743178
31096,0.110579625
31097,0.13891487
31098,0.48387682
31099,0.09420861
31100,0.058762908
31101,0.058762908
31102,0.05931957
31103,0.06325709
31104,0.08576745
31105,0.84893036
31106,0.07914632
31107,0.59925824
31108,0.042475995
31109,0.04276981
31110,0.26590237
31111,0.037488475
31112,0.05415597
31113,0.05623612
31114,0.079014525
31115,0.07571621
31116,0.4575188
31117,0.26543146
31118,0.08518062
31119,0.26007453
31120,0.10904718
31121,0.2741886
31122,0.512612
31123,0.43888006
31124,0.28028163
31125,0.11274538
31126,0.099191494
31127,0.82804805
31128,0.852896
31129,0.5627941
31130,0.0802169
31131,0.08039859
31132,0.0589128
31133,0.059383843
31134,0.04143203
31135,0.036523648
31136,0.061442893
31137,0.07607117
31138,0.07398698
31139,0.0890851
31140,0.08913648
31141,0.08499584
31142,0.08845185
31143,0.10934756
31144,0.052637808
31145,0.11956518
31146,0.27820587
31147,0.28172624
31148,0.041258443
31149,0.058762908
31150,0.60031754
31151,0.05366314
31152,0.08490225
31153,0.7970129
31154,0.83094317
31155,0.58547324
31156,0.08119889
31157,0.08122652
31158,0.059181426
31159,0.416376
31160,0.040627502
31161,0.03753371
31162,0.03624591
31163,0.052528787
31164,0.05380267
31165,0.0535665
31166,0.06394414
31167,0.06394414
31168,0.5322958
31169,0.087160625
31170,0.09616889
31171,0.095726356
31172,0.09580992
31173,0.08277127
31174,0.081598744
31175,0.57250077
31176,0.26160538
31177,0.09669884
31178,0.2821122
31179,0.08340236
31180,0.084313445
31181,0.92288435
31182,0.71023124
31183,0.83866787
31184,0.05779016
31185,0.26934868
31186,0.06996044
31187,0.06051394
31188,0.4531871
31189,0.084365435
31190,0.08196821
31191,0.05737239
31192,0.058745407
31193,0.052528787
31194,0.05380267
31195,0.053755913
31196,0.063707985
31197,0.06375936
31198,0.5314617
31199,0.5402421
31200,0.24786493
31201,0.09616889
31202,0.09570089
31203,0.09363567
31204,0.08608887
31205,0.086500145
31206,0.06986416
31207,0.06986416
31208,0.09720176
31209,0.09650299
31210,0.08361877
31211,0.09181808
31212,0.054398257
31213,0.8964967
31214,0.8660239
31215,0.856096
31216,0.05821623
31217,0.058418646
31218,0.06975802
31219,0.45183113
31220,0.081625655
31221,0.042687405
31222,0.05256157
31223,0.05391169
31224,0.034220893
31225,0.06394414
31226,0.05597097
31227,0.8334702
31228,0.8307057
31229,0.09570089
31230,0.09565414
31231,0.082747646
31232,0.12090813
31233,0.08946471
31234,0.57404244
31235,0.26112604
31236,0.06986416
31237,0.08380046
31238,0.08391816
31239,0.092027634
31240,0.07643089
31241,0.08366201
31242,0.7756201
31243,0.5941485
31244,0.2710782
31245,0.05802985
31246,0.07264385
31247,0.06927871
31248,0.06867102
31249,0.061200522
31250,0.08124681
31251,0.08117209
31252,0.058745407
31253,0.05380267
31254,0.05380267
31255,0.034220893
31256,0.056234553
31257,0.056343574
31258,0.8156593
31259,0.63598585
31260,0.25387895
31261,0.09570089
31262,0.1210389
31263,0.12120194
31264,0.09036399
31265,0.5721732
31266,0.06888217
31267,0.08368299
31268,0.08373636
31269,0.09200001
31270,0.07641176
31271,0.08384839
31272,0.7273463
31273,0.27242666
31274,0.12329401
31275,0.9271924
31276,0.071814954
31277,0.06818514
31278,0.061796572
31279,0.2631734
31280,0.066349216
31281,0.059354365
31282,0.4702075
31283,0.033686686
31284,0.034626774
31285,0.08130081
31286,0.08438296
31287,0.09694701
31288,0.6061757
31289,0.26308066
31290,0.5704523
31291,0.2714756
31292,0.123924114
31293,0.11217169
31294,0.2889688
31295,0.07544202
31296,0.075775206
31297,0.075120166
31298,0.0750027
31299,0.5834903
31300,0.9355875
31301,0.05074329
31302,0.5552053
31303,0.5744804
31304,0.066349216
31305,0.07261556
31306,0.06206487
31307,0.06422959
31308,0.046601366
31309,0.04375169
31310,0.034174137
31311,0.03436319
31312,0.08083281
31313,0.08449199
31314,0.09695008
31315,0.09570089
31316,0.5775314
31317,0.6589505
31318,0.6012085
31319,0.26723352
31320,0.5427975
31321,0.103765115
31322,0.07643089
31323,0.075411536
31324,0.0750027
31325,0.59423447
31326,0.10416819
31327,0.051210325
31328,0.06893469
31329,0.06494611
31330,0.06262843
31331,0.069088995
31332,0.07209975
31333,0.06225478
31334,0.06443201
31335,0.04287378
31336,0.043535985
31337,0.06542467
31338,0.02955812
31339,0.08485096
31340,0.084786735
31341,0.09565414
31342,0.561202
31343,0.256826
31344,0.64913553
31345,0.68058985
31346,0.6747519
31347,0.10427918
31348,0.2794427
31349,0.07643089
31350,0.07592734
31351,0.075908214
31352,0.10399167
31353,0.051504135
31354,0.87263095
31355,0.06274052
31356,0.05848126
31357,0.07216199
31358,0.061425053
31359,0.25526372
31360,0.04287378
31361,0.06431977
31362,0.08438296
31363,0.084786735
31364,0.09570089
31365,0.5482668
31366,0.65700054
31367,0.26539257
31368,0.68373615
31369,0.62413067
31370,0.547501
31371,0.09689492
31372,0.075908214
31373,0.08623894
31374,0.051758427
31375,0.051056374
31376,0.05821623
31377,0.06256504
31378,0.4669694
31379,0.05775148
31380,0.46127993
31381,0.061692245
31382,0.06422959
31383,0.08176579
31384,0.0728543
31385,0.25586507
31386,0.062004767
31387,0.06394414
31388,0.060727116
31389,0.060727116
31390,0.103107534
31391,0.79935807
31392,0.66553444
31393,0.66194075
31394,0.5030529
31395,0.52131873
31396,0.08647851
31397,0.27918416
31398,0.0415627
31399,0.05775148
31400,0.053130407
31401,0.05401691
31402,0.054206967
31403,0.075078614
31404,0.08143943
31405,0.08598249
31406,0.043526318
31407,0.46011648
31408,0.051433664
31409,0.0531401
31410,0.5023374
31411,0.07179164
31412,0.103629544
31413,0.25077325
31414,0.06416715
31415,0.0635786
31416,0.2645833
31417,0.27223393
31418,0.08659441
31419,0.09146521
31420,0.055156413
31421,0.05353954
31422,0.05189879
31423,0.05401111
31424,0.07506245
31425,0.043526318
31426,0.26397935
31427,0.053749852
31428,0.07197789
31429,0.065883376
31430,0.061968002
31431,0.0947978
31432,0.0499498
31433,0.06370936
31434,0.07516286
31435,0.07494604
31436,0.5853887
31437,0.5835796
31438,0.09476959
31439,0.04176924
31440,0.055156413
31441,0.054128572
31442,0.08143943
31443,0.08617243
31444,0.04473236
31445,0.050644018
31446,0.05182677
31447,0.053459644
31448,0.03706919
31449,0.038927305
31450,0.043949153
31451,0.061722074
31452,0.094534226
31453,0.490631
31454,0.063872404
31455,0.06370936
31456,0.07520961
31457,0.03888734
31458,0.09655822
31459,0.5838168
31460,0.09476959
31461,0.041455276
31462,0.055342663
31463,0.05401691
31464,0.051628843
31465,0.05183126
31466,0.08114495
31467,0.08617243
31468,0.05004517
31469,0.050830394
31470,0.053459644
31471,0.03520749
31472,0.042201344
31473,0.06751219
31474,0.050195735
31475,0.07037153
31476,0.05950227
31477,0.042471066
31478,0.03938235
31479,0.046865243
31480,0.0528596
31481,0.2830994
31482,0.06756632
31483,0.052257583
31484,0.051442467
31485,0.07302709
31486,0.074324414
31487,0.27279577
31488,0.0656505
31489,0.06597361
31490,0.06449655
31491,0.06399348
31492,0.0380143
31493,0.03509003
31494,0.033717204
31495,0.08418285
31496,0.26572305
31497,0.054825682
31498,0.26293147
31499,0.050195735
31500,0.07037153
31501,0.059742223
31502,0.27479935
31503,0.6253863
31504,0.2696867
31505,0.067376725
31506,0.051554482
31507,0.05196576
31508,0.051671945
31509,0.051554482
31510,0.073253185
31511,0.07273261
31512,0.93780994
31513,0.074510664
31514,0.0651347
31515,0.06633151
31516,0.06415914
31517,0.0643103
31518,0.037480466
31519,0.037682835
31520,0.07560422
31521,0.49200776
31522,0.038991522
31523,0.26533434
31524,0.05469455
31525,0.04870286
31526,0.059920423
31527,0.06725629
31528,0.03509614
31529,0.05274401
31530,0.044983625
31531,0.04447004
31532,0.041455276
31533,0.052257583
31534,0.052257583
31535,0.07373613
31536,0.073618665
31537,0.07506245
31538,0.06481411
31539,0.0643103
31540,0.0643103
31541,0.06564997
31542,0.03970501
31543,0.07332495
31544,0.9015706
31545,0.07771812
31546,0.054899074
31547,0.054390166
31548,0.048583526
31549,0.059742223
31550,0.06730304
31551,0.034295242
31552,0.52387667
31553,0.044273965
31554,0.044078108
31555,0.04141121
31556,0.051671945
31557,0.05196576
31558,0.07452683
31559,0.07506245
31560,0.06379449
31561,0.06524834
31562,0.06546372
31563,0.035855163
31564,0.069535114
31565,0.89956164
31566,0.07956573
31567,0.054758765
31568,0.048769776
31569,0.03218452
31570,0.27099255
31571,0.04806772
31572,0.023694461
31573,0.023228565
31574,0.06219272
31575,0.06320473
31576,0.25044906
31577,0.069873534
31578,0.042648252
31579,0.037414405
31580,0.037414405
31581,0.06438491
31582,0.28546408
31583,0.28720257
31584,0.0594945
31585,0.031880636
31586,0.029985255
31587,0.0367038
31588,0.034365255
31589,0.04373157
31590,0.024241682
31591,0.063081905
31592,0.0614962
31593,0.06948447
31594,0.069457985
31595,0.042181432
31596,0.036378715
31597,0.063912444
31598,0.076455824
31599,0.2875679
31600,0.026987515
31601,0.036854576
31602,0.033937044
31603,0.046612926
31604,0.036996797
31605,0.022955345
31606,0.04864083
31607,0.0625082
31608,0.042553887
31609,0.042350166
31610,0.037414405
31611,0.064012736
31612,0.053002004
31613,0.05449595
31614,0.025959803
31615,0.0367038
31616,0.034007225
31617,0.04167709
31618,0.023949064
31619,0.023694461
31620,0.06316082
31621,0.041167513
31622,0.064820245
31623,0.41542807
31624,0.09365097
31625,0.0594945
31626,0.028809233
31627,0.037060883
31628,0.02652445
31629,0.026393702
31630,0.04777627
31631,0.023811925
31632,0.06320473
31633,0.06219272
31634,0.082055226
31635,0.04044724
31636,0.038963817
31637,0.039600544
31638,0.030804902
31639,0.019021142
31640,0.04029516
31641,0.046996396
31642,0.024091342
31643,0.024091342
31644,0.023228565
31645,0.06359771
31646,0.06318737
31647,0.082055226
31648,0.06951123
31649,0.10229371
31650,0.02000448
31651,0.026433507
31652,0.029133394
31653,0.02846954
31654,0.024091342
31655,0.023575533
31656,0.0630699
31657,0.082770385
31658,0.25123826
31659,0.06938736
31660,0.10210746
31661,0.02020394
31662,0.04681498
31663,0.049402412
31664,0.038321394
31665,0.050002933
31666,0.038321394
31667,0.06276116
31668,0.062409986
31669,0.053105257
31670,0.053271648
31671,0.04244346
31672,0.03183051
31673,0.06802691
31674,0.05395238
31675,0.38084432
31676,0.06276116
31677,0.29332414
31678,0.4954023
31679,0.4889715
31680,0.059573248
31681,0.059281286
31682,0.26643068
31683,0.07182367
31684,0.57945246
31685,0.08137596
31686,0.2752151
31687,0.06432653
31688,0.05894419
31689,0.27323225
31690,0.04328598
31691,0.26424813
31692,0.5711373
31693,0.29387861
31694,0.05971964
31695,0.05889732
31696,0.05951272
31697,0.05717343
31698,0.038384374
31699,0.0410311
31700,0.03816789
31701,0.07182367
31702,0.26236054
31703,0.49350515
31704,0.47386265
31705,0.06432653
31706,0.05998859
31707,0.059273962
31708,0.27439728
31709,0.040521562
31710,0.040731814
31711,0.046615988
31712,0.061664745
31713,0.45091248
31714,0.098636754
31715,0.26766023
31716,0.496143
31717,0.07824559
31718,0.07804364
31719,0.5203363
31720,0.053757403
31721,0.05367027
31722,0.267354
31723,0.05910327
31724,0.053163927
31725,0.05255342
31726,0.06587488
31727,0.09462486
31728,0.27895582
31729,0.098636754
31730,0.09973098
31731,0.047793996
31732,0.07744095
31733,0.07893052
31734,0.078944296
31735,0.053744562
31736,0.053744562
31737,0.053757403
31738,0.04590234
31739,0.06055653
31740,0.05288946
31741,0.05324749
31742,0.044277128
31743,0.061988793
31744,0.07566725
31745,0.2545188
31746,0.073643535
31747,0.45871562
31748,0.07824559
31749,0.0801349
31750,0.05364239
31751,0.046362545
31752,0.06587488
31753,0.4600039
31754,0.07318649
31755,0.08045001
31756,0.46549982
31757,0.47165975
31758,0.055055514
31759,0.054578315
31760,0.053744562
31761,0.04595314
31762,0.052787285
31763,0.06541484
31764,0.07318649
31765,0.06516719
31766,0.078383386
31767,0.416956
31768,0.48031986
31769,0.24942154
31770,0.04590234
31771,0.06846734
31772,0.044470407
31773,0.056378327
31774,0.056917798
31775,0.40758792
31776,0.07002776
31777,0.051861312
31778,0.04988267
31779,0.06175798
31780,0.061787453
31781,0.28230646
31782,0.4413671
31783,0.053186078
31784,0.046017356
31785,0.072104566
31786,0.07231189
31787,0.062722236
31788,0.056263313
31789,0.05631411
31790,0.27575454
31791,0.06862515
31792,0.051861312
31793,0.041975364
31794,0.049451508
31795,0.043471072
31796,0.02923631
31797,0.029895466
31798,0.028615508
31799,0.07187317
31800,0.07146745
31801,0.2780306
31802,0.06705821
31803,0.09904907
31804,0.0629683
31805,0.056461323
31806,0.036450736
31807,0.036001727
31808,0.0532065
31809,0.05504174
31810,0.05098706
31811,0.05168341
31812,0.5627942
31813,0.57093364
31814,0.058466036
31815,0.058453195
31816,0.06212574
31817,0.061679937
31818,0.056723516
31819,0.056664072
31820,0.07002776
31821,0.05194222
31822,0.042024292
31823,0.2710303
31824,0.032536488
31825,0.029895466
31826,0.036973946
31827,0.07215046
31828,0.0814464
31829,0.4677765
31830,0.26746988
31831,0.26856712
31832,0.054587774
31833,0.054283094
31834,0.03691111
31835,0.067812495
31836,0.055055514
31837,0.41924348
31838,0.07211834
31839,0.55910724
31840,0.06020592
31841,0.062205628
31842,0.062619254
31843,0.056917798
31844,0.056378327
31845,0.06842042
31846,0.041879166
31847,0.04936686
31848,0.028919933
31849,0.036639243
31850,0.038897708
31851,0.05340536
31852,0.07298359
31853,0.0780229
31854,0.11070762
31855,0.27706784
31856,0.53275687
31857,0.083957545
31858,0.061428357
31859,0.07462315
31860,0.07518406
31861,0.07788824
31862,0.044417266
31863,0.06418074
31864,0.06424496
31865,0.063987456
31866,0.064504504
31867,0.078589216
31868,0.06105651
31869,0.06993284
31870,0.04295119
31871,0.04884085
31872,0.04889698
31873,0.042505637
31874,0.050637476
31875,0.050446067
31876,0.05049235
31877,0.029625848
31878,0.039286893
31879,0.039668757
31880,0.0726925
31881,0.07273925
31882,0.07581656
31883,0.107462086
31884,0.53275687
31885,0.53275687
31886,0.25988084
31887,0.061192192
31888,0.07518406
31889,0.07566919
31890,0.065789245
31891,0.043940037
31892,0.06478442
31893,0.064904355
31894,0.06459015
31895,0.061075635
31896,0.061075635
31897,0.06231113
31898,0.06231113
31899,0.043528363
31900,0.048421487
31901,0.046997268
31902,0.042505637
31903,0.05049235
31904,0.040191937
31905,0.03928026
31906,0.03629698
31907,0.03629698
31908,0.08076694
31909,0.0777348
31910,0.10933655
31911,0.6175872
31912,0.1034429
31913,0.0840043
31914,0.061243564
31915,0.0848723
31916,0.076002374
31917,0.07722609
31918,0.065789245
31919,0.06490418
31920,0.27213714
31921,0.061075635
31922,0.06953299
31923,0.06231113
31924,0.08004466
31925,0.04695827
31926,0.041574977
31927,0.04428115
31928,0.037120096
31929,0.27917248
31930,0.07747911
31931,0.078018695
31932,0.10452047
31933,0.6175872
31934,0.10348965
31935,0.0840043
31936,0.26045808
31937,0.08382999
31938,0.076294325
31939,0.27350312
31940,0.06557352
31941,0.042345375
31942,0.041611955
31943,0.06464557
31944,0.06491796
31945,0.06956062
31946,0.06953299
31947,0.080072284
31948,0.07912875
31949,0.04695827
31950,0.04300591
31951,0.04050598
31952,0.03672513
31953,0.0426061
31954,0.042619683
31955,0.07368018
31956,0.0842083
31957,0.092030905
31958,0.092030905
31959,0.2585535
31960,0.08495583
31961,0.08805213
31962,0.1021758
31963,0.27287897
31964,0.27546462
31965,0.1018125
31966,0.056265242
31967,0.06388509
31968,0.08590846
31969,0.768863
31970,0.07951882
31971,0.07951882
31972,0.5331112
31973,0.27519476
31974,0.04306204
31975,0.03710324
31976,0.03710324
31977,0.041996364
31978,0.056425795
31979,0.49564636
31980,0.48677528
31981,0.092030905
31982,0.08495583
31983,0.25765318
31984,0.25725204
31985,0.10112832
31986,0.13912474
31987,0.46394295
31988,0.09334211
31989,0.05511313
31990,0.062012095
31991,0.06348524
31992,0.085861705
31993,0.7901637
31994,0.07918013
31995,0.08004466
31996,0.53357345
31997,0.04213088
31998,0.04306204
31999,0.27688032
32000,0.037132192
32001,0.036452994
32002,0.053333566
32003,0.05367225
32004,0.07928313
32005,0.07436648
32006,0.090166636
32007,0.48171374
32008,0.08437931
32009,0.08405572
32010,0.54799354
32011,0.10113314
32012,0.12028413
32013,0.45170102
32014,0.49443364
32015,0.112852484
32016,0.11652322
32017,0.08575118
32018,0.88749063
32019,0.82256734
32020,0.56241494
32021,0.08004466
32022,0.080970675
32023,0.2618186
32024,0.042505637
32025,0.05901362
32026,0.05862874
32027,0.03770848
32028,0.061988793
32029,0.08965409
32030,0.08574029
32031,0.08456408
32032,0.086815245
32033,0.0998495
32034,0.051561076
32035,0.12028413
32036,0.27703908
32037,0.28492853
32038,0.056265242
32039,0.2834521
32040,0.05417847
32041,0.08641278
32042,0.78461355
32043,0.8158525
32044,0.58060247
32045,0.08046418
32046,0.042505637
32047,0.05932249
32048,0.44197768
32049,0.04031973
32050,0.037825942
32051,0.03770848
32052,0.05318614
32053,0.05318614
32054,0.064165995
32055,0.06421275
32056,0.5560518
32057,0.08742923
32058,0.0959695
32059,0.09510972
32060,0.0959695
32061,0.094942205
32062,0.08043831
32063,0.5564907
32064,0.25884423
32065,0.09672462
32066,0.27956316
32067,0.08368994
32068,0.083508015
32069,0.91605294
32070,0.7607634
32071,0.8498883
32072,0.07286273
32073,0.06951081
32074,0.061310284
32075,0.45227063
32076,0.08475051
32077,0.27004898
32078,0.06283344
32079,0.062475417
32080,0.05191226
32081,0.05318614
32082,0.05318614
32083,0.06421275
32084,0.06370439
32085,0.54591
32086,0.53498876
32087,0.25400913
32088,0.0959695
32089,0.09342291
32090,0.094507
32091,0.082778394
32092,0.083696164
32093,0.069129445
32094,0.27864936
32095,0.09627478
32096,0.08326335
32097,0.0913452
32098,0.054479733
32099,0.8959164
32100,0.8557166
32101,0.8542392
32102,0.059217684
32103,0.057489716
32104,0.26260552
32105,0.47102845
32106,0.08249079
32107,0.05191226
32108,0.052946188
32109,0.033981133
32110,0.06396375
32111,0.056266993
32112,0.8300638
32113,0.84163374
32114,0.095981434
32115,0.0964375
32116,0.103926696
32117,0.118063115
32118,0.083815314
32119,0.2590058
32120,0.26138097
32121,0.06966357
32122,0.08345477
32123,0.08357224
32124,0.09153662
32125,0.075213805
32126,0.08345055
32127,0.71768826
32128,0.5907901
32129,0.27076188
32130,0.058171444
32131,0.072346926
32132,0.06942343
32133,0.06864866
32134,0.06401764
32135,0.26720217
32136,0.081861466
32137,0.058674686
32138,0.05329516
32139,0.05318614
32140,0.034579176
32141,0.05650316
32142,0.056612182
32143,0.83169854
32144,0.6308914
32145,0.25567302
32146,0.0964375
32147,0.11821135
32148,0.118258104
32149,0.084643245
32150,0.54871
32151,0.069129445
32152,0.06866924
32153,0.08368994
32154,0.08368994
32155,0.09177179
32156,0.07527803
32157,0.08192868
32158,0.7291956
32159,0.5697467
32160,0.12378118
32161,0.9375645
32162,0.07239664
32163,0.06869838
32164,0.28293613
32165,0.08504432
32166,0.06976787
32167,0.059105847
32168,0.4574772
32169,0.034646373
32170,0.034895383
32171,0.080241635
32172,0.08446679
32173,0.09746461
32174,0.5544717
32175,0.5696955
32176,0.5749064
32177,0.60269517
32178,0.123688176
32179,0.11149363
32180,0.5505781
32181,0.07620267
32182,0.0756893
32183,0.07477448
32184,0.07569912
32185,0.5868294
32186,0.26464522
32187,0.04615134
32188,0.55129844
32189,0.2680044
32190,0.06482395
32191,0.072453596
32192,0.0631384
32193,0.064908475
32194,0.04323422
32195,0.034895383
32196,0.08110141
32197,0.08465157
32198,0.097164236
32199,0.0959695
32200,0.57507885
32201,0.6559232
32202,0.6191489
32203,0.6260248
32204,0.54394364
32205,0.1040124
32206,0.07522909
32207,0.07569912
32208,0.2615917
32209,0.5925588
32210,0.10424966
32211,0.05165365
32212,0.06869838
32213,0.06517588
32214,0.062613145
32215,0.06664924
32216,0.07603422
32217,0.06320262
32218,0.04384318
32219,0.06578512
32220,0.030011533
32221,0.08465157
32222,0.0847606
32223,0.0959695
32224,0.5582659
32225,0.26057252
32226,0.60769075
32227,0.6966855
32228,0.6791242
32229,0.5284949
32230,0.28129122
32231,0.07522909
32232,0.07620267
32233,0.07518332
32234,0.07569912
32235,0.104063414
32236,0.05122758
32237,0.06468735
32238,0.8800348
32239,0.06315668
32240,0.05872721
32241,0.07329444
32242,0.0614582
32243,0.065094724
32244,0.08201351
32245,0.04342047
32246,0.075726
32247,0.062365208
32248,0.08440257
32249,0.08465157
32250,0.09561832
32251,0.56127155
32252,0.6714081
32253,0.26353267
32254,0.6733552
32255,0.63342804
32256,0.53028613
32257,0.09672462
32258,0.0756893
32259,0.07482772
32260,0.086881995
32261,0.046215557
32262,0.051137846
32263,0.06516666
32264,0.06315668
32265,0.47399083
32266,0.058456752
32267,0.44174725
32268,0.062743746
32269,0.064908475
32270,0.08282084
32271,0.065987535
32272,0.07302849
32273,0.059529614
32274,0.06421275
32275,0.060698554
32276,0.104559384
32277,0.8642155
32278,0.67584705
32279,0.6852862
32280,0.49477705
32281,0.52121735
32282,0.086881995
32283,0.2754162
32284,0.04232879
32285,0.05799655
32286,0.05424669
32287,0.05443294
32288,0.074854575
32289,0.0811534
32290,0.08691801
32291,0.052727517
32292,0.2708594
32293,0.05157746
32294,0.05365297
32295,0.43661976
32296,0.070990786
32297,0.04834511
32298,0.029826738
32299,0.060995724
32300,0.104559384
32301,0.547
32302,0.06385895
32303,0.27063245
32304,0.08830995
32305,0.086881995
32306,0.09123699
32307,0.054722082
32308,0.052654322
32309,0.05297292
32310,0.05424669
32311,0.07479035
32312,0.081669204
32313,0.0497561
32314,0.26961887
32315,0.05218721
32316,0.072152086
32317,0.06857469
32318,0.062236603
32319,0.09624965
32320,0.04873734
32321,0.06406874
32322,0.0639057
32323,0.07481295
32324,0.07489759
32325,0.5568621
32326,0.57526326
32327,0.091692805
32328,0.05212857
32329,0.05335638
32330,0.05424089
32331,0.052180536
32332,0.08123804
32333,0.28511736
32334,0.046573568
32335,0.049759876
32336,0.051945593
32337,0.053868674
32338,0.040798873
32339,0.042561784
32340,0.062236603
32341,0.09627224
32342,0.5048107
32343,0.067243494
32344,0.06406874
32345,0.07540595
32346,0.03846984
32347,0.09534316
32348,0.5738457
32349,0.09362595
32350,0.041020945
32351,0.26605356
32352,0.054358352
32353,0.051858623
32354,0.08185545
32355,0.08710426
32356,0.050361298
32357,0.05218721
32358,0.051676642
32359,0.27029338
32360,0.040985122
32361,0.0444121
32362,0.06862524
32363,0.049299948
32364,0.08544957
32365,0.059012827
32366,0.039352197
32367,0.03962545
32368,0.048720937
32369,0.048281103
32370,0.28364015
32371,0.06751144
32372,0.052525308
32373,0.051858623
32374,0.073256865
32375,0.07519479
32376,0.27741024
32377,0.06606166
32378,0.2610496
32379,0.06434669
32380,0.064205654
32381,0.038143553
32382,0.040824834
32383,0.048075028
32384,0.07596467
32385,0.51561743
32386,0.058107227
32387,0.06651277
32388,0.04959712
32389,0.07889222
32390,0.05914361
32391,0.03919884
32392,0.2788109
32393,0.5292304
32394,0.27025843
32395,0.06836371
32396,0.05233906
32397,0.05233906
32398,0.05233906
32399,0.052525308
32400,0.07275585
32401,0.072444975
32402,0.9385063
32403,0.07500854
32404,0.06606166
32405,0.06606166
32406,0.06486411
32407,0.06478054
32408,0.040147677
32409,0.07062928
32410,0.45094824
32411,0.042561784
32412,0.27930406
32413,0.055186123
32414,0.04945523
32415,0.058635242
32416,0.06749938
32417,0.031519108
32418,0.036334783
32419,0.048281103
32420,0.044256896
32421,0.044277046
32422,0.041487593
32423,0.05233906
32424,0.05163596
32425,0.07419665
32426,0.07521096
32427,0.07497204
32428,0.06682044
32429,0.064452834
32430,0.06472146
32431,0.064944215
32432,0.04051369
32433,0.042848922
32434,0.072152086
32435,0.9009883
32436,0.07746517
32437,0.056065988
32438,0.056065988
32439,0.049474575
32440,0.062417164
32441,0.06749938
32442,0.03449159
32443,0.03223545
32444,0.5265826
32445,0.04374109
32446,0.054479733
32447,0.27706492
32448,0.064205654
32449,0.06587488
32450,0.06587488
32451,0.043463923
32452,0.07280648
32453,0.90124524
32454,0.077959225
32455,0.05555018
32456,0.0490633
32457,0.029899776
32458,0.0262764
32459,0.036288284
32460,0.5097216
32461,0.049268033
32462,0.023352478
32463,0.06292054
32464,0.06447935
32465,0.069499426
32466,0.07008918
32467,0.042863887
32468,0.043343652
32469,0.039169263
32470,0.037341807
32471,0.06508033
32472,0.29975212
32473,0.29745474
32474,0.029677605
32475,0.026425079
32476,0.037361193
32477,0.024711428
32478,0.02393598
32479,0.06447935
32480,0.06322264
32481,0.0701534
32482,0.07056895
32483,0.04263544
32484,0.06472533
32485,0.08636275
32486,0.26283845
32487,0.05202713
32488,0.03705714
32489,0.029513683
32490,0.026156146
32491,0.03689958
32492,0.042103097
32493,0.03600317
32494,0.022785442
32495,0.02456915
32496,0.048602615
32497,0.06207253
32498,0.04258302
32499,0.037947323
32500,0.065669544
32501,0.061473634
32502,0.030891059
32503,0.026425079
32504,0.036288284
32505,0.032784063
32506,0.044044852
32507,0.02463804
32508,0.024451789
32509,0.061609726
32510,0.06359659
32511,0.042928103
32512,0.06508033
32513,0.28685898
32514,0.07715123
32515,0.061140466
32516,0.035250247
32517,0.039332382
32518,0.03577351
32519,0.026942968
32520,0.026720794
32521,0.048614614
32522,0.02463804
32523,0.062306248
32524,0.08293688
32525,0.038976904
32526,0.04040476
32527,0.03965922
32528,0.036442492
32529,0.02108233
32530,0.023411563
32531,0.026998805
32532,0.037297033
32533,0.028074494
32534,0.028084273
32535,0.04931667
32536,0.024172371
32537,0.024451789
32538,0.06447935
32539,0.06306287
32540,0.08275063
32541,0.038064785
32542,0.0956111
32543,0.020974005
32544,0.026186716
32545,0.028084273
32546,0.02908495
32547,0.022464922
32548,0.02393598
32549,0.06447935
32550,0.06455274
32551,0.06424079
32552,0.065129906
32553,0.29106596
32554,0.26222518
32555,0.0977539
32556,0.021171862
32557,0.02116139
32558,0.022528457
32559,0.036225807
32560,0.035651647
32561,0.032613683
32562,0.054221313
32563,0.03777702
32564,0.03697649
32565,0.063038446
32566,0.05335821
32567,0.056036066
32568,0.05424012
32569,0.043284204
32570,0.06276116
32571,0.064934686
32572,0.05335821
32573,0.053546116
32574,0.4319269
32575,0.06342032
32576,0.08137596
32577,0.078843735
32578,0.27298695
32579,0.48079303
32580,0.059559476
32581,0.05951272
32582,0.2735723
32583,0.06793419
32584,0.5633933
32585,0.07820738
32586,0.4905068
32587,0.057289023
32588,0.082570486
32589,0.6252082
32590,0.10714072
32591,0.06796952
32592,0.05906371
32593,0.27277833
32594,0.057582837
32595,0.03781062
32596,0.0410311
32597,0.05118732
32598,0.032613683
32599,0.07435923
32600,0.271223
32601,0.5312398
32602,0.4788228
32603,0.0640258
32604,0.06284688
32605,0.059573248
32606,0.059989225
32607,0.0410311
32608,0.0410311
32609,0.0476388
32610,0.061988793
32611,0.08119753
32612,0.45747402
32613,0.098359466
32614,0.26604694
32615,0.4998863
32616,0.07944997
32617,0.07774983
32618,0.4512314
32619,0.054119725
32620,0.2650514
32621,0.05776416
32622,0.0529023
32623,0.05288946
32624,0.0660953
32625,0.075714
32626,0.26902437
32627,0.26668826
32628,0.048385505
32629,0.07774983
32630,0.08053475
32631,0.28516737
32632,0.053744692
32633,0.05367027
32634,0.046147127
32635,0.057777002
32636,0.051541034
32637,0.0519926
32638,0.043288663
32639,0.06535908
32640,0.063791655
32641,0.07582303
32642,0.2514918
32643,0.07286245
32644,0.45871562
32645,0.07831916
32646,0.054578315
32647,0.054578315
32648,0.046219673
32649,0.45180076
32650,0.07280281
32651,0.07812141
32652,0.45243183
32653,0.453763
32654,0.053887174
32655,0.05367027
32656,0.043207355
32657,0.043228135
32658,0.065688506
32659,0.06253367
32660,0.28516737
32661,0.29779276
32662,0.4729846
32663,0.2496664
32664,0.044493902
32665,0.04327489
32666,0.056365486
32667,0.056904025
32668,0.27521643
32669,0.06842042
32670,0.05204756
32671,0.05043907
32672,0.07318649
32673,0.06382741
32674,0.06484315
32675,0.08119917
32676,0.2826411
32677,0.48599064
32678,0.053257298
32679,0.044493902
32680,0.0684164
32681,0.07231189
32682,0.061679937
32683,0.056917798
32684,0.06853788
32685,0.07450617
32686,0.051861312
32687,0.041879166
32688,0.029895466
32689,0.03540817
32690,0.029625848
32691,0.07124987
32692,0.0692126
32693,0.28049272
32694,0.0729092
32695,0.09932636
32696,0.0648899
32697,0.058882363
32698,0.036511265
32699,0.036001727
32700,0.053308673
32701,0.05168341
32702,0.05463446
32703,0.5528134
32704,0.56794184
32705,0.059745546
32706,0.06020592
32707,0.061731312
32708,0.056917798
32709,0.05631411
32710,0.06842042
32711,0.051861312
32712,0.041879166
32713,0.26995417
32714,0.02923631
32715,0.02923631
32716,0.037583683
32717,0.07124987
32718,0.08155543
32719,0.48461908
32720,0.59619176
32721,0.5952921
32722,0.056812506
32723,0.054283094
32724,0.036080122
32725,0.068104446
32726,0.053257298
32727,0.27066055
32728,0.068286635
32729,0.562449
32730,0.059806075
32731,0.058665477
32732,0.06202512
32733,0.057317644
32734,0.057705164
32735,0.06775204
32736,0.042081583
32737,0.05042408
32738,0.04366693
32739,0.03625738
32740,0.038897708
32741,0.05392535
32742,0.24864976
32743,0.07581656
32744,0.106887475
32745,0.27367657
32746,0.53110987
32747,0.08419469
32748,0.061428357
32749,0.07482789
32750,0.07518406
32751,0.07766695
32752,0.044817112
32753,0.044417266
32754,0.044417266
32755,0.06423212
32756,0.06478442
32757,0.06459015
32758,0.065301776
32759,0.078640595
32760,0.06060636
32761,0.069473125
32762,0.06231113
32763,0.048603166
32764,0.05049235
32765,0.050305974
32766,0.029625848
32767,0.038962845
32768,0.038728908
32769,0.074856535
32770,0.073816955
32771,0.08011528
32772,0.11233503
32773,0.5314063
32774,0.27410054
32775,0.2584468
32776,0.061428357
32777,0.07482789
32778,0.06557352
32779,0.04382444
32780,0.0644497
32781,0.064504504
32782,0.06065774
32783,0.06147548
32784,0.06231113
32785,0.06231113
32786,0.04349747
32787,0.04853895
32788,0.048485704
32789,0.036639243
32790,0.037120096
32791,0.036842804
32792,0.07401495
32793,0.075944
32794,0.1093833
32795,0.6176739
32796,0.10448541
32797,0.25908816
32798,0.0613816
32799,0.08401939
32800,0.076694176
32801,0.077276886
32802,0.065789245
32803,0.043692656
32804,0.06640938
32805,0.27154064
32806,0.061075635
32807,0.06912794
32808,0.062251262
32809,0.08004466
32810,0.04695827
32811,0.042505637
32812,0.03625738
32813,0.03629698
32814,0.4474212
32815,0.07551113
32816,0.07766347
32817,0.10452047
32818,0.6381627
32819,0.10924898
32820,0.0840371
32821,0.25631225
32822,0.08382999
32823,0.07572057
32824,0.27387926
32825,0.06522834
32826,0.04122092
32827,0.04194553
32828,0.065084964
32829,0.06485743
32830,0.26877838
32831,0.06953299
32832,0.27939823
32833,0.08044451
32834,0.04714452
32835,0.04270401
32836,0.041996364
32837,0.042896975
32838,0.0875494
32839,0.083287165
32840,0.092030905
32841,0.092030905
32842,0.257195
32843,0.08495583
32844,0.0879925
32845,0.10088837
32846,0.13963425
32847,0.2740581
32848,0.10085174
32849,0.05476794
32850,0.054571938
32851,0.060939632
32852,0.08361261
32853,0.7325486
32854,0.080519795
32855,0.07924435
32856,0.5259274
32857,0.27675334
32858,0.042505637
32859,0.04316886
32860,0.03776577
32861,0.04189178
32862,0.053914703
32863,0.4889488
32864,0.4775408
32865,0.092209116
32866,0.08495583
32867,0.08437931
32868,0.08809888
32869,0.102411956
32870,0.13938053
32871,0.4692606
32872,0.0936493
32873,0.05519448
32874,0.063471474
32875,0.06492474
32876,0.08656983
32877,0.833542
32878,0.08004466
32879,0.5369152
32880,0.042505637
32881,0.042505637
32882,0.27647322
32883,0.03695371
32884,0.05400752
32885,0.054298393
32886,0.07256392
32887,0.07666363
32888,0.4827313
32889,0.08432793
32890,0.08451733
32891,0.54957837
32892,0.0998495
32893,0.12027036
32894,0.5165435
32895,0.093329266
32896,0.04165871
32897,0.11290386
32898,0.11319767
32899,0.08329853
32900,0.8818441
32901,0.84089595
32902,0.56444585
32903,0.07998868
32904,0.25869533
32905,0.059616305
32906,0.058544096
32907,0.041430447
32908,0.037761725
32909,0.036969915
32910,0.0617115
32911,0.08871401
32912,0.089417934
32913,0.08437931
32914,0.08809888
32915,0.101086386
32916,0.051666323
32917,0.12028413
32918,0.27860448
32919,0.28415185
32920,0.04194553
32921,0.056265242
32922,0.2788991
32923,0.054102592
32924,0.08604499
32925,0.7764337
32926,0.8169874
32927,0.5630537
32928,0.08046418
32929,0.04306204
32930,0.05932249
32931,0.4371124
32932,0.04136623
32933,0.037761725
32934,0.05318614
32935,0.05337651
32936,0.06421275
32937,0.06421275
32938,0.5561043
32939,0.08742923
32940,0.095994964
32941,0.0964375
32942,0.0959695
32943,0.08222509
32944,0.080970675
32945,0.5581705
32946,0.2572322
32947,0.09825794
32948,0.096512295
32949,0.08366109
32950,0.08357224
32951,0.9190903
32952,0.6742248
32953,0.85719573
32954,0.05790099
32955,0.057969026
32956,0.07258289
32957,0.06952398
32958,0.45694616
32959,0.08232198
32960,0.26759255
32961,0.059714805
32962,0.059100498
32963,0.05191226
32964,0.053001348
32965,0.05318614
32966,0.24994285
32967,0.06391237
32968,0.55366784
32969,0.5442977
32970,0.25179118
32971,0.0964375
32972,0.0959695
32973,0.08222509
32974,0.08372379
32975,0.083696164
32976,0.06963594
32977,0.09672462
32978,0.09670549
32979,0.08372373
32980,0.09192855
32981,0.053894095
32982,0.87878096
32983,0.8566657
32984,0.85719573
32985,0.058155276
32986,0.057489716
32987,0.26255733
32988,0.46920794
32989,0.085122086
32990,0.051611874
32991,0.05318614
32992,0.034253333
32993,0.06397659
32994,0.056266993
32995,0.82851493
32996,0.83520156
32997,0.0959695
32998,0.0959695
32999,0.08697945
33000,0.118258104
33001,0.08461562
33002,0.26152626
33003,0.2612578
33004,0.08357224
33005,0.08368994
33006,0.091799416
33007,0.075610094
33008,0.08345055
33009,0.7778477
33010,0.5879363
33011,0.2717914
33012,0.058171444
33013,0.07247404
33014,0.069148965
33015,0.062677875
33016,0.08475051
33017,0.08206639
33018,0.06283344
33019,0.05318614
33020,0.0344895
33021,0.05650316
33022,0.05650316
33023,0.80717415
33024,0.43577105
33025,0.25565368
33026,0.0959695
33027,0.118258104
33028,0.11871589
33029,0.08369785
33030,0.54267216
33031,0.068771414
33032,0.069129445
33033,0.08368994
33034,0.08368994
33035,0.09194789
33036,0.07620267
33037,0.08392986
33038,0.72607046
33039,0.26950112
33040,0.12300286
33041,0.9357768
33042,0.26491246
33043,0.28066492
33044,0.2656863
33045,0.06651229
33046,0.059308264
33047,0.43609366
33048,0.034895383
33049,0.034659214
33050,0.08121044
33051,0.084402695
33052,0.09746461
33053,0.5531116
33054,0.58635867
33055,0.2566182
33056,0.6114772
33057,0.124256946
33058,0.11200123
33059,0.5416169
33060,0.07620267
33061,0.07557096
33062,0.07569912
33063,0.07569912
33064,0.5913975
33065,0.26613745
33066,0.051856067
33067,0.5475372
33068,0.5473681
33069,0.06702809
33070,0.07567619
33071,0.06298692
33072,0.042448997
33073,0.035004403
33074,0.034895383
33075,0.08110141
33076,0.08465157
33077,0.09741786
33078,0.09605919
33079,0.67911273
33080,0.65454674
33081,0.6000289
33082,0.26891255
33083,0.5381984
33084,0.10405097
33085,0.07547388
33086,0.07518332
33087,0.07569912
33088,0.56256986
33089,0.10363747
33090,0.0518399
33091,0.068272434
33092,0.064650856
33093,0.06334293
33094,0.06721434
33095,0.07348069
33096,0.062041696
33097,0.06439267
33098,0.08210498
33099,0.08511957
33100,0.09572357
33101,0.5514366
33102,0.26136893
33103,0.60433847
33104,0.6715674
33105,0.7071133
33106,0.28434464
33107,0.27815235
33108,0.07618354
33109,0.074980795
33110,0.07489195
33111,0.10424966
33112,0.06517639
33113,0.8818413
33114,0.06279483
33115,0.058098853
33116,0.07329444
33117,0.062557496
33118,0.064670324
33119,0.082444675
33120,0.042718414
33121,0.07042271
33122,0.059476368
33123,0.030011533
33124,0.030011533
33125,0.084387995
33126,0.08465157
33127,0.09572955
33128,0.55761945
33129,0.65828115
33130,0.5993596
33131,0.68932444
33132,0.68983775
33133,0.52762854
33134,0.09627478
33135,0.075686865
33136,0.07477448
33137,0.08616209
33138,0.046547625
33139,0.051856067
33140,0.06516666
33141,0.06264087
33142,0.46541926
33143,0.05871104
33144,0.46180877
33145,0.062557496
33146,0.0647221
33147,0.08287408
33148,0.07266524
33149,0.25931147
33150,0.07491109
33151,0.06421275
33152,0.061972752
33153,0.104559384
33154,0.87583655
33155,0.65042686
33156,0.6458066
33157,0.4983198
33158,0.2695316
33159,0.08690962
33160,0.2762926
33161,0.041020945
33162,0.05852479
33163,0.054652166
33164,0.07497204
33165,0.080963455
33166,0.08640221
33167,0.047927562
33168,0.27099162
33169,0.051794104
33170,0.05371445
33171,0.2770814
33172,0.072152086
33173,0.029775362
33174,0.104559384
33175,0.53685075
33176,0.063774936
33177,0.5199051
33178,0.08880077
33179,0.08690962
33180,0.09072363
33181,0.054946065
33182,0.05212857
33183,0.05317013
33184,0.054294266
33185,0.074854575
33186,0.08137473
33187,0.04846374
33188,0.051612426
33189,0.051794104
33190,0.072152086
33191,0.06624381
33192,0.062236603
33193,0.09670743
33194,0.049544733
33195,0.0639057
33196,0.07540595
33197,0.07540595
33198,0.54342043
33199,0.5893388
33200,0.09333214
33201,0.055440307
33202,0.05317013
33203,0.05317013
33204,0.054358352
33205,0.080963455
33206,0.086408116
33207,0.048045024
33208,0.05218721
33209,0.054110292
33210,0.038285878
33211,0.039351963
33212,0.043915212
33213,0.062236603
33214,0.09624965
33215,0.48868114
33216,0.06365977
33217,0.0639057
33218,0.075142376
33219,0.03962545
33220,0.0944875
33221,0.57554525
33222,0.09362595
33223,0.041536752
33224,0.05542414
33225,0.26525941
33226,0.05317013
33227,0.05443294
33228,0.051852822
33229,0.051858623
33230,0.081669204
33231,0.08691801
33232,0.05238963
33233,0.05040561
33234,0.27197152
33235,0.040406387
33236,0.041667104
33237,0.04959712
33238,0.06977292
33239,0.059012827
33240,0.039578695
33241,0.03962545
33242,0.0478819
33243,0.048281103
33244,0.5027461
33245,0.06775113
33246,0.05233906
33247,0.052044872
33248,0.072604485
33249,0.07430279
33250,0.075017765
33251,0.06682044
33252,0.42993218
33253,0.06486411
33254,0.06486411
33255,0.03995629
33256,0.039425857
33257,0.036896452
33258,0.06837275
33259,0.5167395
33260,0.054525062
33261,0.06624381
33262,0.04959712
33263,0.07889222
33264,0.05960139
33265,0.47888553
33266,0.5563037
33267,0.27098998
33268,0.06739397
33269,0.044256896
33270,0.05233906
33271,0.05233906
33272,0.052047234
33273,0.05175342
33274,0.07248689
33275,0.073256865
33276,0.92928666
33277,0.07500854
33278,0.06759497
33279,0.06450608
33280,0.064452834
33281,0.040824834
33282,0.076934084
33283,0.44364268
33284,0.038451705
33285,0.2766613
33286,0.05517245
33287,0.054750606
33288,0.04754548
33289,0.05914361
33290,0.06749938
33291,0.03249708
33292,0.048281103
33293,0.044256896
33294,0.0450651
33295,0.041536752
33296,0.052047234
33297,0.07430279
33298,0.07519479
33299,0.074854575
33300,0.06554586
33301,0.06472146
33302,0.06472146
33303,0.06587488
33304,0.040924966
33305,0.04362421
33306,0.06989556
33307,0.905959
33308,0.077959225
33309,0.05505499
33310,0.055119205
33311,0.048943967
33312,0.05914361
33313,0.067304514
33314,0.03147235
33315,0.03449159
33316,0.52236646
33317,0.044871904
33318,0.045048933
33319,0.05182325
33320,0.07500854
33321,0.27735236
33322,0.06486411
33323,0.065723725
33324,0.06587488
33325,0.04304212
33326,0.043045476
33327,0.89961183
33328,0.077959225
33329,0.05553048
33330,0.054525062
33331,0.049130216
33332,0.030082583
33333,0.026156146
33334,0.035480637
33335,0.042103097
33336,0.048943967
33337,0.024172371
33338,0.06429312
33339,0.06272349
33340,0.070053145
33341,0.07056895
33342,0.043343652
33343,0.043343652
33344,0.037947323
33345,0.037947323
33346,0.06508033
33347,0.07715123
33348,0.100612685
33349,0.05480256
33350,0.03627376
33351,0.029513683
33352,0.023161855
33353,0.024654454
33354,0.06429312
33355,0.06359659
33356,0.07082859
33357,0.06980831
33358,0.06533997
33359,0.4479185
33360,0.054616645
33361,0.029677605
33362,0.026425079
33363,0.037181936
33364,0.046458565
33365,0.023793701
33366,0.04834068
33367,0.06359659
33368,0.043343652
33369,0.043343652
33370,0.037586592
33371,0.06508033
33372,0.07715123
33373,0.05709104
33374,0.053697407
33375,0.027365798
33376,0.026156146
33377,0.036900274
33378,0.03696799
33379,0.044044983
33380,0.02463804
33381,0.024451789
33382,0.06378283
33383,0.06239557
33384,0.043343652
33385,0.06590203
33386,0.37339765
33387,0.07741087
33388,0.055495217
33389,0.03922357
33390,0.03493317
33391,0.037076075
33392,0.027059905
33393,0.026668442
33394,0.048614614
33395,0.023381697
33396,0.06320956
33397,0.08275063
33398,0.03965922
33399,0.039689068
33400,0.039332382
33401,0.021029754
33402,0.026425079
33403,0.029461594
33404,0.047929402
33405,0.02393598
33406,0.023792977
33407,0.064163946
33408,0.0637653
33409,0.08275063
33410,0.3247917
33411,0.036436547
33412,0.02075397
33413,0.019276666
33414,0.02637832
33415,0.031481683
33416,0.024451789
33417,0.02463804
33418,0.06455274
33419,0.06429312
33420,0.06359659
33421,0.2844523
33422,0.28162712
33423,0.03965922
33424,0.09977948
33425,0.100612685
33426,0.021247303
33427,0.021161336
33428,0.019868137
33429,0.041873273
33430,0.03925363
33431,0.034878023
33432,0.039331205
33433,0.053756036
33434,0.05296015
33435,0.032359105
33436,0.032570846
33437,0.0606745
33438,0.0634
33439,0.05289828
33440,0.39845002
33441,0.07245621
33442,0.08511082
33443,0.07804057
33444,0.2713158
33445,0.2766194
33446,0.059478983
33447,0.27311385
33448,0.07414567
33449,0.5926741
33450,0.06303444
33451,0.06470765
33452,0.057143383
33453,0.040936835
33454,0.28131166
33455,0.5914556
33456,0.3022008
33457,0.06666889
33458,0.059478983
33459,0.27101105
33460,0.05719476
33461,0.057273153
33462,0.03822958
33463,0.040375922
33464,0.04776026
33465,0.05001514
33466,0.07292914
33467,0.26300624
33468,0.49081296
33469,0.49081296
33470,0.06470765
33471,0.062610134
33472,0.05946521
33473,0.05989496
33474,0.040936835
33475,0.04004213
33476,0.048950862
33477,0.06071499
33478,0.084829584
33479,0.47804147
33480,0.2641423
33481,0.48178607
33482,0.49844825
33483,0.28413394
33484,0.43825263
33485,0.05578778
33486,0.05781251
33487,0.057669897
33488,0.051898334
33489,0.053153224
33490,0.06572064
33491,0.084829584
33492,0.07544539
33493,0.09809086
33494,0.098332465
33495,0.04829124
33496,0.077655576
33497,0.078634314
33498,0.2847287
33499,0.05359892
33500,0.053248215
33501,0.04626828
33502,0.059009004
33503,0.052808035
33504,0.0431944
33505,0.061194014
33506,0.076115504
33507,0.07143075
33508,0.07264059
33509,0.07264059
33510,0.07816511
33511,0.07810458
33512,0.08044049
33513,0.054084204
33514,0.46091166
33515,0.07291788
33516,0.07759135
33517,0.4513584
33518,0.4738392
33519,0.056043044
33520,0.054084204
33521,0.05366314
33522,0.044399638
33523,0.051898334
33524,0.044491734
33525,0.06591672
33526,0.07337493
33527,0.063281514
33528,0.078634314
33529,0.28265938
33530,0.4799764
33531,0.5200667
33532,0.044399638
33533,0.0431944
33534,0.05627122
33535,0.056609906
33536,0.2741816
33537,0.052161355
33538,0.05799362
33539,0.07885004
33540,0.07885004
33541,0.47864568
33542,0.2576623
33543,0.05206959
33544,0.044399638
33545,0.072024085
33546,0.072617486
33547,0.06212514
33548,0.056284063
33549,0.06860324
33550,0.06860324
33551,0.051979676
33552,0.042061746
33553,0.04346034
33554,0.029681897
33555,0.03763973
33556,0.028931323
33557,0.07188185
33558,0.07184617
33559,0.26588467
33560,0.0728822
33561,0.0995148
33562,0.056846935
33563,0.054319166
33564,0.036816847
33565,0.036417
33566,0.05357244
33567,0.051775776
33568,0.051575374
33569,0.50658584
33570,0.54892987
33571,0.05850154
33572,0.05971181
33573,0.06206461
33574,0.06333665
33575,0.05722338
33576,0.06651377
33577,0.051796712
33578,0.042330373
33579,0.05006525
33580,0.26424855
33581,0.02902274
33582,0.03763973
33583,0.028706364
33584,0.06142931
33585,0.07136462
33586,0.082470745
33587,0.47587657
33588,0.60389364
33589,0.6112292
33590,0.05625752
33591,0.055204127
33592,0.035907462
33593,0.06744928
33594,0.053278625
33595,0.26932955
33596,0.06817953
33597,0.5575342
33598,0.05871696
33599,0.059009574
33600,0.06193086
33601,0.056823533
33602,0.056823533
33603,0.06833462
33604,0.04253279
33605,0.04217921
33606,0.050261106
33607,0.050476525
33608,0.035869878
33609,0.039073322
33610,0.056543898
33611,0.07279713
33612,0.07554795
33613,0.10911469
33614,0.27439457
33615,0.5254308
33616,0.08373569
33617,0.06115975
33618,0.074790515
33619,0.07463824
33620,0.07780776
33621,0.043598395
33622,0.04430923
33623,0.064690165
33624,0.06373578
33625,0.06441025
33626,0.06441025
33627,0.060563475
33628,0.06946636
33629,0.060498323
33630,0.043625988
33631,0.048523158
33632,0.042688217
33633,0.05042775
33634,0.050626744
33635,0.028706364
33636,0.038684137
33637,0.04330659
33638,0.07341032
33639,0.07344196
33640,0.07825845
33641,0.107077874
33642,0.52770394
33643,0.12990677
33644,0.25856426
33645,0.06115975
33646,0.07463824
33647,0.07620007
33648,0.06569499
33649,0.043794397
33650,0.064202085
33651,0.06449589
33652,0.06449589
33653,0.06062769
33654,0.061137505
33655,0.06141279
33656,0.04740948
33657,0.042624
33658,0.05042775
33659,0.041616164
33660,0.036871277
33661,0.036977675
33662,0.07930492
33663,0.075348906
33664,0.10911469
33665,0.6164558
33666,0.109118395
33667,0.0836293
33668,0.06126877
33669,0.08379754
33670,0.07620007
33671,0.07723401
33672,0.06609484
33673,0.044322997
33674,0.04421735
33675,0.0648237
33676,0.27063102
33677,0.061009
33678,0.06908506
33679,0.061440416
33680,0.07914632
33681,0.048072703
33682,0.043143094
33683,0.036425672
33684,0.03908886
33685,0.44065717
33686,0.07745801
33687,0.07825845
33688,0.10108259
33689,0.6018335
33690,0.10317429
33691,0.08384472
33692,0.2573563
33693,0.08361276
33694,0.07659992
33695,0.27277493
33696,0.06540303
33697,0.041517694
33698,0.0648237
33699,0.06469393
33700,0.06943873
33701,0.06983858
33702,0.2771746
33703,0.07914632
33704,0.042956844
33705,0.036962304
33706,0.042754553
33707,0.087280795
33708,0.08145634
33709,0.0917623
33710,0.0917623
33711,0.2581124
33712,0.08443822
33713,0.087830275
33714,0.10190719
33715,0.13953999
33716,0.2732442
33717,0.10131839
33718,0.056170978
33719,0.06339098
33720,0.08618177
33721,0.77488697
33722,0.07914632
33723,0.078294635
33724,0.5356713
33725,0.27669954
33726,0.04315926
33727,0.037745934
33728,0.037164427
33729,0.04202665
33730,0.05342807
33731,0.48479602
33732,0.48643178
33733,0.0917623
33734,0.08468722
33735,0.26363435
33736,0.25505763
33737,0.10190719
33738,0.13993983
33739,0.27446082
33740,0.09323501
33741,0.05472505
33742,0.06078115
33743,0.06337721
33744,0.2807297
33745,0.77535784
33746,0.07954617
33747,0.5354871
33748,0.043143094
33749,0.043099493
33750,0.05965376
33751,0.037554447
33752,0.037211183
33753,0.05080339
33754,0.054049574
33755,0.07634364
33756,0.07398698
33757,0.48293424
33758,0.0841107
33759,0.08424872
33760,0.5555153
33761,0.100679755
33762,0.120189875
33763,0.4482552
33764,0.49410164
33765,0.041126657
33766,0.116428964
33767,0.11602911
33768,0.079324864
33769,0.83760864
33770,0.8164778
33771,0.2900826
33772,0.08167403
33773,0.25951633
33774,0.05951111
33775,0.05965376
33776,0.040957186
33777,0.03735268
33778,0.060650773
33779,0.079014525
33780,0.08938548
33781,0.08938548
33782,0.08405932
33783,0.087830275
33784,0.10086453
33785,0.05164365
33786,0.120189875
33787,0.10080886
33788,0.09380876
33789,0.054258753
33790,0.2785436
33791,0.05366314
33792,0.08149644
33793,0.77053887
33794,0.8207291
33795,0.5740302
33796,0.080692396
33797,0.05929573
33798,0.5750594
33799,0.04143269
33800,0.037681717
33801,0.051407482
33802,0.052917533
33803,0.053026553
33804,0.06403382
33805,0.06375936
33806,0.5432987
33807,0.087160625
33808,0.09580992
33809,0.09545496
33810,0.09545496
33811,0.08671084
33812,0.08119889
33813,0.558304
33814,0.06989179
33815,0.09650299
33816,0.09643703
33817,0.08391816
33818,0.08380046
33819,0.91739076
33820,0.70548296
33821,0.857012
33822,0.07224713
33823,0.06906749
33824,0.47121322
33825,0.082717404
33826,0.26896995
33827,0.05907509
33828,0.06280269
33829,0.05164365
33830,0.05265395
33831,0.052917533
33832,0.06394414
33833,0.06369513
33834,0.5620158
33835,0.5469146
33836,0.09570089
33837,0.09570089
33838,0.09570089
33839,0.09074953
33840,0.08392438
33841,0.08392438
33842,0.06935766
33843,0.06935766
33844,0.09695283
33845,0.098813
33846,0.08391816
33847,0.09205777
33848,0.05388245
33849,0.8879375
33850,0.8314565
33851,0.8385342
33852,0.05808997
33853,0.059136212
33854,0.27291834
33855,0.4578681
33856,0.08169396
33857,0.051676434
33858,0.052681364
33859,0.06394414
33860,0.056234553
33861,0.7897423
33862,0.82841855
33863,0.09518495
33864,0.095516115
33865,0.09363567
33866,0.117794506
33867,0.08386184
33868,0.2620593
33869,0.26180813
33870,0.06989179
33871,0.08391816
33872,0.08391816
33873,0.09178769
33874,0.07643089
33875,0.083369076
33876,0.7471006
33877,0.59230065
33878,0.26815814
33879,0.05734402
33880,0.07210482
33881,0.06937962
33882,0.06240868
33883,0.08215776
33884,0.08143954
33885,0.05907509
33886,0.052917533
33887,0.033984724
33888,0.055988617
33889,0.056234553
33890,0.8336003
33891,0.6198144
33892,0.09570089
33893,0.2541686
33894,0.117989495
33895,0.117989495
33896,0.08487146
33897,0.5441195
33898,0.06906386
33899,0.069142245
33900,0.08391816
33901,0.08373623
33902,0.09200001
33903,0.07544202
33904,0.08384839
33905,0.7092519
33906,0.27035242
33907,0.12329401
33908,0.9286139
33909,0.07224713
33910,0.068548866
33911,0.2811172
33912,0.2645326
33913,0.06653718
33914,0.05927751
33915,0.27595925
33916,0.034626774
33917,0.034659557
33918,0.08056924
33919,0.08427657
33920,0.097664006
33921,0.5606841
33922,0.5806304
33923,0.25655308
33924,0.61530733
33925,0.12348891
33926,0.112199314
33927,0.60087115
33928,0.09695283
33929,0.07550625
33930,0.07643089
33931,0.0750027
33932,0.075120166
33933,0.5925028
33934,0.2645808
33935,0.051210325
33936,0.54997754
33937,0.26936686
33938,0.0666789
33939,0.07242944
33940,0.062121514
33941,0.06455928
33942,0.043198116
33943,0.034626774
33944,0.08083281
33945,0.08433621
33946,0.097196005
33947,0.09540051
33948,0.5863296
33949,0.6916806
33950,0.5998715
33951,0.26552507
33952,0.53938156
33953,0.10427918
33954,0.07643089
33955,0.07563315
33956,0.075954966
33957,0.27136225
33958,0.10398194
33959,0.046134077
33960,0.06881932
33961,0.06508519
33962,0.069060646
33963,0.072945245
33964,0.046637237
33965,0.046637237
33966,0.0662991
33967,0.02974292
33968,0.02950297
33969,0.08413396
33970,0.08433621
33971,0.095460944
33972,0.5619781
33973,0.25655115
33974,0.60284346
33975,0.71335536
33976,0.6890556
33977,0.2852124
33978,0.09698046
33979,0.07643089
33980,0.07505594
33981,0.075207435
33982,0.10398194
33983,0.06481061
33984,0.88077027
33985,0.06255938
33986,0.058232952
33987,0.075326994
33988,0.062394556
33989,0.2598958
33990,0.08157968
33991,0.043203466
33992,0.06594061
33993,0.059381396
33994,0.02974292
33995,0.08438296
33996,0.08438296
33997,0.09570089
33998,0.5526748
33999,0.6542779
34000,0.6234429
34001,0.70467716
34002,0.62410676
34003,0.5453773
34004,0.09643703
34005,0.076458514
34006,0.07541397
34007,0.08709109
34008,0.051056374
34009,0.051504135
34010,0.06489881
34011,0.0630752
34012,0.46541083
34013,0.058629565
34014,0.40491712
34015,0.062789194
34016,0.06505291
34017,0.08258911
34018,0.06594061
34019,0.25992846
34020,0.06233445
34021,0.06368057
34022,0.062292688
34023,0.103107534
34024,0.8085232
34025,0.66727936
34026,0.6385734
34027,0.49158013
34028,0.26503006
34029,0.087110214
34030,0.27918416
34031,0.04176924
34032,0.041455276
34033,0.058443315
34034,0.05435527
34035,0.054165214
34036,0.07496305
34037,0.08177398
34038,0.08703896
34039,0.039855707
34040,0.27152514
34041,0.051645886
34042,0.053980242
34043,0.27187103
34044,0.07180369
34045,0.029851945
34046,0.06089015
34047,0.103107534
34048,0.25110862
34049,0.06370936
34050,0.51593804
34051,0.26245254
34052,0.08659685
34053,0.09083351
34054,0.04156429
34055,0.055156413
34056,0.051865414
34057,0.053088654
34058,0.05421279
34059,0.0756651
34060,0.08158773
34061,0.042120993
34062,0.2674691
34063,0.052156456
34064,0.07289755
34065,0.062131032
34066,0.09531981
34067,0.050195735
34068,0.06370936
34069,0.07516286
34070,0.07478301
34071,0.2907894
34072,0.5726856
34073,0.09349614
34074,0.054570775
34075,0.05474625
34076,0.05349413
34077,0.05328918
34078,0.054487128
34079,0.08158773
34080,0.087062635
34081,0.043134607
34082,0.05213493
34083,0.051346328
34084,0.052760497
34085,0.04020504
34086,0.039321207
34087,0.038485166
34088,0.061773133
34089,0.09466703
34090,0.49463367
34091,0.06370936
34092,0.0635786
34093,0.07507682
34094,0.039591055
34095,0.095346175
34096,0.56969005
34097,0.09528539
34098,0.26534805
34099,0.052572846
34100,0.05436763
34101,0.052182622
34102,0.051771346
34103,0.08099945
34104,0.08683654
34105,0.042643532
34106,0.042643532
34107,0.050973702
34108,0.052156456
34109,0.27066717
34110,0.03777963
34111,0.04253103
34112,0.050195735
34113,0.06374996
34114,0.059695467
34115,0.039080888
34116,0.039311476
34117,0.04808476
34118,0.046865243
34119,0.51307833
34120,0.06766966
34121,0.051554482
34122,0.052040298
34123,0.07265959
34124,0.07422132
34125,0.27597678
34126,0.06598019
34127,0.26096886
34128,0.064639986
34129,0.06412418
34130,0.034524284
34131,0.040304292
34132,0.04062636
34133,0.07059852
34134,0.5080621
34135,0.06810842
34136,0.050195735
34137,0.07953759
34138,0.06301578
34139,0.039002493
34140,0.47228804
34141,0.54085577
34142,0.2696867
34143,0.06757258
34144,0.04417542
34145,0.051554482
34146,0.052257583
34147,0.051671945
34148,0.05196576
34149,0.07258711
34150,0.07240542
34151,0.9326408
34152,0.07492707
34153,0.06644578
34154,0.06598019
34155,0.06437136
34156,0.064639986
34157,0.04011692
34158,0.07593391
34159,0.46134558
34160,0.044626128
34161,0.2758612
34162,0.05522876
34163,0.04909946
34164,0.059689835
34165,0.067172274
34166,0.032026265
34167,0.04727659
34168,0.04417542
34169,0.04417542
34170,0.041626915
34171,0.052257583
34172,0.051671945
34173,0.054584507
34174,0.0751277
34175,0.07427456
34176,0.07496896
34177,0.06616644
34178,0.064639986
34179,0.06412418
34180,0.06552479
34181,0.071739465
34182,0.9259007
34183,0.0776792
34184,0.054494306
34185,0.0539785
34186,0.049150005
34187,0.06026422
34188,0.06730304
34189,0.03236495
34190,0.55481964
34191,0.044371046
34192,0.05196576
34193,0.07512949
34194,0.27630585
34195,0.06448883
34196,0.06579341
34197,0.06579341
34198,0.043407205
34199,0.07270195
34200,0.2698052
34201,0.07850909
34202,0.054839965
34203,0.04891321
34204,0.04808476
34205,0.029898949
34206,0.025959803
34207,0.03671664
34208,0.26928312
34209,0.048520233
34210,0.024577418
34211,0.06426236
34212,0.06426236
34213,0.07053819
34214,0.07024011
34215,0.04282673
34216,0.043312896
34217,0.037865296
34218,0.037571482
34219,0.06453377
34220,0.077120475
34221,0.1026928
34222,0.025959803
34223,0.023195183
34224,0.024883335
34225,0.024149597
34226,0.02335094
34227,0.02442103
34228,0.023905221
34229,0.06426236
34230,0.063565835
34231,0.07007136
34232,0.07002239
34233,0.038823105
34234,0.06453377
34235,0.41588324
34236,0.036652863
34237,0.03407144
34238,0.043247376
34239,0.035577163
34240,0.023469655
34241,0.023488998
34242,0.049099665
34243,0.02442103
34244,0.02402415
34245,0.062364813
34246,0.043312896
34247,0.0431663
34248,0.038952257
34249,0.06543405
34250,0.050018184
34251,0.05458589
34252,0.026918057
34253,0.02686668
34254,0.0367038
34255,0.033660628
34256,0.04190675
34257,0.02442103
34258,0.063565835
34259,0.043499146
34260,0.03803403
34261,0.06470287
34262,0.38122362
34263,0.077120475
34264,0.05625002
34265,0.03880031
34266,0.03616065
34267,0.037139278
34268,0.02652445
34269,0.025990373
34270,0.047898646
34271,0.02442103
34272,0.06426236
34273,0.29230937
34274,0.040447395
34275,0.039628465
34276,0.039628465
34277,0.036617253
34278,0.02206893
34279,0.02846954
34280,0.049099665
34281,0.02442103
34282,0.06426236
34283,0.08271988
34284,0.03843645
34285,0.28702965
34286,0.021072384
34287,0.02181467
34288,0.025959803
34289,0.026342325
34290,0.028651668
34291,0.023762219
34292,0.023404317
34293,0.024092855
34294,0.063852005
34295,0.0641332
34296,0.06426236
34297,0.063565835
34298,0.30268517
34299,0.07053819
34300,0.036677506
34301,0.10251111
34302,0.02045438
34303,0.020812744
34304,0.020130258
34305,0.034742214
34306,0.03154846
34307,0.035634693
34308,0.053446885
34309,0.052940905
34310,0.078488246
34311,0.07187552
34312,0.44672137
34313,0.06826594
34314,0.08257479
34315,0.08571725
34316,0.053292878
34317,0.48611927
34318,0.058969446
34319,0.28021342
34320,0.08885794
34321,0.5900478
34322,0.09706042
34323,0.06423227
34324,0.061961554
34325,0.059478983
34326,0.05748857
34327,0.4519589
34328,0.61353207
34329,0.28634605
34330,0.06294144
34331,0.059478983
34332,0.2745867
34333,0.05748857
34334,0.057690524
34335,0.03829011
34336,0.040427297
34337,0.04713513
34338,0.04776026
34339,0.07718337
34340,0.27034023
34341,0.51020104
34342,0.49395332
34343,0.06423227
34344,0.06666889
34345,0.05891807
34346,0.27328122
34347,0.040936835
34348,0.040876307
34349,0.04776026
34350,0.061720185
34351,0.094078965
34352,0.46583602
34353,0.26661077
34354,0.26436237
34355,0.5103069
34356,0.077911384
34357,0.07816511
34358,0.49538347
34359,0.05397585
34360,0.059422623
34361,0.057669897
34362,0.052519683
34363,0.051837806
34364,0.06579341
34365,0.07518182
34366,0.094076216
34367,0.096126474
34368,0.047746487
34369,0.07935571
34370,0.078418896
34371,0.28348535
34372,0.05379291
34373,0.04592309
34374,0.05781251
34375,0.052519683
34376,0.043180626
34377,0.061684497
34378,0.07617973
34379,0.07539864
34380,0.07274962
34381,0.07291788
34382,0.07935571
34383,0.077733964
34384,0.07938102
34385,0.05448405
34386,0.044399638
34387,0.07617973
34388,0.48251015
34389,0.07274962
34390,0.28400463
34391,0.46969786
34392,0.46828452
34393,0.053650428
34394,0.054008327
34395,0.04406588
34396,0.05250591
34397,0.06579341
34398,0.042330373
34399,0.06768672
34400,0.06244296
34401,0.08004064
34402,0.07885004
34403,0.47333035
34404,0.051988993
34405,0.5269308
34406,0.04591025
34407,0.04313387
34408,0.056823533
34409,0.2746823
34410,0.06880566
34411,0.05223975
34412,0.06388992
34413,0.07828913
34414,0.5462284
34415,0.47862485
34416,0.05322725
34417,0.05206959
34418,0.044399638
34419,0.06853756
34420,0.06843731
34421,0.05662925
34422,0.06845208
34423,0.06833462
34424,0.052161355
34425,0.042330373
34426,0.050554294
34427,0.05018271
34428,0.04356177
34429,0.029264338
34430,0.02919032
34431,0.028931323
34432,0.07188185
34433,0.07188185
34434,0.28013504
34435,0.06871813
34436,0.096702605
34437,0.062396586
34438,0.05387216
34439,0.036417
34440,0.036201276
34441,0.053727634
34442,0.051589146
34443,0.051589146
34444,0.50701606
34445,0.52337134
34446,0.059698038
34447,0.05971181
34448,0.061585672
34449,0.06212514
34450,0.05680976
34451,0.06874589
34452,0.05231252
34453,0.041814566
34454,0.041814566
34455,0.050333876
34456,0.037029993
34457,0.028961072
34458,0.06142931
34459,0.06894399
34460,0.079555824
34461,0.27401373
34462,0.267364
34463,0.5913503
34464,0.055382326
34465,0.053904872
34466,0.036417
34467,0.06750066
34468,0.053727634
34469,0.2707698
34470,0.07355739
34471,0.56591374
34472,0.05965128
34473,0.057682738
34474,0.06211137
34475,0.0576109
34476,0.0576109
34477,0.06874589
34478,0.042061746
34479,0.042473022
34480,0.050001033
34481,0.050333876
34482,0.0439198
34483,0.029412279
34484,0.03536689
34485,0.04330659
34486,0.072714984
34487,0.07836391
34488,0.10885112
34489,0.27084947
34490,0.5313458
34491,0.083499536
34492,0.06115975
34493,0.075089805
34494,0.07502928
34495,0.07780776
34496,0.09329923
34497,0.044036187
34498,0.043379474
34499,0.06447655
34500,0.064690165
34501,0.06441025
34502,0.06408648
34503,0.078880884
34504,0.06098137
34505,0.06903368
34506,0.06141279
34507,0.04740948
34508,0.043143094
34509,0.050943557
34510,0.050610714
34511,0.029412279
34512,0.04330659
34513,0.039455187
34514,0.074587926
34515,0.072714984
34516,0.07952729
34517,0.10661887
34518,0.5359944
34519,0.26858145
34520,0.2582876
34521,0.06091074
34522,0.074528895
34523,0.07620007
34524,0.06569499
34525,0.043794397
34526,0.064690165
34527,0.06408648
34528,0.060576312
34529,0.061440416
34530,0.06141279
34531,0.04733671
34532,0.050943557
34533,0.041286223
34534,0.03571976
34535,0.037254967
34536,0.036977675
34537,0.07524252
34538,0.07531596
34539,0.11022359
34540,0.62672293
34541,0.10898037
34542,0.08373569
34543,0.06115975
34544,0.08379754
34545,0.075984344
34546,0.07729823
34547,0.06518546
34548,0.044322997
34549,0.26945892
34550,0.06098137
34551,0.06896946
34552,0.06105911
34553,0.079173945
34554,0.04740948
34555,0.042441037
34556,0.036425672
34557,0.036977675
34558,0.4790425
34559,0.07628858
34560,0.07952729
34561,0.10425186
34562,0.6330045
34563,0.1042168
34564,0.08348682
34565,0.083750784
34566,0.083923705
34567,0.07620007
34568,0.4318716
34569,0.06512123
34570,0.04185126
34571,0.041667845
34572,0.06522355
34573,0.0648237
34574,0.06825792
34575,0.06908506
34576,0.07954617
34577,0.07954617
34578,0.042957168
34579,0.042754553
34580,0.086136244
34581,0.083939694
34582,0.0917623
34583,0.0915133
34584,0.2581035
34585,0.08442365
34586,0.08631048
34587,0.10214335
34588,0.13903047
34589,0.27212292
34590,0.10171824
34591,0.055018865
34592,0.06339098
34593,0.06379083
34594,0.0858142
34595,0.77563107
34596,0.07912719
34597,0.07914632
34598,0.54664344
34599,0.27638388
34600,0.042441037
34601,0.03703864
34602,0.037488475
34603,0.042754553
34604,0.05630034
34605,0.49685413
34606,0.48996753
34607,0.0915133
34608,0.08479625
34609,0.26454633
34610,0.087830275
34611,0.10214335
34612,0.13952622
34613,0.27680272
34614,0.09318407
34615,0.05460946
34616,0.06339098
34617,0.060832657
34618,0.2896398
34619,0.8159925
34620,0.07914632
34621,0.61670005
34622,0.042441037
34623,0.043143094
34624,0.27030465
34625,0.03703864
34626,0.037211183
34627,0.054109216
34628,0.05342807
34629,0.07172539
34630,0.07571621
34631,0.48599848
34632,0.084295474
34633,0.084295474
34634,0.25721487
34635,0.10086453
34636,0.27856445
34637,0.51484954
34638,0.49605423
34639,0.28089014
34640,0.112809606
34641,0.08171402
34642,0.83718246
34643,0.89616483
34644,0.57718587
34645,0.08119889
34646,0.08047698
34647,0.059242483
34648,0.059194297
34649,0.04115895
34650,0.06241758
34651,0.07398698
34652,0.08938548
34653,0.0890851
34654,0.0839951
34655,0.08644025
34656,0.10086453
34657,0.05164365
34658,0.12012935
34659,0.10131839
34660,0.2834161
34661,0.042251106
34662,0.056170978
34663,0.50890124
34664,0.054008327
34665,0.085656926
34666,0.7984344
34667,0.8366821
34668,0.5573592
34669,0.059242483
34670,0.47117656
34671,0.04143269
34672,0.04115895
34673,0.037745934
34674,0.051537253
34675,0.052917533
34676,0.05273274
34677,0.06369821
34678,0.06394414
34679,0.5485057
34680,0.087160625
34681,0.09580992
34682,0.09570089
34683,0.09580992
34684,0.09243939
34685,0.08119889
34686,0.26368567
34687,0.06986416
34688,0.09650299
34689,0.096933715
34690,0.08409426
34691,0.08373623
34692,0.9104912
34693,0.70606107
34694,0.8651759
34695,0.057887554
34696,0.059136212
34697,0.07231517
34698,0.06942934
34699,0.06089687
34700,0.47630423
34701,0.08234332
34702,0.26767862
34703,0.05907509
34704,0.058888715
34705,0.052681364
34706,0.052917533
34707,0.06405316
34708,0.06394414
34709,0.5515065
34710,0.55173737
34711,0.09610467
34712,0.095516115
34713,0.09570089
34714,0.09383305
34715,0.08300661
34716,0.08392438
34717,0.06899963
34718,0.06989179
34719,0.09695283
34720,0.096933715
34721,0.08409426
34722,0.09200001
34723,0.05381262
34724,0.89961576
34725,0.8736476
34726,0.85887724
34727,0.05705866
34728,0.058073804
34729,0.26621193
34730,0.062126257
34731,0.44641042
34732,0.081501774
34733,0.05164365
34734,0.052681364
34735,0.034174137
34736,0.06369526
34737,0.05632423
34738,0.83968586
34739,0.8386623
34740,0.09653121
34741,0.09580992
34742,0.081423715
34743,0.11772592
34744,0.08487146
34745,0.26548216
34746,0.06965184
34747,0.08380046
34748,0.08391816
34749,0.09217611
34750,0.07591752
34751,0.084050804
34752,0.7763267
34753,0.5940227
34754,0.2710782
34755,0.057461616
34756,0.07278126
34757,0.0693613
34758,0.060843624
34759,0.26596788
34760,0.081501774
34761,0.05907509
34762,0.05273274
34763,0.033984724
34764,0.056234553
34765,0.056234553
34766,0.83150345
34767,0.6355078
34768,0.24923742
34769,0.25533023
34770,0.118511505
34771,0.25067082
34772,0.08484384
34773,0.5926812
34774,0.06899963
34775,0.069845036
34776,0.08368299
34777,0.08391816
34778,0.09200001
34779,0.26827347
34780,0.27541548
34781,0.7740709
34782,0.2736606
34783,0.122833185
34784,0.935979
34785,0.26989442
34786,0.0686943
34787,0.28380117
34788,0.08143954
34789,0.06616309
34790,0.05907509
34791,0.06614883
34792,0.034626774
34793,0.034390606
34794,0.08130081
34795,0.08438296
34796,0.097196005
34797,0.56428254
34798,0.58487564
34799,0.25681293
34800,0.26529962
34801,0.123924114
34802,0.1119177
34803,0.5595352
34804,0.0757021
34805,0.07643089
34806,0.07455752
34807,0.07592734
34808,0.58606356
34809,0.93206507
34810,0.051758427
34811,0.54952615
34812,0.5792912
34813,0.063277625
34814,0.0666789
34815,0.072945245
34816,0.062208306
34817,0.06474553
34818,0.043203466
34819,0.034220893
34820,0.034735795
34821,0.034626774
34822,0.08130081
34823,0.08485096
34824,0.09730504
34825,0.25028217
34826,0.58763295
34827,0.6750686
34828,0.6068597
34829,0.26541036
34830,0.11172184
34831,0.103765115
34832,0.07515666
34833,0.076458514
34834,0.0750027
34835,0.2616563
34836,0.12302474
34837,0.10416819
34838,0.051504135
34839,0.06825506
34840,0.065287605
34841,0.06598128
34842,0.072945245
34843,0.043203466
34844,0.029696165
34845,0.08438296
34846,0.08438296
34847,0.09570089
34848,0.5608106
34849,0.25557986
34850,0.603907
34851,0.6730695
34852,0.6850186
34853,0.28785425
34854,0.096438766
34855,0.07591752
34856,0.07592734
34857,0.075908214
34858,0.10350263
34859,0.06460588
34860,0.8694768
34861,0.06259588
34862,0.057899784
34863,0.07242944
34864,0.062208306
34865,0.45391333
34866,0.08240742
34867,0.046931054
34868,0.065567985
34869,0.06763747
34870,0.08485096
34871,0.08438296
34872,0.095733695
34873,0.5798275
34874,0.65615636
34875,0.26458308
34876,0.6250062
34877,0.6242454
34878,0.5469761
34879,0.096620455
34880,0.07550625
34881,0.074938476
34882,0.08623894
34883,0.051210325
34884,0.051056374
34885,0.06508519
34886,0.0630752
34887,0.48482537
34888,0.057899784
34889,0.2590266
34890,0.06534507
34891,0.06404348
34892,0.2697191
34893,0.26135266
34894,0.26182556
34895,0.06944298
34896,0.063707985
34897,0.06197861
34898,0.103107534
34899,0.8576288
34900,0.6542968
34901,0.6541859
34902,0.51635695
34903,0.53612894
34904,0.087110214
34905,0.09146521
34906,0.04226348
34907,0.058081463
34908,0.05421266
34909,0.054351464
34910,0.0747731
34911,0.08107193
34912,0.08613079
34913,0.044216543
34914,0.27373862
34915,0.05206251
34916,0.054079536
34917,0.50290275
34918,0.073501915
34919,0.062054805
34920,0.10356532
34921,0.25483215
34922,0.063872404
34923,0.2629782
34924,0.08817784
34925,0.08630304
34926,0.09054057
34927,0.042247314
34928,0.054640606
34929,0.053088654
34930,0.05313623
34931,0.25688815
34932,0.07547885
34933,0.08081776
34934,0.04108942
34935,0.27145484
34936,0.054899476
34937,0.07309075
34938,0.06835768
34939,0.061837222
34940,0.094751045
34941,0.050195735
34942,0.0635786
34943,0.07478301
34944,0.07439784
34945,0.27916482
34946,0.571008
34947,0.09434841
34948,0.04176924
34949,0.054453313
34950,0.053088654
34951,0.05349413
34952,0.054159414
34953,0.08088198
34954,0.08683654
34955,0.061379086
34956,0.05176335
34957,0.051645886
34958,0.054079536
34959,0.04009096
34960,0.039732482
34961,0.04201522
34962,0.04201522
34963,0.06102792
34964,0.0947978
34965,0.4904186
34966,0.06370936
34967,0.06370936
34968,0.07516286
34969,0.038951118
34970,0.09566799
34971,0.5815529
34972,0.09439516
34973,0.26516744
34974,0.0545557
34975,0.051777147
34976,0.08107784
34977,0.08608259
34978,0.04472244
34979,0.051362496
34980,0.26836246
34981,0.034524284
34982,0.04201522
34983,0.06614883
34984,0.050195735
34985,0.07953759
34986,0.059742223
34987,0.039002493
34988,0.039429106
34989,0.0528596
34990,0.047685556
34991,0.5312962
34992,0.067768656
34993,0.05450656
34994,0.051607728
34995,0.052163277
34996,0.07317539
34997,0.07511332
34998,0.27719584
34999,0.06672097
35000,0.26067823
35001,0.06430714
35002,0.06412418
35003,0.04009096
35004,0.03777963
35005,0.04089421
35006,0.07593391
35007,0.50362545
35008,0.054494306
35009,0.2783944
35010,0.05071773
35011,0.07102431
35012,0.05961144
35013,0.27711836
35014,0.5254621
35015,0.2695933
35016,0.06826607
35017,0.044983625
35018,0.05196576
35019,0.053790893
35020,0.051741775
35021,0.05184742
35022,0.07317539
35023,0.07317539
35024,0.9468157
35025,0.07511332
35026,0.06672097
35027,0.06445361
35028,0.064639986
35029,0.040372275
35030,0.07690333
35031,0.47709134
35032,0.039732482
35033,0.2751498
35034,0.05520591
35035,0.048663944
35036,0.059689835
35037,0.06782505
35038,0.034295242
35039,0.052808225
35040,0.044078108
35041,0.043659613
35042,0.041455276
35043,0.051823433
35044,0.05196576
35045,0.05381262
35046,0.07492707
35047,0.07547885
35048,0.06598019
35049,0.064782634
35050,0.06412418
35051,0.06564225
35052,0.07143206
35053,0.9198432
35054,0.07792847
35055,0.2669411
35056,0.0539785
35057,0.04908592
35058,0.059689835
35059,0.067172274
35060,0.03132276
35061,0.031276
35062,0.5493462
35063,0.04417542
35064,0.052257583
35065,0.051607728
35066,0.053695157
35067,0.07427456
35068,0.07547885
35069,0.064782634
35070,0.06572064
35071,0.06552479
35072,0.04089421
35073,0.07185403
35074,0.9185864
35075,0.07845908
35076,0.05520591
35077,0.0535961
35078,0.056050558
35079,0.02944631
35080,0.02679144
35081,0.036854576
35082,0.04395253
35083,0.048968326
35084,0.02442103
35085,0.0641332
35086,0.06426236
35087,0.07007136
35088,0.069777556
35089,0.043183744
35090,0.042552263
35091,0.03843645
35092,0.0392119
35093,0.06507331
35094,0.08076113
35095,0.10257533
35096,0.02944631
35097,0.036382847
35098,0.04167709
35099,0.024538392
35100,0.023195183
35101,0.023195183
35102,0.02335094
35103,0.02468067
35104,0.02442103
35105,0.06452199
35106,0.063565835
35107,0.07072444
35108,0.070122644
35109,0.03785235
35110,0.2580585
35111,0.076238826
35112,0.51208645
35113,0.03941683
35114,0.037811965
35115,0.025959803
35116,0.03706183
35117,0.043912724
35118,0.023488998
35119,0.024809947
35120,0.04801611
35121,0.023762219
35122,0.023468403
35123,0.043572538
35124,0.042552263
35125,0.03843645
35126,0.06452583
35127,0.07660467
35128,0.05477214
35129,0.03754639
35130,0.026853839
35131,0.03694802
35132,0.03258772
35133,0.04190675
35134,0.024278753
35135,0.023468403
35136,0.063565835
35137,0.04279709
35138,0.043312896
35139,0.037969813
35140,0.064694576
35141,0.28150576
35142,0.07628727
35143,0.051996373
35144,0.03531498
35145,0.037530743
35146,0.02652445
35147,0.049285915
35148,0.02595434
35149,0.064210035
35150,0.08271988
35151,0.07053819
35152,0.042258173
35153,0.039628465
35154,0.037885357
35155,0.04904735
35156,0.02442103
35157,0.063498564
35158,0.08271988
35159,0.10277211
35160,0.019615779
35161,0.019182688
35162,0.028122937
35163,0.028607478
35164,0.02400258
35165,0.023905221
35166,0.023762219
35167,0.064171776
35168,0.06426236
35169,0.06305003
35170,0.29267916
35171,0.26244137
35172,0.041111887
35173,0.10295836
35174,0.01989146
35175,0.02081491
35176,0.029362407
35177,0.03879903
35178,0.029362407
35179,0.06236272
35180,0.053237658
35181,0.05353147
35182,0.045573883
35183,0.0325075
35184,0.06236272
35185,0.069824934
35186,0.053186283
35187,0.39774022
35188,0.06266714
35189,0.08867647
35190,0.08447115
35191,0.49148327
35192,0.27434388
35193,0.032125637
35194,0.05953926
35195,0.038350385
35196,0.42792425
35197,0.067840174
35198,0.58664995
35199,0.07785569
35200,0.48629996
35201,0.06429254
35202,0.057255033
35203,0.040605266
35204,0.04325199
35205,0.26395515
35206,0.071776405
35207,0.5998401
35208,0.29600522
35209,0.05902972
35210,0.27406266
35211,0.05776457
35212,0.05776457
35213,0.038350385
35214,0.043573175
35215,0.047310997
35216,0.047760006
35217,0.06753575
35218,0.43597686
35219,0.4735464
35220,0.4864955
35221,0.063028306
35222,0.06350368
35223,0.05953926
35224,0.27467805
35225,0.05776457
35226,0.037725255
35227,0.0380511
35228,0.04099711
35229,0.040436197
35230,0.047310997
35231,0.26731613
35232,0.081488825
35233,0.4796087
35234,0.26600018
35235,0.26813412
35236,0.513447
35237,0.077664465
35238,0.453865
35239,0.053723413
35240,0.053659197
35241,0.059083052
35242,0.05779439
35243,0.05286831
35244,0.0533981
35245,0.06584089
35246,0.07515837
35247,0.09826545
35248,0.09842123
35249,0.049011137
35250,0.07760024
35251,0.0783494
35252,0.28496325
35253,0.05414448
35254,0.046034742
35255,0.059083052
35256,0.05286831
35257,0.05195861
35258,0.061650656
35259,0.07683352
35260,0.072970964
35261,0.07286193
35262,0.07760024
35263,0.0782116
35264,0.07855413
35265,0.05344813
35266,0.05377479
35267,0.044500634
35268,0.06557227
35269,0.4825914
35270,0.07359627
35271,0.2838404
35272,0.48881954
35273,0.44960383
35274,0.05414448
35275,0.05363628
35276,0.0532135
35277,0.042558324
35278,0.06604331
35279,0.24238868
35280,0.07767177
35281,0.078400776
35282,0.47306743
35283,0.46601593
35284,0.04591915
35285,0.044845823
35286,0.056395713
35287,0.27471265
35288,0.068782665
35289,0.05200336
35290,0.062807575
35291,0.45366928
35292,0.47167054
35293,0.053710483
35294,0.052129865
35295,0.043173365
35296,0.0724842
35297,0.06838197
35298,0.059772085
35299,0.06158173
35300,0.05688381
35301,0.057283655
35302,0.06939413
35303,0.07034092
35304,0.052606046
35305,0.042067498
35306,0.043819703
35307,0.029848203
35308,0.02934562
35309,0.034445032
35310,0.071202606
35311,0.072103195
35312,0.077384494
35313,0.07359627
35314,0.099110834
35315,0.06511992
35316,0.059112392
35317,0.036477275
35318,0.038932994
35319,0.055021524
35320,0.05163565
35321,0.05183605
35322,0.556254
35323,0.49499097
35324,0.059758313
35325,0.05831703
35326,0.061991137
35327,0.06218542
35328,0.05688381
35329,0.056344338
35330,0.068760544
35331,0.051533837
35332,0.042067498
35333,0.26901418
35334,0.0371963
35335,0.037806038
35336,0.032219607
35337,0.072103195
35338,0.08104796
35339,0.2667988
35340,0.26877826
35341,0.6211187
35342,0.053881433
35343,0.053358097
35344,0.035967737
35345,0.07032533
35346,0.053287525
35347,0.055021524
35348,0.27059385
35349,0.0686756
35350,0.5327841
35351,0.05831703
35352,0.059083052
35353,0.062358934
35354,0.056331497
35355,0.056086842
35356,0.06500049
35357,0.041636337
35358,0.04963984
35359,0.036926683
35360,0.03659198
35361,0.038611155
35362,0.056765243
35363,0.071348675
35364,0.07288013
35365,0.10288047
35366,0.27327102
35367,0.5600938
35368,0.083683245
35369,0.0611073
35370,0.07493435
35371,0.075089544
35372,0.077652305
35373,0.05173929
35374,0.06492395
35375,0.06426235
35376,0.06455616
35377,0.064470515
35378,0.07774774
35379,0.061041646
35380,0.062277135
35381,0.043659404
35382,0.04916308
35383,0.047332853
35384,0.04269397
35385,0.0508831
35386,0.05082581
35387,0.03906802
35388,0.039621495
35389,0.07149116
35390,0.07292004
35391,0.073145516
35392,0.10288047
35393,0.5420398
35394,0.27248585
35395,0.25927973
35396,0.06121632
35397,0.07515007
35398,0.06553953
35399,0.047988363
35400,0.06475043
35401,0.064689904
35402,0.064409986
35403,0.061041646
35404,0.06185924
35405,0.061923463
35406,0.043659404
35407,0.04908531
35408,0.047155824
35409,0.04325037
35410,0.05082581
35411,0.036210116
35412,0.03679554
35413,0.037072834
35414,0.07528994
35415,0.076130345
35416,0.09830133
35417,0.6179898
35418,0.10042118
35419,0.08349847
35420,0.0611073
35421,0.08356032
35422,0.076260336
35423,0.07785425
35424,0.065755256
35425,0.27331546
35426,0.060636587
35427,0.06884405
35428,0.062133707
35429,0.07904396
35430,0.047146603
35431,0.047146603
35432,0.04288022
35433,0.035886068
35434,0.03679554
35435,0.26535925
35436,0.07396768
35437,0.074039936
35438,0.101303935
35439,0.6198928
35440,0.10277541
35441,0.08333207
35442,0.25751093
35443,0.08356032
35444,0.26683107
35445,0.27464822
35446,0.065755256
35447,0.045272466
35448,0.06462443
35449,0.065666735
35450,0.069499
35451,0.069499
35452,0.27574524
35453,0.07921036
35454,0.042790167
35455,0.039433744
35456,0.042849712
35457,0.0419491
35458,0.084161036
35459,0.0850035
35460,0.09198364
35461,0.09198364
35462,0.26036885
35463,0.083775
35464,0.08644744
35465,0.102199934
35466,0.1400001
35467,0.27482706
35468,0.10177851
35469,0.054928984
35470,0.061978105
35471,0.08722651
35472,0.7496876
35473,0.08001067
35474,0.08001067
35475,0.080038294
35476,0.080018915
35477,0.042839095
35478,0.042262807
35479,0.03720268
35480,0.042558838
35481,0.05494853
35482,0.26136753
35483,0.49318585
35484,0.09193689
35485,0.08439862
35486,0.084006876
35487,0.2551484
35488,0.101790525
35489,0.13924022
35490,0.47944635
35491,0.09419403
35492,0.049905755
35493,0.05507914
35494,0.054785326
35495,0.06745285
35496,0.06345125
35497,0.086459614
35498,0.8310026
35499,0.08001067
35500,0.5335395
35501,0.04269397
35502,0.04269397
35503,0.2776017
35504,0.053722102
35505,0.05397384
35506,0.07923587
35507,0.07923587
35508,0.09163246
35509,0.46383962
35510,0.08424303
35511,0.08424303
35512,0.26062894
35513,0.100812085
35514,0.2707769
35515,0.27650872
35516,0.4258623
35517,0.045509305
35518,0.11608938
35519,0.11608938
35520,0.08889082
35521,0.84546393
35522,0.8553921
35523,0.57155234
35524,0.08013638
35525,0.080018915
35526,0.059450652
35527,0.059446607
35528,0.04132299
35529,0.037718486
35530,0.036341514
35531,0.06166424
35532,0.07923587
35533,0.08960682
35534,0.089306444
35535,0.083383255
35536,0.08747745
35537,0.100812085
35538,0.05073142
35539,0.11974061
35540,0.27848455
35541,0.09317268
35542,0.046001464
35543,0.054293163
35544,0.27323964
35545,0.05414448
35546,0.087757364
35547,0.7738508
35548,0.8158909
35549,0.56968397
35550,0.07995469
35551,0.08007216
35552,0.042956557
35553,0.05939336
35554,0.4288609
35555,0.042045694
35556,0.041864015
35557,0.038381018
35558,0.052974105
35559,0.052865084
35560,0.0638917
35561,0.06384495
35562,0.5700045
35563,0.08687203
35564,0.09560169
35565,0.095648445
35566,0.09514756
35567,0.10274984
35568,0.081336536
35569,0.26121065
35570,0.06962958
35571,0.09669063
35572,0.096176565
35573,0.08215239
35574,0.082034685
35575,0.9190485
35576,0.7302852
35577,0.84255946
35578,0.057099253
35579,0.0725489
35580,0.06967924
35581,0.06052119
35582,0.49607435
35583,0.0826261
35584,0.26426658
35585,0.059260618
35586,0.05865166
35587,0.051082835
35588,0.05281833
35589,0.052865084
35590,0.0638917
35591,0.06370692
35592,0.5497625
35593,0.5562767
35594,0.09605222
35595,0.095648445
35596,0.09514756
35597,0.08615751
35598,0.082552984
35599,0.083662175
35600,0.06960195
35601,0.06960195
35602,0.096568495
35603,0.09669063
35604,0.08095125
35605,0.091620095
35606,0.052220788
35607,0.8960487
35608,0.83159024
35609,0.79732895
35610,0.057573184
35611,0.059183694
35612,0.26375604
35613,0.459207
35614,0.07980128
35615,0.044910915
35616,0.051290818
35617,0.052628916
35618,0.03398365
35619,0.06384495
35620,0.05594215
35621,0.84143484
35622,0.8413706
35623,0.09514756
35624,0.09514756
35625,0.07885724
35626,0.1173054
35627,0.08405579
35628,0.26231423
35629,0.06960195
35630,0.06863525
35631,0.082180016
35632,0.081636585
35633,0.09150263
35634,0.07427807
35635,0.08389587
35636,0.2791116
35637,0.59092855
35638,0.12214272
35639,0.068948574
35640,0.060702868
35641,0.08018012
35642,0.07974896
35643,0.057650942
35644,0.052865084
35645,0.052865084
35646,0.056182105
35647,0.056182105
35648,0.26458654
35649,0.6409202
35650,0.25461397
35651,0.09518036
35652,0.11743616
35653,0.11743616
35654,0.08407513
35655,0.5470489
35656,0.06960195
35657,0.06868418
35658,0.081852995
35659,0.081965365
35660,0.0917378
35661,0.07372217
35662,0.2771558
35663,0.8300445
35664,0.5652377
35665,0.12058033
35666,0.9302227
35667,0.2650046
35668,0.068454035
35669,0.06135223
35670,0.07980128
35671,0.06490367
35672,0.058135852
35673,0.50688887
35674,0.034574326
35675,0.034325317
35676,0.08118414
35677,0.084330514
35678,0.09714356
35679,0.5660297
35680,0.5808286
35681,0.5845111
35682,0.60459495
35683,0.12331163
35684,0.11190949
35685,0.55024266
35686,0.075361505
35687,0.075179815
35688,0.07514933
35689,0.07566513
35690,0.5679708
35691,0.26216453
35692,0.051257808
35693,0.53269213
35694,0.5441664
35695,0.06245196
35696,0.06490367
35697,0.071170025
35698,0.062786005
35699,0.06462117
35700,0.044097222
35701,0.034338158
35702,0.080780365
35703,0.084439546
35704,0.09714356
35705,0.095648445
35706,0.5868073
35707,0.67257553
35708,0.6379914
35709,0.26808771
35710,0.53796184
35711,0.10401698
35712,0.07614955
35713,0.07485796
35714,0.2618958
35715,0.121123865
35716,0.10148224
35717,0.051822077
35718,0.06866439
35719,0.06531892
35720,0.061677415
35721,0.06490367
35722,0.071170025
35723,0.0622702
35724,0.06513698
35725,0.044759426
35726,0.029690472
35727,0.029723253
35728,0.084330514
35729,0.084330514
35730,0.09546367
35731,0.56374806
35732,0.2570696
35733,0.5572637
35734,0.6804986
35735,0.6912112
35736,0.29618722
35737,0.09624079
35738,0.07616868
35739,0.07474049
35740,0.07479373
35741,0.10220046
35742,0.051257808
35743,0.06533509
35744,0.877641
35745,0.06260686
35746,0.057974994
35747,0.07065422
35748,0.06309796
35749,0.25549027
35750,0.081637606
35751,0.043067213
35752,0.07193517
35753,0.06786782
35754,0.08184815
35755,0.084439546
35756,0.09529727
35757,0.6110568
35758,0.66703147
35759,0.2678235
35760,0.681876
35761,0.6451795
35762,0.52885616
35763,0.09669063
35764,0.076196305
35765,0.07566513
35766,0.086848006
35767,0.05161966
35768,0.050948944
35769,0.06531892
35770,0.2781136
35771,0.4679591
35772,0.058011487
35773,0.26240322
35774,0.062988415
35775,0.06462117
35776,0.08015164
35777,0.07193517
35778,0.25939122
35779,0.062299214
35780,0.06623265
35781,0.06365555
35782,0.06039283
35783,0.06039283
35784,0.104525395
35785,0.82225484
35786,0.6559033
35787,0.67332643
35788,0.51575714
35789,0.52802765
35790,0.08597661
35791,0.091203004
35792,0.041816726
35793,0.058565244
35794,0.052685045
35795,0.05378154
35796,0.07523186
35797,0.081635214
35798,0.0833197
35799,0.041844007
35800,0.26946387
35801,0.05209505
35802,0.059112523
35803,0.49778172
35804,0.07223153
35805,0.060346078
35806,0.10428545
35807,0.25237092
35808,0.06403475
35809,0.28209156
35810,0.08876678
35811,0.08604083
35812,0.09039583
35813,0.041502763
35814,0.0552039
35815,0.051977117
35816,0.051977117
35817,0.0542069
35818,0.054618176
35819,0.074714445
35820,0.08110005
35821,0.04117797
35822,0.2653015
35823,0.052041806
35824,0.05408235
35825,0.0698844
35826,0.061777405
35827,0.09608489
35828,0.049706817
35829,0.06387171
35830,0.075325206
35831,0.07553391
35832,0.27662435
35833,0.57287604
35834,0.09329815
35835,0.0422948
35836,0.055406317
35837,0.05445187
35838,0.05313614
35839,0.053081412
35840,0.05439895
35841,0.081635214
35842,0.28430688
35843,0.039835826
35844,0.051758416
35845,0.053964887
35846,0.04185395
35847,0.042034816
35848,0.05920535
35849,0.09621566
35850,0.5090698
35851,0.06374095
35852,0.07523917
35853,0.03959146
35854,0.09535903
35855,0.57333356
35856,0.09359196
35857,0.041502763
35858,0.05430939
35859,0.054436583
35860,0.0542127
35861,0.05085288
35862,0.081635214
35863,0.083456405
35864,0.04117797
35865,0.05052599
35866,0.055295397
35867,0.43977046
35868,0.0437178
35869,0.06616843
35870,0.04943235
35871,0.08546233
35872,0.05824984
35873,0.03959146
35874,0.03959146
35875,0.047245227
35876,0.04864019
35877,0.2828849
35878,0.06737527
35879,0.050636016
35880,0.051754616
35881,0.0724529
35882,0.07497455
35883,0.2771079
35884,0.06602767
35885,0.26334912
35886,0.06468747
35887,0.064418845
35888,0.041376248
35889,0.035048377
35890,0.04389543
35891,0.075953506
35892,0.28900328
35893,0.28520045
35894,0.04943235
35895,0.0700134
35896,0.058978837
35897,0.03959146
35898,0.2760365
35899,0.548138
35900,0.26832473
35901,0.06781614
35902,0.052507486
35903,0.05249132
35904,0.05230507
35905,0.05230507
35906,0.073222876
35907,0.073222876
35908,0.96999174
35909,0.06629741
35910,0.06453631
35911,0.06468747
35912,0.040134616
35913,0.0766079
35914,0.43114996
35915,0.042286843
35916,0.286512
35917,0.056054827
35918,0.05095987
35919,0.05910962
35920,0.06746539
35921,0.0344576
35922,0.05297058
35923,0.045014944
35924,0.044222906
35925,0.0422948
35926,0.05155304
35927,0.05230507
35928,0.05464816
35929,0.28003624
35930,0.074680075
35931,0.075526334
35932,0.06623319
35933,0.06453631
35934,0.06453631
35935,0.06602714
35936,0.9027843
35937,0.078395106
35938,0.27075642
35939,0.055225506
35940,0.06959334
35941,0.05927265
35942,0.06746539
35943,0.032086447
35944,0.51902485
35945,0.04503111
35946,0.044222906
35947,0.05171943
35948,0.053742643
35949,0.07421987
35950,0.0742688
35951,0.074334264
35952,0.06483012
35953,0.06562551
35954,0.06538085
35955,0.040359415
35956,0.043803126
35957,0.070979625
35958,0.9011496
35959,0.07794806
35960,0.055248354
35961,0.050444063
35962,0.047387708
35963,0.0304065
35964,0.035446648
35965,0.042069107
35966,0.05046582
35967,0.02462688
35968,0.02444063
35969,0.06376615
35970,0.064281955
35971,0.07014224
35972,0.07014224
35973,0.039549705
35974,0.03961392
35975,0.041168798
35976,0.041235242
35977,0.06511257
35978,0.07878401
35979,0.28991494
35980,0.054266274
35981,0.026122157
35982,0.034118205
35983,0.042069107
35984,0.022774283
35985,0.023068098
35986,0.024643295
35987,0.024161212
35988,0.02462688
35989,0.02444063
35990,0.06264042
35991,0.06384506
35992,0.070041984
35993,0.07014224
35994,0.2632891
35995,0.08647871
35996,0.3066228
35997,0.030147608
35998,0.035446648
35999,0.043893926
36000,0.036503255
36001,0.023566308
36002,0.048591454
36003,0.02470027
36004,0.061330523
36005,0.039513662
36006,0.039882872
36007,0.040208254
36008,0.05813998
36009,0.060917843
36010,0.034572903
36011,0.026391089
36012,0.036254294
36013,0.032979734
36014,0.04407508
36015,0.022656819
36016,0.02444063
36017,0.02392482
36018,0.06358543
36019,0.039655533
36020,0.2899743
36021,0.09433522
36022,0.05521824
36023,0.033510957
36024,0.0339982
36025,0.036503255
36026,0.025827063
36027,0.04930551
36028,0.022453763
36029,0.06422964
36030,0.0849311
36031,0.06973293
36032,0.0403936
36033,0.03948155
36034,0.03200253
36035,0.04911926
36036,0.02462688
36037,0.06264042
36038,0.084328406
36039,0.124205805
36040,0.021513447
36041,0.019950995
36042,0.026421659
36043,0.026955737
36044,0.028814021
36045,0.023341319
36046,0.06414607
36047,0.06375414
36048,0.062355183
36049,0.28677487
36050,0.2619882
36051,0.03964806
36052,0.09755585
36053,0.020210635
36054,0.043835796
36055,0.043847237
36056,0.035694633
36057,0.036100708
36058,0.064718604
36059,0.05420613
36060,0.053122506
36061,0.0384759
36062,0.035427954
36063,0.06488742
36064,0.051755127
36065,0.3855578
36066,0.06478283
36067,0.08554388
36068,0.08586605
36069,0.2712042
36070,0.49000114
36071,0.059108116
36072,0.05947873
36073,0.060019452
36074,0.2735723
36075,0.07435233
36076,0.5711345
36077,0.08408928
36078,0.06429254
36079,0.06202183
36080,0.05776457
36081,0.03778947
36082,0.4787286
36083,0.6197501
36084,0.28094137
36085,0.06476793
36086,0.05953926
36087,0.27277833
36088,0.05776457
36089,0.05776457
36090,0.03777676
36091,0.038350385
36092,0.049011137
36093,0.08252322
36094,0.26424813
36095,0.48956722
36096,0.4861359
36097,0.0634395
36098,0.06429254
36099,0.27428707
36100,0.05776457
36101,0.037840847
36102,0.040436197
36103,0.04099711
36104,0.049011137
36105,0.06194153
36106,0.4876452
36107,0.26594058
36108,0.27272278
36109,0.5095854
36110,0.0778692
36111,0.0782116
36112,0.47787008
36113,0.05363628
36114,0.053723413
36115,0.059022523
36116,0.058088202
36117,0.05195861
36118,0.05286831
36119,0.06557227
36120,0.074786745
36121,0.0983122
36122,0.09953036
36123,0.04752125
36124,0.078225374
36125,0.08116518
36126,0.282032
36127,0.054068603
36128,0.05377479
36129,0.044459913
36130,0.05773017
36131,0.052804094
36132,0.044845823
36133,0.060433347
36134,0.075775765
36135,0.07286193
36136,0.07313922
36137,0.07941598
36138,0.07869458
36139,0.05414448
36140,0.045983367
36141,0.46631745
36142,0.24851102
36143,0.0782116
36144,0.46434262
36145,0.4500473
36146,0.05408395
36147,0.053992365
36148,0.043173365
36149,0.0532135
36150,0.06557227
36151,0.073532045
36152,0.06382617
36153,0.078400776
36154,0.2857991
36155,0.4864831
36156,0.5208354
36157,0.044459913
36158,0.0684462
36159,0.058323298
36160,0.057283655
36161,0.27521643
36162,0.06710224
36163,0.052263264
36164,0.07310354
36165,0.063681066
36166,0.078910306
36167,0.45344916
36168,0.49744886
36169,0.053287525
36170,0.05164942
36171,0.044459913
36172,0.0724842
36173,0.072677754
36174,0.043254673
36175,0.0637706
36176,0.05688381
36177,0.05682328
36178,0.06818189
36179,0.067770615
36180,0.052248146
36181,0.042253748
36182,0.04385526
36183,0.02929241
36184,0.029848203
36185,0.029191595
36186,0.071779154
36187,0.072103195
36188,0.08129275
36189,0.07313922
36190,0.099110834
36191,0.06473625
36192,0.057818644
36193,0.036463503
36194,0.038732156
36195,0.055021524
36196,0.05412133
36197,0.05164942
36198,0.5342117
36199,0.56790787
36200,0.059772085
36201,0.060171932
36202,0.063396916
36203,0.06218542
36204,0.057283655
36205,0.056689527
36206,0.069838166
36207,0.04155169
36208,0.042269915
36209,0.2696737
36210,0.029848203
36211,0.029142288
36212,0.029578585
36213,0.07182591
36214,0.09430031
36215,0.28105313
36216,0.26908362
36217,0.2695764
36218,0.05423583
36219,0.05423583
36220,0.03626155
36221,0.06807046
36222,0.053287525
36223,0.27095097
36224,0.07208435
36225,0.4990196
36226,0.059772085
36227,0.062171645
36228,0.056344338
36229,0.06770639
36230,0.050608058
36231,0.04407068
36232,0.036111023
36233,0.038915582
36234,0.056765243
36235,0.07157876
36236,0.07266471
36237,0.09570028
36238,0.27311587
36239,0.53209525
36240,0.083683245
36241,0.06085829
36242,0.07515007
36243,0.07515007
36244,0.077416465
36245,0.047783628
36246,0.06426235
36247,0.06475043
36248,0.06447259
36249,0.06445674
36250,0.07896028
36251,0.061041646
36252,0.06230477
36253,0.048791498
36254,0.047146603
36255,0.042507593
36256,0.050680682
36257,0.050680682
36258,0.03906802
36259,0.043472897
36260,0.071842335
36261,0.07157876
36262,0.0738488
36263,0.10288047
36264,0.27248585
36265,0.27312717
36266,0.26154664
36267,0.060871135
36268,0.075089544
36269,0.06569473
36270,0.047978662
36271,0.06475043
36272,0.06434074
36273,0.06421097
36274,0.06426235
36275,0.06098178
36276,0.061923463
36277,0.06185924
36278,0.049065966
36279,0.03659198
36280,0.037072834
36281,0.037072834
36282,0.07592605
36283,0.075552374
36284,0.26271045
36285,0.64092696
36286,0.10338631
36287,0.08363649
36288,0.0611073
36289,0.08374509
36290,0.07624656
36291,0.07826788
36292,0.065755256
36293,0.048312236
36294,0.064969614
36295,0.27242425
36296,0.061441492
36297,0.069499
36298,0.062277135
36299,0.08001067
36300,0.048674036
36301,0.048731327
36302,0.042839095
36303,0.037072834
36304,0.47545218
36305,0.07555124
36306,0.07360287
36307,0.1047701
36308,0.6367908
36309,0.109343134
36310,0.08344709
36311,0.08374509
36312,0.08377056
36313,0.2657465
36314,0.40572208
36315,0.065755256
36316,0.045937248
36317,0.049505908
36318,0.06461171
36319,0.06488397
36320,0.06789164
36321,0.069499
36322,0.27549288
36323,0.07950417
36324,0.043231025
36325,0.041466292
36326,0.04257242
36327,0.042849712
36328,0.08294609
36329,0.084161036
36330,0.09198364
36331,0.09198364
36332,0.2588579
36333,0.08463477
36334,0.08630942
36335,0.1020909
36336,0.13960026
36337,0.13897514
36338,0.10136488
36339,0.054938685
36340,0.060841426
36341,0.086168386
36342,0.77199423
36343,0.07928875
36344,0.07928875
36345,0.28010818
36346,0.080936685
36347,0.042956557
36348,0.042839095
36349,0.036341514
36350,0.04232354
36351,0.053710256
36352,0.25697303
36353,0.49489188
36354,0.091747485
36355,0.084743805
36356,0.08424303
36357,0.25725204
36358,0.1020909
36359,0.13897514
36360,0.48278812
36361,0.09330812
36362,0.056231253
36363,0.06745285
36364,0.06184808
36365,0.28167897
36366,0.8067693
36367,0.07909476
36368,0.530633
36369,0.043034952
36370,0.043034952
36371,0.059434485
36372,0.053286303
36373,0.05494853
36374,0.07923587
36375,0.07656498
36376,0.09217403
36377,0.48755234
36378,0.08394265
36379,0.08433272
36380,0.26520002
36381,0.09952845
36382,0.12025014
36383,0.27707803
36384,0.09386903
36385,0.049505908
36386,0.2853896
36387,0.28140673
36388,0.08579558
36389,0.85180146
36390,0.8543502
36391,0.5574282
36392,0.08091756
36393,0.26682404
36394,0.059450652
36395,0.059248235
36396,0.041864015
36397,0.037718486
36398,0.036922652
36399,0.06194153
36400,0.085693024
36401,0.085693024
36402,0.08394265
36403,0.08777783
36404,0.10051171
36405,0.051290818
36406,0.12003442
36407,0.10116293
36408,0.09357708
36409,0.046145126
36410,0.056231253
36411,0.2853896
36412,0.085665815
36413,0.77274406
36414,0.82742965
36415,0.5661785
36416,0.08021477
36417,0.080936685
36418,0.059248235
36419,0.4346073
36420,0.04132299
36421,0.042045694
36422,0.03751672
36423,0.06135223
36424,0.051591203
36425,0.05281833
36426,0.053922452
36427,0.063981384
36428,0.5499004
36429,0.0868078
36430,0.095648445
36431,0.09316608
36432,0.095100805
36433,0.10326054
36434,0.08183596
36435,0.5551741
36436,0.06861996
36437,0.096358255
36438,0.08211307
36439,0.08197059
36440,0.92027515
36441,0.7472504
36442,0.83003485
36443,0.059183694
36444,0.072362654
36445,0.06947682
36446,0.061170425
36447,0.4544593
36448,0.081093125
36449,0.26912928
36450,0.05937808
36451,0.05883791
36452,0.051591203
36453,0.052865084
36454,0.052865084
36455,0.06370692
36456,0.06384495
36457,0.545504
36458,0.55468476
36459,0.095648445
36460,0.09540252
36461,0.09514756
36462,0.09353171
36463,0.0836898
36464,0.0836898
36465,0.06962958
36466,0.09674839
36467,0.09665206
36468,0.081852995
36469,0.0917378
36470,0.05379589
36471,0.8840754
36472,0.8379028
36473,0.83380324
36474,0.057935037
36475,0.057935037
36476,0.26207978
36477,0.53956354
36478,0.07973705
36479,0.051355034
36480,0.052865084
36481,0.0638917
36482,0.056182105
36483,0.8365506
36484,0.8332041
36485,0.09504117
36486,0.09489856
36487,0.103104755
36488,0.11743616
36489,0.08458163
36490,0.25791398
36491,0.06960195
36492,0.06960195
36493,0.081852995
36494,0.08215239
36495,0.0917378
36496,0.07565531
36497,0.76827556
36498,0.57057786
36499,0.122210756
36500,0.057935037
36501,0.06947682
36502,0.060585406
36503,0.07973705
36504,0.07991874
36505,0.05883791
36506,0.052628916
36507,0.052865084
36508,0.056182105
36509,0.056182105
36510,0.8054043
36511,0.6320558
36512,0.092665195
36513,0.09490163
36514,0.117190234
36515,0.1173054
36516,0.08366386
36517,0.57967114
36518,0.06958283
36519,0.08191722
36520,0.08215239
36521,0.091765426
36522,0.075652875
36523,0.9030049
36524,0.27912778
36525,0.26950112
36526,0.12060806
36527,0.92412263
36528,0.2640945
36529,0.06866439
36530,0.06168166
36531,0.08018012
36532,0.06490367
36533,0.05883791
36534,0.46761215
36535,0.034338158
36536,0.034683347
36537,0.080958575
36538,0.084798515
36539,0.09714356
36540,0.55680704
36541,0.26488256
36542,0.5807988
36543,0.6083578
36544,0.124057434
36545,0.11190949
36546,0.2914175
36547,0.07565531
36548,0.075652875
36549,0.075646006
36550,0.07474049
36551,0.5683409
36552,0.26698446
36553,0.05114035
36554,0.5429506
36555,0.5316261
36556,0.06313191
36557,0.06490367
36558,0.073909804
36559,0.062786005
36560,0.06513698
36561,0.044283472
36562,0.034574326
36563,0.080780365
36564,0.084330514
36565,0.09754734
36566,0.095648445
36567,0.5735892
36568,0.67257553
36569,0.60928535
36570,0.26626408
36571,0.53841406
36572,0.10401698
36573,0.075361505
36574,0.07524404
36575,0.07566513
36576,0.27523986
36577,0.12060806
36578,0.101998046
36579,0.05161966
36580,0.068866804
36581,0.06533509
36582,0.06312268
36583,0.06471728
36584,0.071356274
36585,0.065448925
36586,0.044097222
36587,0.029690472
36588,0.029690472
36589,0.084330514
36590,0.08435598
36591,0.095648445
36592,0.5601602
36593,0.2593738
36594,0.62885576
36595,0.723027
36596,0.687115
36597,0.2838944
36598,0.09669063
36599,0.075571746
36600,0.07474049
36601,0.07514933
36602,0.1016362
36603,0.051770814
36604,0.06506463
36605,0.873355
36606,0.06312268
36607,0.057974994
36608,0.071170025
36609,0.0622702
36610,0.2598687
36611,0.0811949
36612,0.043312
36613,0.07154219
36614,0.06291663
36615,0.029444536
36616,0.0294543
36617,0.084330514
36618,0.08409057
36619,0.096116446
36620,0.55269605
36621,0.6589144
36622,0.27028316
36623,0.6592671
36624,0.22766975
36625,0.28436375
36626,0.09665206
36627,0.07565531
36628,0.07522953
36629,0.08611922
36630,0.051103856
36631,0.051103856
36632,0.06461687
36633,0.06276084
36634,0.45677638
36635,0.05812895
36636,0.55845934
36637,0.062786005
36638,0.06551315
36639,0.08099248
36640,0.06523655
36641,0.26059464
36642,0.0708416
36643,0.064000726
36644,0.062022634
36645,0.06039283
36646,0.105047405
36647,0.8231943
36648,0.6530824
36649,0.64863455
36650,0.5092942
36651,0.549645
36652,0.0862163
36653,0.0906872
36654,0.041502763
36655,0.058304425
36656,0.054618176
36657,0.07477239
36658,0.08134074
36659,0.08326646
36660,0.041844007
36661,0.27184737
36662,0.052453082
36663,0.054381512
36664,0.5221411
36665,0.072140925
36666,0.0294543
36667,0.06130563
36668,0.104525395
36669,0.25168636
36670,0.06387171
36671,0.2783271
36672,0.08876678
36673,0.08682888
36674,0.090990685
36675,0.041816726
36676,0.0545008
36677,0.05313614
36678,0.05313614
36679,0.05439895
36680,0.075526334
36681,0.08316852
36682,0.05174225
36683,0.05174225
36684,0.054475456
36685,0.28233182
36686,0.06138734
36687,0.09616328
36688,0.049563132
36689,0.0643295
36690,0.07537196
36691,0.07793477
36692,0.27723405
36693,0.5743339
36694,0.095023185
36695,0.041522913
36696,0.05539015
36697,0.05489273
36698,0.051977117
36699,0.05313614
36700,0.054142684
36701,0.081198424
36702,0.28430688
36703,0.041844007
36704,0.052754793
36705,0.05209505
36706,0.05408235
36707,0.0403794
36708,0.042550623
36709,0.039458264
36710,0.061633717
36711,0.09602067
36712,0.51222026
36713,0.06387171
36714,0.06404992
36715,0.07537196
36716,0.03959146
36717,0.09629601
36718,0.54486966
36719,0.09450738
36720,0.041458696
36721,0.054793738
36722,0.2660146
36723,0.0542069
36724,0.052010883
36725,0.080982834
36726,0.052041806
36727,0.5507653
36728,0.0393408
36729,0.06837728
36730,0.04929955
36731,0.08546233
36732,0.05910962
36733,0.03959146
36734,0.03959146
36735,0.048200358
36736,0.055307236
36737,0.09311646
36738,0.066914804
36739,0.05230507
36740,0.051936295
36741,0.0729284
36742,0.07497455
36743,0.2779852
36744,0.06629741
36745,0.26112798
36746,0.06487372
36747,0.04119
36748,0.03796511
36749,0.043803126
36750,0.03457201
36751,0.29346427
36752,0.28904712
36753,0.049563132
36754,0.08546233
36755,0.059062865
36756,0.46990782
36757,0.51404285
36758,0.06951861
36759,0.06783548
36760,0.044222906
36761,0.05230507
36762,0.051537752
36763,0.05160197
36764,0.051894907
36765,0.07257037
36766,0.07342529
36767,0.9582887
36768,0.074788176
36769,0.06602767
36770,0.064171664
36771,0.06450109
36772,0.03865104
36773,0.075953506
36774,0.42983764
36775,0.039458264
36776,0.2874328
36777,0.0541716
36778,0.05095987
36779,0.058863685
36780,0.06746539
36781,0.03254665
36782,0.048247114
36783,0.044222906
36784,0.045014944
36785,0.041502763
36786,0.051894907
36787,0.05249132
36788,0.053929936
36789,0.07438627
36790,0.07530963
36791,0.066708684
36792,0.06468747
36793,0.0646147
36794,0.06596856
36795,0.0409321
36796,0.04312597
36797,0.07311034
36798,0.9405466
36799,0.08008772
36800,0.055376995
36801,0.05551932
36802,0.05095987
36803,0.056681253
36804,0.06722544
36805,0.031485118
36806,0.5209469
36807,0.044222906
36808,0.044061378
36809,0.041816726
36810,0.05171943
36811,0.07497455
36812,0.27826133
36813,0.06598354
36814,0.06596856
36815,0.072140925
36816,0.28034788
36817,0.07794806
36818,0.05516129
36819,0.051196665
36820,0.029997528
36821,0.037224185
36822,0.27093542
36823,0.051196665
36824,0.023488002
36825,0.023370538
36826,0.0631984
36827,0.063472874
36828,0.070817426
36829,0.07014224
36830,0.03920462
36831,0.04028911
36832,0.04050611
36833,0.0651466
36834,0.07732632
36835,0.29789782
36836,0.049197253
36837,0.03011268
36838,0.026122157
36839,0.035446648
36840,0.024298351
36841,0.024643295
36842,0.02444063
36843,0.064281955
36844,0.06358543
36845,0.06973293
36846,0.06979715
36847,0.04065299
36848,0.2720453
36849,0.07732632
36850,0.30923787
36851,0.02624241
36852,0.041839447
36853,0.040884055
36854,0.023097318
36855,0.024127485
36856,0.048329517
36857,0.02392482
36858,0.06358543
36859,0.04028911
36860,0.04002947
36861,0.041355047
36862,0.064553365
36863,0.05117544
36864,0.049197253
36865,0.03681522
36866,0.032979734
36867,0.04407508
36868,0.024643295
36869,0.02462688
36870,0.02444063
36871,0.023781817
36872,0.06306963
36873,0.29180193
36874,0.07714007
36875,0.05443486
36876,0.03449951
36877,0.037642162
36878,0.02592307
36879,0.04828707
36880,0.024161212
36881,0.06581527
36882,0.08457307
36883,0.07055779
36884,0.040078197
36885,0.03667467
36886,0.03573952
36887,0.026421659
36888,0.028050283
36889,0.02868327
36890,0.0493789
36891,0.02392482
36892,0.0631984
36893,0.08463729
36894,0.04113148
36895,0.10012907
36896,0.020861017
36897,0.02108057
36898,0.026152726
36899,0.026955737
36900,0.02827994
36901,0.02392482
36902,0.02444063
36903,0.06290893
36904,0.06306963
36905,0.08273947
36906,0.43183067
36907,0.03964806
36908,0.29424635
36909,0.019622635
36910,0.034938186
36911,0.030269967
36912,0.03333488
36913,0.032702323
36914,0.06250033
36915,0.053722046
36916,0.036691733
36917,0.036710322
36918,0.062645406
36919,0.06875857
36920,0.05399098
36921,0.40542278
36922,0.063352734
36923,0.085330315
36924,0.08537068
36925,0.2711278
36926,0.2708172
36927,0.059444994
36928,0.05943122
36929,0.038040396
36930,0.41225517
36931,0.0740984
36932,0.6700547
36933,0.07794655
36934,0.06270285
36935,0.06419828
36936,0.057670306
36937,0.05716077
36938,0.0567756
36939,0.442001
36940,0.07420299
36941,0.6699075
36942,0.29413947
36943,0.058935456
36944,0.2788001
36945,0.057109393
36946,0.057045177
36947,0.03825612
36948,0.047216732
36949,0.07156284
36950,0.26353738
36951,0.550227
36952,0.4846669
36953,0.063666955
36954,0.059444994
36955,0.057670306
36956,0.040902846
36957,0.040902846
36958,0.04772627
36959,0.06139563
36960,0.09430899
36961,0.45284066
36962,0.09804359
36963,0.26305866
36964,0.5350913
36965,0.07932172
36966,0.45266446
36967,0.053542014
36968,0.057993937
36969,0.058988787
36970,0.05282542
36971,0.05226419
36972,0.067292735
36973,0.08309359
36974,0.07683387
36975,0.09815262
36976,0.09919753
36977,0.04772627
36978,0.07932172
36979,0.07934703
36980,0.2844383
36981,0.053989686
36982,0.054981504
36983,0.045314763
36984,0.052903816
36985,0.044342153
36986,0.07451814
36987,0.07613246
36988,0.072702356
36989,0.07287061
36990,0.28230086
36991,0.07880227
36992,0.054036442
36993,0.054050215
36994,0.05226419
36995,0.45306227
36996,0.25006053
36997,0.07287061
36998,0.07807059
36999,0.4566359
37000,0.4709943
37001,0.05492726
37002,0.054050215
37003,0.05375892
37004,0.045940477
37005,0.05288554
37006,0.06524362
37007,0.07287061
37008,0.064574026
37009,0.08107092
37010,0.28445208
37011,0.47986746
37012,0.2495875
37013,0.04589896
37014,0.04309988
37015,0.056789543
37016,0.2727271
37017,0.0526871
37018,0.05044944
37019,0.06999618
37020,0.28493345
37021,0.46968353
37022,0.05319326
37023,0.051626634
37024,0.045889102
37025,0.07197632
37026,0.072183646
37027,0.06209115
37028,0.056519024
37029,0.056237232
37030,0.06813969
37031,0.067684814
37032,0.052184038
37033,0.042303324
37034,0.05052221
37035,0.043892715
37036,0.031951107
37037,0.025345247
37038,0.029365016
37039,0.2787674
37040,0.070934
37041,0.09430899
37042,0.07232975
37043,0.09901048
37044,0.06278631
37045,0.036322482
37046,0.03863789
37047,0.05332303
37048,0.051555157
37049,0.0520356
37050,0.55769795
37051,0.5690733
37052,0.05966405
37053,0.059226256
37054,0.062491
37055,0.062491
37056,0.056789543
37057,0.056789543
37058,0.06762059
37059,0.05250085
37060,0.042527925
37061,0.042518705
37062,0.05052221
37063,0.05052221
37064,0.037592467
37065,0.029634634
37066,0.029365016
37067,0.07363745
37068,0.08357742
37069,0.08253251
37070,0.26795813
37071,0.26798964
37072,0.057550035
37073,0.060810093
37074,0.03638301
37075,0.0679762
37076,0.053693645
37077,0.27024236
37078,0.071990095
37079,0.5625898
37080,0.060077667
37081,0.061538972
37082,0.056789543
37083,0.056250073
37084,0.067684814
37085,0.04218586
37086,0.05052221
37087,0.05052221
37088,0.03698758
37089,0.03545567
37090,0.038748767
37091,0.05339417
37092,0.07157373
37093,0.07064164
37094,0.09555367
37095,0.27431062
37096,0.5335817
37097,0.08341464
37098,0.060838692
37099,0.07491786
37100,0.07721286
37101,0.047689367
37102,0.064656176
37103,0.06586768
37104,0.06437626
37105,0.0644619
37106,0.07886602
37107,0.06938562
37108,0.04427091
37109,0.04759781
37110,0.05113189
37111,0.050799046
37112,0.039407924
37113,0.038748767
37114,0.07227618
37115,0.07277918
37116,0.07199833
37117,0.099996574
37118,0.2716936
37119,0.27322957
37120,0.083165765
37121,0.060838692
37122,0.075055815
37123,0.07571451
37124,0.06515147
37125,0.048217967
37126,0.064656176
37127,0.064656176
37128,0.06424648
37129,0.06094738
37130,0.060960896
37131,0.061406426
37132,0.044695113
37133,0.048828952
37134,0.048764735
37135,0.035719253
37136,0.036681533
37137,0.037207704
37138,0.07440524
37139,0.074778475
37140,0.09966013
37141,0.6213225
37142,0.10436233
37143,0.08344744
37144,0.0606539
37145,0.083585516
37146,0.075541385
37147,0.07753871
37148,0.06606085
37149,0.047931157
37150,0.048217967
37151,0.06518956
37152,0.06478971
37153,0.06094738
37154,0.06940474
37155,0.0613788
37156,0.079139955
37157,0.04778406
37158,0.043208618
37159,0.03637841
37160,0.03669046
37161,0.45014492
37162,0.07445199
37163,0.07260795
37164,0.10669313
37165,0.61879224
37166,0.100152574
37167,0.083585516
37168,0.083476484
37169,0.2645179
37170,0.4223283
37171,0.065036304
37172,0.045985598
37173,0.045907203
37174,0.06479179
37175,0.06585699
37176,0.06898685
37177,0.06938562
37178,0.27580014
37179,0.07911233
37180,0.043072406
37181,0.041965686
37182,0.042455554
37183,0.042984582
37184,0.08125189
37185,0.081409074
37186,0.09182406
37187,0.09171503
37188,0.26280767
37189,0.08411717
37190,0.08604081
37191,0.10158614
37192,0.13888088
37193,0.13907486
37194,0.1012844
37195,0.054639686
37196,0.06716539
37197,0.08607413
37198,0.8127792
37199,0.07951218
37200,0.0790932
37201,0.5235714
37202,0.0803646
37203,0.04287655
37204,0.038478643
37205,0.037441213
37206,0.04270729
37207,0.05331659
37208,0.25988138
37209,0.4935927
37210,0.09147888
37211,0.084366165
37212,0.08378965
37213,0.08726329
37214,0.10035388
37215,0.139506
37216,0.4716666
37217,0.09377477
37218,0.05457547
37219,0.054769456
37220,0.061234336
37221,0.06335699
37222,0.28133115
37223,0.8351309
37224,0.07951218
37225,0.5232796
37226,0.042828362
37227,0.042929795
37228,0.059430815
37229,0.036436018
37230,0.054095127
37231,0.05393935
37232,0.075914875
37233,0.07896726
37234,0.48206893
37235,0.08397442
37236,0.08378965
37237,0.26118264
37238,0.09925984
37239,0.12001793
37240,0.28444028
37241,0.28343543
37242,0.045855824
37243,0.28089014
37244,0.115995124
37245,0.08317028
37246,0.83264595
37247,0.8321304
37248,0.29208985
37249,0.08044299
37250,0.08164004
37251,0.059430815
37252,0.05993853
37253,0.04237696
37254,0.061672922
37255,0.082012035
37256,0.08915344
37257,0.08937102
37258,0.08397442
37259,0.08727307
37260,0.10030732
37261,0.051216196
37262,0.12009536
37263,0.1012844
37264,0.09377477
37265,0.04941164
37266,0.054769456
37267,0.27937445
37268,0.07942966
37269,0.8127792
37270,0.743584
37271,0.5672071
37272,0.08075474
37273,0.08075474
37274,0.042812333
37275,0.059548277
37276,0.4316632
37277,0.041965686
37278,0.038832225
37279,0.06151884
37280,0.051431615
37281,0.052596476
37282,0.052360307
37283,0.06362308
37284,0.06362308
37285,0.5473737
37286,0.08687238
37287,0.092897475
37288,0.25337937
37289,0.09487895
37290,0.07882858
37291,0.08119253
37292,0.25873497
37293,0.069811046
37294,0.09691884
37295,0.08243837
37296,0.08238061
37297,0.9115138
37298,0.7240456
37299,0.8448564
37300,0.057491712
37301,0.07228118
37302,0.06932731
37303,0.06306103
37304,0.45313686
37305,0.08257071
37306,0.26845193
37307,0.061990473
37308,0.058105096
37309,0.051073715
37310,0.052360307
37311,0.052411683
37312,0.06362308
37313,0.06362308
37314,0.5361823
37315,0.5963424
37316,0.09537984
37317,0.09519506
37318,0.09498798
37319,0.08113454
37320,0.08309009
37321,0.08391802
37322,0.07023002
37323,0.0985634
37324,0.096899725
37325,0.08238061
37326,0.09196602
37327,0.053857025
37328,0.87821054
37329,0.8301456
37330,0.8156212
37331,0.05800471
37332,0.546063
37333,0.4553949
37334,0.07938786
37335,0.044066466
37336,0.051076658
37337,0.052490078
37338,0.03359945
37339,0.06362308
37340,0.055913497
37341,0.8427962
37342,0.8030091
37343,0.09487895
37344,0.0948322
37345,0.092877954
37346,0.117167555
37347,0.084837474
37348,0.08480985
37349,0.06924011
37350,0.06983017
37351,0.08243837
37352,0.08238061
37353,0.091450214
37354,0.075408034
37355,0.7483653
37356,0.56447244
37357,0.12164997
37358,0.07228118
37359,0.06939535
37360,0.06151884
37361,0.07983093
37362,0.07983093
37363,0.058620904
37364,0.052596476
37365,0.052596476
37366,0.033899836
37367,0.05566756
37368,0.05567733
37369,0.2645951
37370,0.6401533
37371,0.09534695
37372,0.09477256
37373,0.117167555
37374,0.117167555
37375,0.084837474
37376,0.55512816
37377,0.06896564
37378,0.08236148
37379,0.09196602
37380,0.07576519
37381,0.2772444
37382,0.7142826
37383,0.2693191
37384,0.12083204
37385,0.9370634
37386,0.26544908
37387,0.061003033
37388,0.0822769
37389,0.06455446
37390,0.058620904
37391,0.446179
37392,0.03441474
37393,0.03441474
37394,0.08062078
37395,0.083798334
37396,0.09687495
37397,0.5565156
37398,0.25859144
37399,0.25651586
37400,0.26460668
37401,0.12386722
37402,0.11219547
37403,0.29294825
37404,0.09691884
37405,0.0763969
37406,0.0763969
37407,0.07589335
37408,0.07536064
37409,0.5632268
37410,0.8204578
37411,0.051386587
37412,0.5362461
37413,0.26937628
37414,0.06304121
37415,0.06403866
37416,0.07356061
37417,0.06263922
37418,0.03385308
37419,0.08051175
37420,0.084061906
37421,0.09687495
37422,0.09537984
37423,0.58086234
37424,0.656051
37425,0.60997033
37426,0.26573622
37427,0.5624829
37428,0.10384859
37429,0.07586419
37430,0.0755255
37431,0.07592098
37432,0.07592098
37433,0.26467705
37434,0.101916574
37435,0.051254734
37436,0.068582915
37437,0.06457189
37438,0.06403866
37439,0.07082083
37440,0.06243681
37441,0.043281242
37442,0.044675425
37443,0.029421866
37444,0.029421866
37445,0.084061906
37446,0.08382575
37447,0.09537984
37448,0.5667989
37449,0.13844208
37450,0.6238788
37451,0.7080141
37452,0.673348
37453,0.28471538
37454,0.09652237
37455,0.0755255
37456,0.07537998
37457,0.10155473
37458,0.051470146
37459,0.06520234
37460,0.8877007
37461,0.0625254
37462,0.07022478
37463,0.06243681
37464,0.25890696
37465,0.08064329
37466,0.044066466
37467,0.06800264
37468,0.029158285
37469,0.029185697
37470,0.084061906
37471,0.084061906
37472,0.095130965
37473,0.5466498
37474,0.657311
37475,0.2633871
37476,0.6767734
37477,0.64215475
37478,0.28560537
37479,0.096899725
37480,0.0763969
37481,0.07508618
37482,0.087076224
37483,0.051538188
37484,0.051724438
37485,0.0642223
37486,0.06322747
37487,0.4585035
37488,0.28923965
37489,0.2717847
37490,0.06281297
37491,0.06478778
37492,0.08064329
37493,0.07177937
37494,0.26031512
37495,0.059746563
37496,0.06338692
37497,0.06012422
37498,0.103073545
37499,0.81268567
37500,0.65605
37501,0.6507366
37502,0.5112815
37503,0.27655452
37504,0.08656286
37505,0.09044236
37506,0.042213324
37507,0.041421287
37508,0.05789352
37509,0.053054664
37510,0.07564728
37511,0.08104385
37512,0.08369269
37513,0.03968362
37514,0.06762042
37515,0.052128512
37516,0.05383495
37517,0.44388503
37518,0.073490754
37519,0.059860636
37520,0.103096135
37521,0.25110862
37522,0.06375485
37523,0.088570446
37524,0.088570446
37525,0.08678204
37526,0.09143122
37527,0.054069746
37528,0.053054664
37529,0.05216459
37530,0.26482877
37531,0.07494385
37532,0.08096546
37533,0.04081805
37534,0.052064296
37535,0.07190697
37536,0.061887108
37537,0.09476381
37538,0.050619524
37539,0.06378735
37540,0.07517562
37541,0.07512887
37542,0.5645231
37543,0.5845904
37544,0.093408905
37545,0.041421287
37546,0.056655735
37547,0.05189564
37548,0.05310224
37549,0.054333642
37550,0.05122735
37551,0.081367366
37552,0.083890736
37553,0.038900122
37554,0.05201105
37555,0.05526464
37556,0.03936329
37557,0.043207936
37558,0.061119176
37559,0.09476381
37560,0.49158505
37561,0.063838415
37562,0.06343543
37563,0.07517562
37564,0.039557066
37565,0.09461751
37566,0.5764575
37567,0.09352637
37568,0.041421287
37569,0.055122424
37570,0.26410922
37571,0.05122735
37572,0.051945575
37573,0.2815058
37574,0.084076986
37575,0.039436296
37576,0.05172766
37577,0.2693888
37578,0.06834652
37579,0.049979586
37580,0.08606095
37581,0.059886433
37582,0.039395116
37583,0.04805077
37584,0.052774236
37585,0.095251404
37586,0.06753233
37587,0.051456276
37588,0.051743157
37589,0.0726256
37590,0.074695036
37591,0.2766344
37592,0.06667081
37593,0.26035213
37594,0.06445484
37595,0.064605996
37596,0.045770347
37597,0.04031617
37598,0.037295077
37599,0.075540885
37600,0.45564342
37601,0.28754485
37602,0.050161745
37603,0.07945685
37604,0.059871264
37605,0.039395116
37606,0.47530088
37607,0.5642928
37608,0.06739598
37609,0.06823208
37610,0.052223593
37611,0.05242601
37612,0.051520493
37613,0.05157387
37614,0.07315063
37615,0.072435655
37616,0.9518449
37617,0.06613245
37618,0.065430395
37619,0.064605996
37620,0.064605996
37621,0.040573444
37622,0.07689217
37623,0.45465723
37624,0.03972132
37625,0.2798929
37626,0.054483145
37627,0.054483145
37628,0.050536137
37629,0.059795026
37630,0.06726905
37631,0.032350305
37632,0.055525813
37633,0.04416158
37634,0.044949636
37635,0.041519832
37636,0.051520493
37637,0.0745986
37638,0.0743048
37639,0.07544486
37640,0.06461522
37641,0.064605996
37642,0.06596184
37643,0.037359033
37644,0.04398458
37645,0.07211017
37646,0.90814966
37647,0.08041487
37648,0.054483145
37649,0.05507729
37650,0.050929114
37651,0.059708234
37652,0.067355864
37653,0.03205649
37654,0.27421162
37655,0.04414143
37656,0.041421287
37657,0.051520493
37658,0.074377276
37659,0.44911152
37660,0.06433737
37661,0.06524362
37662,0.043095212
37663,0.04377237
37664,0.072200775
37665,0.28072086
37666,0.067523405
37667,0.054483145
37668,0.050929114
37669,0.029447269
37670,0.035250302
37671,0.041872762
37672,0.050929114
37673,0.024409872
37674,0.06316764
37675,0.27968913
37676,0.070397876
37677,0.07052703
37678,0.040258355
37679,0.040184963
37680,0.04005108
37681,0.06537161
37682,0.3126583
37683,0.10251288
37684,0.06757006
37685,0.029716205
37686,0.02697287
37687,0.03666981
37688,0.022697965
37689,0.024409872
37690,0.0642512
37691,0.062471118
37692,0.06975074
37693,0.07052703
37694,0.06503841
37695,0.08625661
37696,0.41636002
37697,0.06459545
37698,0.03415369
37699,0.025925813
37700,0.035250302
37701,0.044172548
37702,0.035543174
37703,0.024267593
37704,0.024202177
37705,0.048560698
37706,0.024409872
37707,0.024409872
37708,0.060975008
37709,0.03990435
37710,0.04006516
37711,0.04010235
37712,0.054612774
37713,0.03446876
37714,0.019502345
37715,0.03605795
37716,0.03255373
37717,0.04376358
37718,0.024409872
37719,0.024596123
37720,0.023894062
37721,0.060975008
37722,0.2924548
37723,0.077109315
37724,0.06757006
37725,0.03197177
37726,0.036892496
37727,0.026712636
37728,0.04867816
37729,0.02401299
37730,0.06305018
37731,0.08219291
37732,0.07052703
37733,0.04113804
37734,0.03685962
37735,0.03344931
37736,0.019846905
37737,0.03630691
37738,0.048004948
37739,0.0642512
37740,0.08490034
37741,0.041100726
37742,0.2967114
37743,0.03403445
37744,0.019233514
37745,0.019591877
37746,0.024869245
37747,0.028486926
37748,0.023894062
37749,0.0642512
37750,0.063723385
37751,0.06341901
37752,0.08459088
37753,0.26614773
37754,0.039617304
37755,0.10276095
37756,0.019778129
37757,0.035364904
37758,0.034569584
37759,0.032639254
37760,0.06528115
37761,0.057252117
37762,0.05682558
37763,0.053722046
37764,0.03506485
37765,0.031501196
37766,0.07176403
37767,0.06528115
37768,0.052637983
37769,0.053335126
37770,0.45799872
37771,0.06821867
37772,0.076468185
37773,0.05155878
37774,0.06467365
37775,0.059444994
37776,0.05943122
37777,0.27946925
37778,0.07419859
37779,0.59562254
37780,0.079075925
37781,0.06319399
37782,0.0666349
37783,0.057656534
37784,0.080970995
37785,0.07026236
37786,0.66167396
37787,0.10416142
37788,0.06334524
37789,0.27529278
37790,0.057314128
37791,0.057045616
37792,0.03825612
37793,0.040902846
37794,0.08113981
37795,0.06971496
37796,0.4820002
37797,0.4905193
37798,0.059642762
37799,0.059444994
37800,0.059925187
37801,0.057670306
37802,0.040902846
37803,0.04068712
37804,0.047510546
37805,0.04766574
37806,0.061672922
37807,0.07840884
37808,0.4665221
37809,0.09815262
37810,0.2658347
37811,0.50631255
37812,0.28267145
37813,0.07755736
37814,0.48600912
37815,0.053542014
37816,0.05328829
37817,0.057993937
37818,0.058975585
37819,0.053397655
37820,0.052425165
37821,0.06542657
37822,0.0940317
37823,0.07567541
37824,0.0982852
37825,0.09832088
37826,0.078384906
37827,0.4611564
37828,0.054050215
37829,0.053564932
37830,0.04436565
37831,0.057993937
37832,0.052761335
37833,0.04316041
37834,0.07567541
37835,0.07567541
37836,0.07287061
37837,0.072593324
37838,0.28400463
37839,0.07881605
37840,0.054036442
37841,0.054036442
37842,0.4665221
37843,0.6133377
37844,0.07932172
37845,0.4739693
37846,0.4721566
37847,0.055327106
37848,0.054050215
37849,0.053989507
37850,0.06575942
37851,0.07254657
37852,0.062349327
37853,0.07881605
37854,0.08000665
37855,0.4699628
37856,0.25462815
37857,0.045889102
37858,0.043146636
37859,0.056789543
37860,0.2746823
37861,0.067684814
37862,0.052168008
37863,0.050189365
37864,0.24523522
37865,0.064574026
37866,0.28360745
37867,0.48900068
37868,0.05318042
37869,0.04436565
37870,0.06815839
37871,0.07216987
37872,0.061487466
37873,0.056789543
37874,0.06586397
37875,0.06763662
37876,0.05228547
37877,0.042518705
37878,0.044179305
37879,0.028975476
37880,0.03698273
37881,0.031745706
37882,0.2648283
37883,0.070934
37884,0.0940317
37885,0.07248694
37886,0.100168936
37887,0.064310454
37888,0.056496635
37889,0.036167286
37890,0.035951868
37891,0.05492726
37892,0.051955003
37893,0.051555157
37894,0.57092255
37895,0.5021113
37896,0.059617292
37897,0.059617292
37898,0.06203063
37899,0.05630145
37900,0.05718939
37901,0.06776706
37902,0.05250085
37903,0.050306827
37904,0.037592467
37905,0.029634634
37906,0.02507563
37907,0.07183459
37908,0.08385922
37909,0.08359026
37910,0.09862681
37911,0.26725763
37912,0.054415084
37913,0.055110108
37914,0.036369238
37915,0.0679762
37916,0.05492726
37917,0.051555157
37918,0.26763296
37919,0.07197632
37920,0.5630264
37921,0.05833778
37922,0.05764875
37923,0.06209115
37924,0.056237232
37925,0.05633798
37926,0.067684814
37927,0.04225008
37928,0.042704955
37929,0.05052221
37930,0.04462871
37931,0.028442277
37932,0.035991415
37933,0.038748767
37934,0.05644988
37935,0.0724055
37936,0.07260795
37937,0.09762331
37938,0.085424416
37939,0.53884053
37940,0.08341464
37941,0.060838692
37942,0.075055815
37943,0.075055815
37944,0.07771324
37945,0.09377477
37946,0.04762559
37947,0.0646424
37948,0.0646424
37949,0.0644619
37950,0.06436248
37951,0.07968626
37952,0.06097501
37953,0.06940474
37954,0.04760703
37955,0.04778406
37956,0.05035387
37957,0.050863262
37958,0.038636874
37959,0.038748767
37960,0.071526974
37961,0.07266772
37962,0.07199833
37963,0.09543167
37964,0.2726033
37965,0.27201557
37966,0.08352367
37967,0.0606539
37968,0.07443068
37969,0.07616608
37970,0.065661
37971,0.047676653
37972,0.06420461
37973,0.06586768
37974,0.06437626
37975,0.06431573
37976,0.06097501
37977,0.061778646
37978,0.061359674
37979,0.044179305
37980,0.049122766
37981,0.05113189
37982,0.035996545
37983,0.03634422
37984,0.037207704
37985,0.24847122
37986,0.07369907
37987,0.09803272
37988,0.6401471
37989,0.103319824
37990,0.08322986
37991,0.06053831
37992,0.08329171
37993,0.07560517
37994,0.07777377
37995,0.065445274
37996,0.048034552
37997,0.06458155
37998,0.2730762
37999,0.062293306
38000,0.06899458
38001,0.06040011
38002,0.07958747
38003,0.04759781
38004,0.04759781
38005,0.043384265
38006,0.035672497
38007,0.037207704
38008,0.4468117
38009,0.07722889
38010,0.07248855
38011,0.10450149
38012,0.62955517
38013,0.10941971
38014,0.08330825
38015,0.08323654
38016,0.083585516
38017,0.2652482
38018,0.41618747
38019,0.065661
38020,0.04565982
38021,0.045792047
38022,0.06433815
38023,0.06478971
38024,0.06934488
38025,0.06940474
38026,0.07846538
38027,0.079139955
38028,0.04287655
38029,0.042161543
38030,0.042984582
38031,0.042600892
38032,0.08146871
38033,0.08389243
38034,0.091530256
38035,0.091530256
38036,0.26428136
38037,0.08431941
38038,0.08726035
38039,0.10158614
38040,0.1389451
38041,0.2719498
38042,0.10085326
38043,0.056136988
38044,0.06716539
38045,0.085540265
38046,0.8131684
38047,0.07819642
38048,0.07911233
38049,0.53379446
38050,0.081164904
38051,0.04287655
38052,0.038169693
38053,0.0365406
38054,0.044851657
38055,0.053421173
38056,0.25946745
38057,0.49338847
38058,0.09141465
38059,0.08413001
38060,0.08367404
38061,0.086225584
38062,0.101822294
38063,0.139506
38064,0.4776708
38065,0.09417462
38066,0.05457547
38067,0.063375026
38068,0.06735858
38069,0.08713225
38070,0.850823
38071,0.07911233
38072,0.5291036
38073,0.0438084
38074,0.059699442
38075,0.036436018
38076,0.054095127
38077,0.053421173
38078,0.07634775
38079,0.071678124
38080,0.5009176
38081,0.08397442
38082,0.08378965
38083,0.25771803
38084,0.1002431
38085,0.12014211
38086,0.2767656
38087,0.28273022
38088,0.04941164
38089,0.11272424
38090,0.11271139
38091,0.085701324
38092,0.9177878
38093,0.8461014
38094,0.29285705
38095,0.0803646
38096,0.080658406
38097,0.05984209
38098,0.063354835
38099,0.061348874
38100,0.0756513
38101,0.08933821
38102,0.08933821
38103,0.08397442
38104,0.08727307
38105,0.099023685
38106,0.051322594
38107,0.120555736
38108,0.10168425
38109,0.09377477
38110,0.046201017
38111,0.05745614
38112,0.116394974
38113,0.05356537
38114,0.086269304
38115,0.80349797
38116,0.8374854
38117,0.5729273
38118,0.08114578
38119,0.080609456
38120,0.043145176
38121,0.059430815
38122,0.45566276
38123,0.04237696
38124,0.038414426
38125,0.06092279
38126,0.051322594
38127,0.052596476
38128,0.052596476
38129,0.0635167
38130,0.063576326
38131,0.54322857
38132,0.08683957
38133,0.09584784
38134,0.09548887
38135,0.09463008
38136,0.09301111
38137,0.08075474
38138,0.26412013
38139,0.06884818
38140,0.09691884
38141,0.08243837
38142,0.0822629
38143,0.91972053
38144,0.72283554
38145,0.8570687
38146,0.07235858
38147,0.06939535
38148,0.46683154
38149,0.08074393
38150,0.26847538
38151,0.062348496
38152,0.058807153
38153,0.051431615
38154,0.052596476
38155,0.052705497
38156,0.063438304
38157,0.06332268
38158,0.5504848
38159,0.55404735
38160,0.09548887
38161,0.095333084
38162,0.094694175
38163,0.09244276
38164,0.08389039
38165,0.08389039
38166,0.07023002
38167,0.07023002
38168,0.09691884
38169,0.09688027
38170,0.08234129
38171,0.09196602
38172,0.054364268
38173,0.90024245
38174,0.82702154
38175,0.8030251
38176,0.057853565
38177,0.27080163
38178,0.48597798
38179,0.08257071
38180,0.044675425
38181,0.033899836
38182,0.06362308
38183,0.05567733
38184,0.48562932
38185,0.83826464
38186,0.09534695
38187,0.09487895
38188,0.09222518
38189,0.117167555
38190,0.08480985
38191,0.08480985
38192,0.069811046
38193,0.07023002
38194,0.08214544
38195,0.0822629
38196,0.09196602
38197,0.07588353
38198,0.0838144
38199,0.7740431
38200,0.26980704
38201,0.122129284
38202,0.05858641
38203,0.07235858
38204,0.06896928
38205,0.06023621
38206,0.07983093
38207,0.07983093
38208,0.062348496
38209,0.052596476
38210,0.052596476
38211,0.033899836
38212,0.055913497
38213,0.055913497
38214,0.2611214
38215,0.64322674
38216,0.09463008
38217,0.25120658
38218,0.117689565
38219,0.117167555
38220,0.08382785
38221,0.57120746
38222,0.0698578
38223,0.08236148
38224,0.09196602
38225,0.07576519
38226,0.9053711
38227,0.71422786
38228,0.27176994
38229,0.120616324
38230,0.950805
38231,0.2684039
38232,0.061721258
38233,0.26535153
38234,0.06455446
38235,0.05882332
38236,0.47886488
38237,0.03419932
38238,0.034305718
38239,0.08051175
38240,0.08452991
38241,0.09687495
38242,0.5697851
38243,0.2560908
38244,0.5847209
38245,0.27027902
38246,0.12386722
38247,0.112165324
38248,0.29321343
38249,0.09652224
38250,0.07547226
38251,0.075874224
38252,0.07496871
38253,0.5958217
38254,0.26434088
38255,0.051176336
38256,0.5371807
38257,0.27400693
38258,0.06417562
38259,0.07030503
38260,0.061921004
38261,0.06497403
38262,0.034120925
38263,0.08026275
38264,0.084061906
38265,0.09696464
38266,0.09548887
38267,0.59284544
38268,0.69676983
38269,0.627781
38270,0.26351672
38271,0.60458374
38272,0.103912815
38273,0.0755255
38274,0.075799964
38275,0.075377546
38276,0.07589335
38277,0.27237648
38278,0.101916574
38279,0.051470146
38280,0.0685332
38281,0.06486482
38282,0.062212314
38283,0.064111404
38284,0.07030503
38285,0.06263922
38286,0.068282574
38287,0.04657304
38288,0.029421866
38289,0.029421866
38290,0.084061906
38291,0.08381291
38292,0.09548887
38293,0.25059325
38294,0.25526878
38295,0.615053
38296,0.67102194
38297,0.66965103
38298,0.28785425
38299,0.09640304
38300,0.075589724
38301,0.075164564
38302,0.07592098
38303,0.10140077
38304,0.0650512
38305,0.90549093
38306,0.06322747
38307,0.058047473
38308,0.07071094
38309,0.06243681
38310,0.44899628
38311,0.08413808
38312,0.04566736
38313,0.0753382
38314,0.06980815
38315,0.029121479
38316,0.08401515
38317,0.08387713
38318,0.09537984
38319,0.55704
38320,0.6584515
38321,0.26410127
38322,0.6829822
38323,0.66077167
38324,0.28612787
38325,0.096976615
38326,0.07637777
38327,0.07592098
38328,0.087076224
38329,0.051538188
38330,0.051724438
38331,0.06498316
38332,0.06267936
38333,0.46299332
38334,0.28756496
38335,0.25837794
38336,0.06243681
38337,0.26086617
38338,0.079576455
38339,0.0648473
38340,0.06838864
38341,0.07060843
38342,0.06362308
38343,0.06110124
38344,0.10064519
38345,0.802873
38346,0.6667689
38347,0.66160274
38348,0.51019746
38349,0.282416
38350,0.08656286
38351,0.09143122
38352,0.042213324
38353,0.058047473
38354,0.052013103
38355,0.054131225
38356,0.08155374
38357,0.083890736
38358,0.04097903
38359,0.27251294
38360,0.05252162
38361,0.05393413
38362,0.28361258
38363,0.07367244
38364,0.029530888
38365,0.06139505
38366,0.103073545
38367,0.25077325
38368,0.063480385
38369,0.088570446
38370,0.088079624
38371,0.087076224
38372,0.09143122
38373,0.041616913
38374,0.055122424
38375,0.052013103
38376,0.053054664
38377,0.26461634
38378,0.07564728
38379,0.081259266
38380,0.0401129
38381,0.053960986
38382,0.052128512
38383,0.07071168
38384,0.0669735
38385,0.061365124
38386,0.094500236
38387,0.050339945
38388,0.064197384
38389,0.07517562
38390,0.07517562
38391,0.2773983
38392,0.5772455
38393,0.095251404
38394,0.055122424
38395,0.051831424
38396,0.05310224
38397,0.053615417
38398,0.051945575
38399,0.08084799
38400,0.083890736
38401,0.041333858
38402,0.05252162
38403,0.040374607
38404,0.04200406
38405,0.062313654
38406,0.09476381
38407,0.50844216
38408,0.06354461
38409,0.06362862
38410,0.07504283
38411,0.0381592
38412,0.09652423
38413,0.59299886
38414,0.095251404
38415,0.055122424
38416,0.26687318
38417,0.051929407
38418,0.081239924
38419,0.08323823
38420,0.040914815
38421,0.2717795
38422,0.049966875
38423,0.08606095
38424,0.059708234
38425,0.038968503
38426,0.039395116
38427,0.05282561
38428,0.046831254
38429,0.28370476
38430,0.067342736
38431,0.05171635
38432,0.052148633
38433,0.0733675
38434,0.0745986
38435,0.27756745
38436,0.0659462
38437,0.0659462
38438,0.06409019
38439,0.064533226
38440,0.04073744
38441,0.07592275
38442,0.49735323
38443,0.4781866
38444,0.050161745
38445,0.0795036
38446,0.059795026
38447,0.039395116
38448,0.47945672
38449,0.540161
38450,0.06754747
38451,0.06753233
38452,0.0439799
38453,0.052223593
38454,0.05242601
38455,0.051707786
38456,0.051637955
38457,0.0731414
38458,0.07263151
38459,0.94597036
38460,0.0659462
38461,0.0659462
38462,0.064289175
38463,0.064605996
38464,0.045770347
38465,0.042955257
38466,0.07560511
38467,0.5002948
38468,0.043687046
38469,0.2884499
38470,0.054483145
38471,0.051188756
38472,0.08606095
38473,0.05957745
38474,0.0672223
38475,0.0319409
38476,0.046831254
38477,0.044371832
38478,0.044455394
38479,0.04173525
38480,0.052223593
38481,0.052223593
38482,0.05384846
38483,0.0749023
38484,0.074377276
38485,0.07564728
38486,0.064605996
38487,0.06575942
38488,0.04395862
38489,0.073079586
38490,0.9469177
38491,0.07815411
38492,0.05519475
38493,0.054483145
38494,0.050929114
38495,0.059708234
38496,0.06726905
38497,0.031992275
38498,0.27332148
38499,0.044933468
38500,0.052223593
38501,0.054072443
38502,0.0750955
38503,0.46996132
38504,0.064289175
38505,0.06575942
38506,0.06575942
38507,0.073079586
38508,0.9013982
38509,0.08085368
38510,0.05501307
38511,0.050929114
38512,0.029716205
38513,0.039498445
38514,0.043744337
38515,0.050536137
38516,0.02333978
38517,0.0642512
38518,0.28196025
38519,0.07052703
38520,0.07071328
38521,0.03963641
38522,0.039583165
38523,0.04132429
38524,0.04100889
38525,0.06503841
38526,0.077109315
38527,0.30036286
38528,0.055398334
38529,0.029916335
38530,0.026128279
38531,0.036820587
38532,0.024267593
38533,0.024669511
38534,0.023894062
38535,0.06346146
38536,0.063554674
38537,0.07011148
38538,0.07043266
38539,0.06511585
38540,0.29476714
38541,0.02705064
38542,0.03605795
38543,0.0416431
38544,0.037496753
38545,0.02447665
38546,0.024409872
38547,0.039222434
38548,0.039222434
38549,0.040622234
38550,0.053920116
38551,0.06035945
38552,0.03605795
38553,0.03255373
38554,0.044088986
38555,0.024267593
38556,0.024081696
38557,0.02375106
38558,0.062353652
38559,0.29583132
38560,0.07744251
38561,0.0689575
38562,0.034826417
38563,0.03777122
38564,0.026178557
38565,0.04867816
38566,0.023592753
38567,0.0642512
38568,0.082968354
38569,0.07052703
38570,0.04004744
38571,0.040176593
38572,0.035397846
38573,0.019683575
38574,0.026759394
38575,0.049274754
38576,0.0642512
38577,0.082894966
38578,0.07004086
38579,0.10282739
38580,0.019485718
38581,0.028486926
38582,0.024409872
38583,0.06451083
38584,0.060857546
38585,0.08454231
38586,0.07022895
38587,0.040362842
38588,0.1029472
38589,0.018954277
38590,0.02114151
38591,0.044144884
38592,0.045990355
38593,0.031002158
38594,0.06159465
38595,0.05139856
38596,0.050126962
38597,0.050126962
38598,0.034555502
38599,0.03036388
38600,0.06327089
38601,0.05044151
38602,0.05843613
38603,0.3788904
38604,0.06216742
38605,0.08247872
38606,0.26943904
38607,0.27798572
38608,0.06083484
38609,0.057618264
38610,0.25501296
38611,0.07691943
38612,0.58797324
38613,0.08741115
38614,0.27500364
38615,0.063134
38616,0.056385763
38617,0.039024264
38618,0.037426088
38619,0.06939557
38620,0.6077549
38621,0.28401113
38622,0.06138814
38623,0.4776933
38624,0.059060153
38625,0.03642939
38626,0.046441726
38627,0.07005473
38628,0.07641643
38629,0.50841385
38630,0.49415874
38631,0.05954315
38632,0.06348232
38633,0.27534512
38634,0.056313127
38635,0.03911732
38636,0.037426088
38637,0.04642364
38638,0.04642364
38639,0.061461724
38640,0.5006657
38641,0.26495343
38642,0.26445147
38643,0.51995957
38644,0.076773904
38645,0.07691201
38646,0.45021573
38647,0.05063175
38648,0.052099556
38649,0.051179025
38650,0.04675869
38651,0.044554546
38652,0.064876325
38653,0.07522632
38654,0.09659108
38655,0.09736376
38656,0.046441726
38657,0.07753147
38658,0.47574615
38659,0.05135043
38660,0.04469504
38661,0.051179025
38662,0.04611822
38663,0.037955992
38664,0.07507585
38665,0.07185829
38666,0.28311533
38667,0.07764637
38668,0.047803048
38669,0.0515107
38670,0.05146533
38671,0.4670715
38672,0.072135575
38673,0.076961435
38674,0.46238622
38675,0.47772998
38676,0.051698234
38677,0.05147219
38678,0.04457172
38679,0.03619854
38680,0.06493258
38681,0.059849996
38682,0.08020585
38683,0.2834038
38684,0.47279432
38685,0.2455754
38686,0.042904437
38687,0.06946219
38688,0.049355604
38689,0.2744567
38690,0.06903438
38691,0.051697567
38692,0.05965844
38693,0.05610934
38694,0.07759694
38695,0.28286162
38696,0.4840736
38697,0.05157021
38698,0.042743657
38699,0.06921765
38700,0.07263993
38701,0.052029885
38702,0.037936646
38703,0.054473035
38704,0.049067453
38705,0.067111574
38706,0.06595013
38707,0.051085085
38708,0.04157294
38709,0.03180975
38710,0.031826537
38711,0.26697436
38712,0.07053759
38713,0.07848217
38714,0.074157394
38715,0.098386556
38716,0.060858868
38717,0.055431273
38718,0.03579828
38719,0.03592034
38720,0.052812066
38721,0.049975812
38722,0.050188124
38723,0.4931204
38724,0.55691737
38725,0.05270218
38726,0.052638788
38727,0.05535952
38728,0.054584578
38729,0.049048107
38730,0.0672734
38731,0.051085085
38732,0.04110294
38733,0.049105156
38734,0.03153246
38735,0.039984472
38736,0.031643573
38737,0.071283616
38738,0.0931231
38739,0.080979444
38740,0.26937246
38741,0.26856205
38742,0.051772613
38743,0.051772613
38744,0.03566017
38745,0.06586099
38746,0.052812066
38747,0.05027424
38748,0.26818597
38749,0.06947782
38750,0.55897033
38751,0.052715953
38752,0.05469908
38753,0.04916807
38754,0.049048107
38755,0.049557097
38756,0.043000374
38757,0.042855144
38758,0.03153246
38759,0.036917597
38760,0.04044009
38761,0.052399147
38762,0.06970101
38763,0.070088975
38764,0.09664508
38765,0.08705766
38766,0.54842687
38767,0.07888984
38768,0.05844955
38769,0.07294058
38770,0.073476434
38771,0.07565854
38772,0.0468342
38773,0.057497893
38774,0.057222214
38775,0.056914717
38776,0.057038035
38777,0.055083957
38778,0.06620717
38779,0.043105
38780,0.048015006
38781,0.046267167
38782,0.042002067
38783,0.05016678
38784,0.05016678
38785,0.037811004
38786,0.040049586
38787,0.07105265
38788,0.06797676
38789,0.070930816
38790,0.09860756
38791,0.13077857
38792,0.272839
38793,0.2569388
38794,0.05844955
38795,0.07299512
38796,0.06354577
38797,0.046647567
38798,0.056962043
38799,0.057038035
38800,0.055532724
38801,0.05925072
38802,0.05925072
38803,0.04266761
38804,0.048138324
38805,0.03729946
38806,0.038336214
38807,0.040843114
38808,0.25878036
38809,0.07099571
38810,0.098176435
38811,0.28660363
38812,0.10691479
38813,0.07897161
38814,0.058262017
38815,0.07961086
38816,0.07405084
38817,0.07584607
38818,0.063960664
38819,0.046811517
38820,0.060294196
38821,0.2687165
38822,0.055083957
38823,0.066116
38824,0.05954244
38825,0.07679205
38826,0.048015006
38827,0.042303383
38828,0.038203422
38829,0.06498476
38830,0.072680384
38831,0.0697667
38832,0.114077315
38833,0.7238323
38834,0.10188003
38835,0.07909492
38836,0.07985446
38837,0.07942333
38838,0.073982075
38839,0.41415995
38840,0.063985705
38841,0.048229184
38842,0.044977974
38843,0.060554367
38844,0.060526785
38845,0.06601203
38846,0.06582844
38847,0.077376604
38848,0.07702828
38849,0.042386945
38850,0.040960073
38851,0.041284095
38852,0.041561387
38853,0.07897138
38854,0.08514352
38855,0.089434475
38856,0.089434475
38857,0.25526777
38858,0.08051809
38859,0.08366115
38860,0.09640312
38861,0.1300307
38862,0.12988931
38863,0.09239118
38864,0.05355211
38865,0.059093505
38866,0.05942352
38867,0.08344973
38868,0.7803119
38869,0.07687561
38870,0.07705591
38871,0.52842385
38872,0.078236535
38873,0.04172941
38874,0.03910698
38875,0.041561387
38876,0.052685514
38877,0.49621692
38878,0.25315407
38879,0.089516245
38880,0.08039478
38881,0.0801088
38882,0.08345607
38883,0.096691765
38884,0.13001265
38885,0.4766104
38886,0.0834184
38887,0.05328741
38888,0.05907416
38889,0.05942352
38890,0.27757156
38891,0.83140665
38892,0.27123475
38893,0.042002067
38894,0.26460594
38895,0.058283675
38896,0.036753926
38897,0.03948728
38898,0.05628677
38899,0.052771922
38900,0.074070215
38901,0.076423176
38902,0.4898024
38903,0.08000304
38904,0.07992127
38905,0.25979444
38906,0.09640312
38907,0.11269778
38908,0.5012973
38909,0.08407548
38910,0.044977974
38911,0.11046327
38912,0.110043146
38913,0.08553275
38914,0.8451655
38915,0.29849038
38916,0.27723527
38917,0.07800225
38918,0.07765198
38919,0.058283675
38920,0.040170897
38921,0.03656639
38922,0.06135061
38923,0.076423176
38924,0.08705766
38925,0.08705766
38926,0.0801088
38927,0.08404655
38928,0.095201254
38929,0.04937113
38930,0.11246687
38931,0.092231825
38932,0.08388795
38933,0.05430027
38934,0.27061203
38935,0.051277794
38936,0.08442372
38937,0.80995035
38938,0.82139534
38939,0.56307495
38940,0.042180065
38941,0.05809614
38942,0.46674013
38943,0.041288547
38944,0.037871577
38945,0.04969783
38946,0.050047193
38947,0.060238678
38948,0.060238678
38949,0.5488585
38950,0.08354156
38951,0.093315825
38952,0.09108716
38953,0.089836136
38954,0.097544186
38955,0.07801234
38956,0.25664496
38957,0.0661172
38958,0.09387879
38959,0.078676485
38960,0.078676485
38961,0.91860694
38962,0.71999305
38963,0.81521505
38964,0.07176842
38965,0.06927775
38966,0.50257623
38967,0.08020446
38968,0.26836956
38969,0.057499565
38970,0.05784788
38971,0.049166046
38972,0.049616065
38973,0.049702473
38974,0.060426213
38975,0.060238678
38976,0.5550289
38977,0.5508145
38978,0.090963855
38979,0.093128294
38980,0.08963029
38981,0.074135125
38982,0.08017742
38983,0.08044211
38984,0.066194355
38985,0.09368673
38986,0.09368673
38987,0.07902481
38988,0.088925965
38989,0.05540697
38990,0.89805275
38991,0.83490515
38992,0.84229034
38993,0.05704221
38994,0.057229742
38995,0.2613358
38996,0.059926376
38997,0.4758929
38998,0.07948821
38999,0.049247812
39000,0.0323387
39001,0.060238678
39002,0.052529093
39003,0.8398049
39004,0.86533445
39005,0.089754365
39006,0.0899419
39007,0.08840506
39008,0.10985189
39009,0.08107758
39010,0.25011343
39011,0.0661172
39012,0.06595812
39013,0.078531615
39014,0.07768367
39015,0.089071885
39016,0.07371186
39017,0.0756833
39018,0.27923885
39019,0.2712628
39020,0.11418572
39021,0.06904417
39022,0.060908943
39023,0.07962069
39024,0.079142235
39025,0.05759535
39026,0.031968202
39027,0.052529093
39028,0.052803036
39029,0.81165785
39030,0.64334285
39031,0.089754365
39032,0.0899419
39033,0.25132665
39034,0.1095928
39035,0.08136156
39036,0.55921644
39037,0.06694253
39038,0.078531615
39039,0.078676485
39040,0.08909345
39041,0.073524326
39042,0.8784779
39043,0.278687
39044,0.114031285
39045,0.11304836
39046,0.930503
39047,0.07146981
39048,0.28119874
39049,0.078035206
39050,0.06375157
39051,0.06130894
39052,0.28150275
39053,0.032475196
39054,0.03245585
39055,0.07712732
39056,0.08077859
39057,0.093490526
39058,0.5611832
39059,0.26912472
39060,0.26221627
39061,0.2670195
39062,0.119757876
39063,0.11424276
39064,0.28934953
39065,0.0733988
39066,0.073524326
39067,0.07287591
39068,0.07287591
39069,0.5713073
39070,0.26427162
39071,0.048998926
39072,0.5711303
39073,0.2689356
39074,0.06275874
39075,0.07020545
39076,0.061653957
39077,0.067561455
39078,0.03245585
39079,0.07791325
39080,0.07863635
39081,0.09377917
39082,0.092781335
39083,0.57778233
39084,0.6615792
39085,0.6305309
39086,0.6226949
39087,0.56253374
39088,0.10661413
39089,0.07262425
39090,0.073739484
39091,0.07332235
39092,0.073037736
39093,0.26964733
39094,0.09392254
39095,0.048998926
39096,0.06724482
39097,0.06423983
39098,0.064125344
39099,0.073046364
39100,0.06521049
39101,0.043217786
39102,0.042945128
39103,0.0280844
39104,0.027961077
39105,0.08067748
39106,0.08088256
39107,0.09218294
39108,0.5678851
39109,0.25976562
39110,0.5998988
39111,0.6907379
39112,0.6706879
39113,0.28439963
39114,0.09404628
39115,0.07290039
39116,0.07299922
39117,0.07287591
39118,0.09378548
39119,0.064302005
39120,0.8845669
39121,0.06442736
39122,0.059880614
39123,0.07047811
39124,0.061633915
39125,0.45264015
39126,0.080113046
39127,0.04417047
39128,0.06464173
39129,0.067110665
39130,0.028066853
39131,0.027879313
39132,0.08086501
39133,0.08086501
39134,0.09199541
39135,0.5513228
39136,0.6709435
39137,0.6021361
39138,0.6696284
39139,0.6530491
39140,0.28039032
39141,0.09423381
39142,0.073048405
39143,0.084391184
39144,0.048998926
39145,0.04875936
39146,0.06423983
39147,0.06460294
39148,0.45466316
39149,0.059621707
39150,0.26977932
39151,0.06521049
39152,0.0641724
39153,0.080113046
39154,0.062444195
39155,0.06391349
39156,0.06709132
39157,0.06033979
39158,0.061671913
39159,0.06303594
39160,0.09886109
39161,0.8200044
39162,0.64778596
39163,0.6731598
39164,0.4930222
39165,0.28325674
39166,0.08321084
39167,0.09113764
39168,0.045841083
39169,0.059745025
39170,0.054440837
39171,0.055836473
39172,0.07780499
39173,0.08023136
39174,0.039026115
39175,0.05930582
39176,0.052165356
39177,0.055035315
39178,0.2828971
39179,0.0713626
39180,0.09867356
39181,0.24957891
39182,0.087361425
39183,0.08750214
39184,0.08450522
39185,0.09080524
39186,0.053994402
39187,0.054947447
39188,0.053587344
39189,0.055329863
39190,0.07177968
39191,0.040000655
39192,0.05397054
39193,0.052165356
39194,0.07117635
39195,0.066601224
39196,0.062349398
39197,0.09036382
39198,0.05062905
39199,0.06257465
39200,0.07360817
39201,0.07375972
39202,0.27458328
39203,0.5794844
39204,0.08965572
39205,0.054168187
39206,0.05411772
39207,0.05371066
39208,0.054273345
39209,0.055329863
39210,0.07789437
39211,0.08041761
39212,0.056819927
39213,0.05461393
39214,0.03713557
39215,0.042438194
39216,0.038701117
39217,0.06317473
39218,0.090551354
39219,0.5170207
39220,0.06257465
39221,0.062717125
39222,0.07391977
39223,0.038683396
39224,0.09092855
39225,0.5860017
39226,0.08997121
39227,0.044872183
39228,0.26644135
39229,0.055817127
39230,0.05312933
39231,0.052941795
39232,0.07808062
39233,0.05481775
39234,0.27392796
39235,0.05046827
39236,0.06855329
39237,0.057844978
39238,0.038675144
39239,0.03810256
39240,0.06588417
39241,0.068699956
39242,0.5425407
39243,0.06952505
39244,0.05309488
39245,0.05342906
39246,0.0697547
39247,0.071144335
39248,0.07129589
39249,0.06487557
39250,0.2613304
39251,0.06399556
39252,0.06375981
39253,0.03480172
39254,0.03188011
39255,0.06981433
39256,0.2863172
39257,0.5700267
39258,0.08353313
39259,0.057931386
39260,0.5000842
39261,0.5585679
39262,0.06991319
39263,0.0700523
39264,0.04724895
39265,0.052634686
39266,0.053170536
39267,0.052634686
39268,0.05266778
39269,0.069482036
39270,0.06926935
39271,0.9295027
39272,0.065063104
39273,0.06399556
39274,0.06349606
39275,0.037631754
39276,0.07601892
39277,0.44858962
39278,0.041586064
39279,0.07937531
39280,0.054449014
39281,0.050137658
39282,0.057392437
39283,0.06616832
39284,0.03130847
39285,0.03085398
39286,0.065588355
39287,0.04690826
39288,0.046888914
39289,0.04575063
39290,0.05266778
39291,0.052634686
39292,0.055219434
39293,0.07150637
39294,0.07142124
39295,0.071785495
39296,0.06377915
39297,0.06407122
39298,0.064913236
39299,0.07044389
39300,0.8959025
39301,0.07716974
39302,0.055090267
39303,0.054902732
39304,0.050420173
39305,0.057549313
39306,0.06627229
39307,0.03335375
39308,0.030119352
39309,0.29293042
39310,0.04661769
39311,0.052648436
39312,0.07142124
39313,0.07169612
39314,0.06392164
39315,0.06503712
39316,0.06503712
39317,0.07098882
39318,0.9235267
39319,0.07783562
39320,0.05274111
39321,0.049807776
39322,0.027349534
39323,0.033007696
39324,0.039630156
39325,0.050325193
39326,0.022295704
39327,0.023102898
39328,0.06312985
39329,0.27913818
39330,0.069588825
39331,0.0694832
39332,0.039078206
39333,0.038620647
39334,0.040390484
39335,0.061510105
39336,0.3037426
39337,0.09631091
39338,0.024908006
39339,0.03193439
39340,0.041902687
39341,0.022978753
39342,0.0224191
39343,0.023350708
39344,0.022290345
39345,0.06312985
39346,0.061440513
39347,0.0694832
39348,0.06841287
39349,0.06393766
39350,0.29783058
39351,0.033542644
39352,0.023803445
39353,0.034881297
39354,0.042064514
39355,0.034600154
39356,0.023146242
39357,0.04463367
39358,0.022271002
39359,0.022271002
39360,0.061440513
39361,0.03887737
39362,0.04055255
39363,0.0767352
39364,0.057317995
39365,0.033007696
39366,0.03981769
39367,0.023163168
39368,0.02347606
39369,0.061284877
39370,0.06424694
39371,0.50077116
39372,0.08554689
39373,0.05943785
39374,0.034474675
39375,0.03340355
39376,0.035050847
39377,0.0239827
39378,0.028340518
39379,0.04335177
39380,0.023618402
39381,0.06157877
39382,0.08406766
39383,0.037706256
39384,0.038846094
39385,0.03337668
39386,0.01938311
39387,0.035050847
39388,0.044668414
39389,0.06350362
39390,0.062137034
39391,0.083860785
39392,0.09654424
39393,0.01976722
39394,0.022990875
39395,0.026530223
39396,0.023572251
39397,0.023805942
39398,0.06319202
39399,0.061284877
39400,0.30771506
39401,0.27162603
39402,0.04023571
39403,0.096454546
39404,0.01991085
39405,0.021706568
39406,0.038398344
39407,0.04136407
39408,0.040177625
39409,0.040420283
39410,0.06150824
39411,0.05044151
39412,0.05044151
39413,0.033731513
39414,0.034331072
39415,0.061397124
39416,0.061674416
39417,0.05139856
39418,0.050119936
39419,0.2568747
39420,0.06591991
39421,0.08209032
39422,0.07960702
39423,0.050119936
39424,0.27498868
39425,0.058019046
39426,0.058368407
39427,0.25662133
39428,0.06939557
39429,0.26800242
39430,0.27500364
39431,0.061139442
39432,0.058347985
39433,0.05648689
39434,0.056661442
39435,0.039024264
39436,0.07016584
39437,0.07372894
39438,0.56962085
39439,0.115102485
39440,0.0642658
39441,0.27372742
39442,0.056313127
39443,0.056500662
39444,0.039645966
39445,0.07005473
39446,0.06616525
39447,0.4894999
39448,0.54754215
39449,0.0670816
39450,0.063134
39451,0.058225926
39452,0.2723709
39453,0.056500662
39454,0.03784317
39455,0.03937258
39456,0.04636909
39457,0.06076432
39458,0.49300224
39459,0.09361282
39460,0.2671772
39461,0.50675106
39462,0.28285074
39463,0.07684654
39464,0.47504428
39465,0.05147219
39466,0.052214455
39467,0.051949754
39468,0.045788202
39469,0.045892175
39470,0.064875044
39471,0.07504336
39472,0.09660625
39473,0.09750625
39474,0.07739007
39475,0.47402132
39476,0.051277794
39477,0.05147219
39478,0.046417445
39479,0.052214455
39480,0.044540774
39481,0.03619854
39482,0.060653206
39483,0.07605447
39484,0.07515447
39485,0.072135575
39486,0.07667341
39487,0.051277794
39488,0.047551885
39489,0.5027298
39490,0.072246686
39491,0.2819904
39492,0.47381452
39493,0.42728993
39494,0.05189915
39495,0.05113995
39496,0.05063175
39497,0.037936646
39498,0.06503712
39499,0.072135575
39500,0.0624507
39501,0.076851726
39502,0.07864944
39503,0.47026142
39504,0.049439963
39505,0.24402593
39506,0.041283347
39507,0.049843594
39508,0.2722861
39509,0.05089755
39510,0.06101438
39511,0.060858868
39512,0.07759694
39513,0.47937942
39514,0.051589556
39515,0.05006736
39516,0.041283347
39517,0.06939141
39518,0.06911283
39519,0.036386076
39520,0.054584578
39521,0.049095433
39522,0.066137664
39523,0.066137664
39524,0.051170208
39525,0.041375596
39526,0.042236827
39527,0.03153246
39528,0.03153246
39529,0.031643573
39530,0.071283616
39531,0.07094835
39532,0.08123304
39533,0.070912756
39534,0.09799816
39535,0.0559197
39536,0.0355914
39537,0.03579828
39538,0.0529996
39539,0.04942619
39540,0.050086707
39541,0.4490448
39542,0.5609504
39543,0.05290349
39544,0.052976124
39545,0.054584578
39546,0.049048107
39547,0.049254987
39548,0.06721688
39549,0.039922584
39550,0.04926722
39551,0.032191616
39552,0.032302253
39553,0.031643573
39554,0.05635211
39555,0.071283616
39556,0.08019723
39557,0.2698963
39558,0.6965548
39559,0.2678311
39560,0.055431273
39561,0.052462813
39562,0.035847705
39563,0.06579222
39564,0.053747762
39565,0.05006736
39566,0.40956822
39567,0.06929029
39568,0.4960311
39569,0.052976124
39570,0.05438327
39571,0.054397043
39572,0.049095433
39573,0.049443748
39574,0.04118806
39575,0.049105156
39576,0.042548433
39577,0.04310569
39578,0.03230273
39579,0.036917597
39580,0.044015404
39581,0.056537487
39582,0.07164777
39583,0.07179145
39584,0.09383861
39585,0.27218756
39586,0.53715193
39587,0.07916378
39588,0.07286342
39589,0.07368875
39590,0.075333156
39591,0.050623346
39592,0.05703468
39593,0.057076544
39594,0.056869663
39595,0.056914717
39596,0.078545466
39597,0.05925072
39598,0.042735968
39599,0.048138324
39600,0.046652045
39601,0.049801245
39602,0.04940323
39603,0.040328976
39604,0.04044009
39605,0.07039373
39606,0.07105265
39607,0.070088975
39608,0.10322242
39609,0.27286536
39610,0.27133802
39611,0.07907737
39612,0.0584671
39613,0.0732889
39614,0.0742246
39615,0.06383748
39616,0.046847977
39617,0.056914717
39618,0.05703468
39619,0.056914717
39620,0.057121597
39621,0.055083957
39622,0.055433318
39623,0.05925072
39624,0.046267167
39625,0.04509232
39626,0.03843779
39627,0.25635654
39628,0.07266104
39629,0.0983594
39630,0.28892848
39631,0.09767027
39632,0.07888984
39633,0.05844955
39634,0.0795051
39635,0.07410538
39636,0.07552069
39637,0.06361841
39638,0.060294196
39639,0.2661071
39640,0.054996867
39641,0.06593323
39642,0.05933781
39643,0.07666874
39644,0.046182044
39645,0.03735723
39646,0.038351383
39647,0.5031132
39648,0.07099571
39649,0.069752
39650,0.10550747
39651,0.7150301
39652,0.10188003
39653,0.07897161
39654,0.07962841
39655,0.07966693
39656,0.2625188
39657,0.560081
39658,0.06349634
39659,0.04499732
39660,0.04804165
39661,0.06048173
39662,0.06054613
39663,0.26312515
39664,0.06665377
39665,0.07702828
39666,0.07702828
39667,0.040917937
39668,0.04138004
39669,0.0419868
39670,0.081348345
39671,0.08514352
39672,0.08967807
39673,0.08953853
39674,0.25545388
39675,0.08051809
39676,0.08353784
39677,0.09683425
39678,0.12990865
39679,0.27291304
39680,0.09202387
39681,0.060431015
39682,0.05837757
39683,0.0905444
39684,0.91986966
39685,0.07714232
39686,0.07721581
39687,0.52484834
39688,0.07752867
39689,0.036753926
39690,0.03846249
39691,0.041561387
39692,0.05377132
39693,0.4865742
39694,0.2532297
39695,0.089622006
39696,0.08050054
39697,0.079588115
39698,0.08345607
39699,0.096221775
39700,0.13005114
39701,0.2658857
39702,0.083960585
39703,0.052378763
39704,0.059030287
39705,0.05921782
39706,0.08533567
39707,0.8386902
39708,0.076830566
39709,0.27086586
39710,0.042002067
39711,0.0583688
39712,0.039887175
39713,0.05591533
39714,0.05369662
39715,0.07661071
39716,0.070074454
39717,0.4995965
39718,0.07992127
39719,0.07992127
39720,0.2589552
39721,0.09659065
39722,0.11253595
39723,0.27008483
39724,0.08407548
39725,0.045001566
39726,0.11046327
39727,0.11046327
39728,0.08785812
39729,0.8453145
39730,0.80572677
39731,0.288742
39732,0.078075744
39733,0.07752867
39734,0.05809614
39735,0.05873433
39736,0.0412692
39737,0.061089728
39738,0.060375914
39739,0.074070215
39740,0.0868917
39741,0.08713943
39742,0.08000768
39743,0.08227354
39744,0.096489534
39745,0.04935358
39746,0.11260472
39747,0.09227488
39748,0.08388795
39749,0.05355211
39750,0.113145515
39751,0.051348872
39752,0.08136358
39753,0.79009604
39754,0.8316058
39755,0.59974617
39756,0.078075744
39757,0.04172941
39758,0.058753677
39759,0.4813312
39760,0.0412692
39761,0.060715944
39762,0.04990471
39763,0.049616065
39764,0.060238678
39765,0.54559076
39766,0.083455145
39767,0.093128294
39768,0.093128294
39769,0.089754365
39770,0.098032266
39771,0.077811055
39772,0.56248635
39773,0.066308394
39774,0.09423381
39775,0.078531615
39776,0.078531615
39777,0.9051957
39778,0.74698126
39779,0.81539214
39780,0.07148357
39781,0.06967404
39782,0.06263373
39783,0.5671517
39784,0.079931796
39785,0.080709614
39786,0.058601588
39787,0.057499565
39788,0.049166046
39789,0.050144255
39790,0.050144255
39791,0.06033979
39792,0.060238678
39793,0.5727795
39794,0.53831065
39795,0.093128294
39796,0.093128294
39797,0.089836136
39798,0.097356655
39799,0.080368616
39800,0.079895034
39801,0.06595812
39802,0.06638189
39803,0.09404628
39804,0.09416032
39805,0.089071885
39806,0.055440065
39807,0.87957954
39808,0.83612096
39809,0.83285075
39810,0.057229742
39811,0.06875956
39812,0.062597565
39813,0.4803102
39814,0.07948821
39815,0.049247812
39816,0.0498036
39817,0.032211795
39818,0.060320444
39819,0.05261086
39820,0.82980806
39821,0.83874637
39822,0.08999796
39823,0.08984078
39824,0.08910921
39825,0.10969686
39826,0.080937795
39827,0.08136156
39828,0.06622198
39829,0.065854155
39830,0.078864016
39831,0.078676485
39832,0.08928098
39833,0.2795615
39834,0.26745322
39835,0.11427085
39836,0.05722846
39837,0.06885664
39838,0.06090348
39839,0.07909019
39840,0.079538524
39841,0.057959758
39842,0.049616065
39843,0.049616065
39844,0.031968202
39845,0.05261086
39846,0.052529093
39847,0.26802576
39848,0.6400181
39849,0.089836136
39850,0.089754365
39851,0.109780334
39852,0.1095928
39853,0.080937795
39854,0.5267898
39855,0.06713006
39856,0.07902481
39857,0.08939502
39858,0.07337946
39859,0.27510387
39860,0.6984418
39861,0.11437197
39862,0.11309883
39863,0.9308269
39864,0.07216358
39865,0.06814533
39866,0.28189847
39867,0.07904807
39868,0.06375157
39869,0.58831877
39870,0.032374084
39871,0.032460492
39872,0.078036554
39873,0.08120567
39874,0.09330918
39875,0.5449556
39876,0.2622339
39877,0.26242742
39878,0.2666497
39879,0.1204219
39880,0.114479005
39881,0.2942612
39882,0.073524326
39883,0.073638365
39884,0.07287591
39885,0.07302078
39886,0.5778626
39887,0.26787394
39888,0.54268146
39889,0.26877445
39890,0.06375157
39891,0.07283949
39892,0.062169764
39893,0.06399034
39894,0.032374084
39895,0.03245585
39896,0.07712732
39897,0.08095142
39898,0.093490526
39899,0.2512703
39900,0.586284
39901,0.6565918
39902,0.63422364
39903,0.26974732
39904,0.5398557
39905,0.10677403
39906,0.073524326
39907,0.07313482
39908,0.073037736
39909,0.2679567
39910,0.09414859
39911,0.048863333
39912,0.06795908
39913,0.06425358
39914,0.0639391
39915,0.07013214
39916,0.061820164
39917,0.028249817
39918,0.027697967
39919,0.08076389
39920,0.08158671
39921,0.09199541
39922,0.2530595
39923,0.26125985
39924,0.6284122
39925,0.67774624
39926,0.65715224
39927,0.2847681
39928,0.09416032
39929,0.07354128
39930,0.07313482
39931,0.0730482
39932,0.09279267
39933,0.06451249
39934,0.87786484
39935,0.06441541
39936,0.059745025
39937,0.07020545
39938,0.06250313
39939,0.46416375
39940,0.079840384
39941,0.046754505
39942,0.06476505
39943,0.06706882
39944,0.0280844
39945,0.027879313
39946,0.08076389
39947,0.08086501
39948,0.09199541
39949,0.5703055
39950,0.6713335
39951,0.61962
39952,0.6670963
39953,0.6420155
39954,0.28279307
39955,0.09404628
39956,0.07299922
39957,0.084058784
39958,0.04874002
39959,0.048998926
39960,0.06423983
39961,0.064114474
39962,0.45780548
39963,0.059607957
39964,0.2610004
39965,0.061633915
39966,0.06444506
39967,0.080113046
39968,0.0718851
39969,0.07115109
39970,0.06709132
39971,0.060669806
39972,0.06282907
39973,0.09886109
39974,0.8095714
39975,0.65607995
39976,0.64949447
39977,0.5021023
39978,0.27738532
39979,0.084078126
39980,0.09095011
39981,0.05995627
39982,0.055329863
39983,0.071805544
39984,0.077726886
39985,0.08001868
39986,0.061850935
39987,0.05184919
39988,0.054922026
39989,0.2689274
39990,0.07202848
39991,0.09886109
39992,0.0904996
39993,0.06276784
39994,0.08785046
39995,0.087314606
39996,0.084078126
39997,0.09080524
39998,0.045938164
39999,0.053994402
40000,0.053587344
40001,0.054253303
40002,0.055817127
40003,0.07169612
40004,0.05218286
40005,0.05218286
40006,0.071050994
40007,0.06569692
40008,0.06282641
40009,0.09066143
40010,0.05062905
40011,0.062419523
40012,0.074152134
40013,0.07396659
40014,0.27466065
40015,0.574624
40016,0.08997121
40017,0.054390687
40018,0.054439552
40019,0.054627087
40020,0.055940446
40021,0.07835456
40022,0.0801805
40023,0.04004571
40024,0.055045344
40025,0.04139853
40026,0.06316906
40027,0.090637766
40028,0.5192371
40029,0.062419523
40030,0.06260706
40031,0.074006185
40032,0.03797924
40033,0.09080524
40034,0.58117056
40035,0.0893933
40036,0.053980652
40037,0.055516113
40038,0.05312933
40039,0.05281644
40040,0.27374268
40041,0.08012398
40042,0.2688214
40043,0.034678403
40044,0.050280735
40045,0.07798865
40046,0.061313167
40047,0.038413238
40048,0.050875317
40049,0.048632942
40050,0.28102526
40051,0.07021413
40052,0.052907344
40053,0.053232986
40054,0.06848922
40055,0.07123371
40056,0.27410775
40057,0.065223895
40058,0.06565772
40059,0.06465763
40060,0.062911436
40061,0.034678403
40062,0.03618246
40063,0.036866177
40064,0.07000186
40065,0.29085436
40066,0.28283167
40067,0.05041651
40068,0.08401015
40069,0.057812564
40070,0.038683396
40071,0.49257922
40072,0.5555824
40073,0.0700523
40074,0.0700523
40075,0.045645438
40076,0.052648436
40077,0.052820936
40078,0.052634686
40079,0.052810263
40080,0.06926935
40081,0.06966957
40082,0.9485953
40083,0.0656866
40084,0.06353537
40085,0.06388312
40086,0.03480172
40087,0.035174586
40088,0.07518067
40089,0.4662154
40090,0.041586064
40091,0.07761523
40092,0.0541665
40093,0.050017543
40094,0.058497373
40095,0.0660132
40096,0.031067226
40097,0.02972134
40098,0.0492506
40099,0.04645691
40100,0.04661769
40101,0.045653548
40102,0.052648436
40103,0.052452363
40104,0.052648436
40105,0.07123371
40106,0.07123371
40107,0.07157281
40108,0.065800205
40109,0.06375981
40110,0.06390915
40111,0.06493258
40112,0.037631754
40113,0.07117635
40114,0.9021624
40115,0.07698349
40116,0.054449014
40117,0.050420173
40118,0.058185633
40119,0.03127411
40120,0.27666265
40121,0.047335356
40122,0.04669284
40123,0.04608815
40124,0.052820936
40125,0.07079268
40126,0.06459136
40127,0.90938985
40128,0.07783562
40129,0.048814956
40130,0.050578244
40131,0.027940292
40132,0.034163658
40133,0.04471848
40134,0.048814956
40135,0.02243828
40136,0.0227115
40137,0.06296235
40138,0.06312985
40139,0.0694832
40140,0.06959321
40141,0.038954888
40142,0.039429575
40143,0.03902388
40144,0.063917056
40145,0.076317854
40146,0.09862846
40147,0.024722334
40148,0.034810938
40149,0.040937357
40150,0.022457624
40151,0.023643974
40152,0.023618402
40153,0.023662312
40154,0.02517015
40155,0.06312985
40156,0.06132275
40157,0.069020644
40158,0.06959321
40159,0.039891344
40160,0.063494444
40161,0.2985498
40162,0.03340355
40163,0.028026575
40164,0.037573773
40165,0.02243828
40166,0.023146242
40167,0.04379227
40168,0.02328852
40169,0.039597392
40170,0.06402939
40171,0.04872537
40172,0.034881297
40173,0.030728314
40174,0.041902687
40175,0.023678726
40176,0.023618402
40177,0.023572251
40178,0.062265843
40179,0.4955319
40180,0.076523826
40181,0.06275305
40182,0.03401945
40183,0.033530228
40184,0.025041057
40185,0.02348411
40186,0.04448088
40187,0.023655813
40188,0.06312985
40189,0.083860785
40190,0.0694832
40191,0.035115857
40192,0.02848496
40193,0.037146967
40194,0.03340355
40195,0.03570824
40196,0.04379227
40197,0.062944226
40198,0.06350362
40199,0.083656535
40200,0.098976776
40201,0.09820585
40202,0.019252608
40203,0.020198993
40204,0.02651088
40205,0.027394325
40206,0.02256208
40207,0.063647255
40208,0.083860785
40209,0.2663876
40210,0.098649055
40211,0.039285235
40212,0.03659774
40213,0.029063923
40214,0.034840845
40215,0.034403313
40216,0.050245166
40217,0.028101087
40218,0.059129138
40219,0.04992359
40220,0.050406992
40221,0.051452547
40222,0.029035076
40223,0.03659774
40224,0.06433797
40225,0.05878195
40226,0.049575277
40227,0.051202215
40228,0.2682368
40229,0.061183553
40230,0.28526455
40231,0.049575277
40232,0.063039735
40233,0.05799355
40234,0.07105813
40235,0.61182076
40236,0.08474729
40237,0.06528883
40238,0.062273122
40239,0.05789306
40240,0.05788542
40241,0.037331823
40242,0.06595169
40243,0.62632495
40244,0.10538207
40245,0.058925003
40246,0.058167312
40247,0.05825372
40248,0.056218863
40249,0.036327664
40250,0.03745514
40251,0.06929312
40252,0.06595169
40253,0.49217898
40254,0.47338286
40255,0.061941817
40256,0.058925003
40257,0.05813166
40258,0.27076936
40259,0.03745514
40260,0.04646236
40261,0.06051806
40262,0.083494
40263,0.5040664
40264,0.09650382
40265,0.09633764
40266,0.5268228
40267,0.28308553
40268,0.07686718
40269,0.4611897
40270,0.051254608
40271,0.051246587
40272,0.04524241
40273,0.04481693
40274,0.06503864
40275,0.07505204
40276,0.09650382
40277,0.09631294
40278,0.04902185
40279,0.07745764
40280,0.45814374
40281,0.051377926
40282,0.04373167
40283,0.046154372
40284,0.03826892
40285,0.07274266
40286,0.07184555
40287,0.07340496
40288,0.07663022
40289,0.051377926
40290,0.2691713
40291,0.2537887
40292,0.07661088
40293,0.46081394
40294,0.45488748
40295,0.052392423
40296,0.051377926
40297,0.050598163
40298,0.044345383
40299,0.037861727
40300,0.036176912
40301,0.06460732
40302,0.07170079
40303,0.064174384
40304,0.0770392
40305,0.07745764
40306,0.47444445
40307,0.04281017
40308,0.043397553
40309,0.04907716
40310,0.46483746
40311,0.051348757
40312,0.05770159
40313,0.059940726
40314,0.079303354
40315,0.0773508
40316,0.46639588
40317,0.0527178
40318,0.05278889
40319,0.044600774
40320,0.065907136
40321,0.07235814
40322,0.03938881
40323,0.05050027
40324,0.06737513
40325,0.06489939
40326,0.051181264
40327,0.04037379
40328,0.0397709
40329,0.031707294
40330,0.032035813
40331,0.07023279
40332,0.07054627
40333,0.07820596
40334,0.06687102
40335,0.09811795
40336,0.060083207
40337,0.051504005
40338,0.035497136
40339,0.03591422
40340,0.0527178
40341,0.049973097
40342,0.57419837
40343,0.5645203
40344,0.052913405
40345,0.05336985
40346,0.054164935
40347,0.054255452
40348,0.048863325
40349,0.048924003
40350,0.06702577
40351,0.04037379
40352,0.26430458
40353,0.030877197
40354,0.03081598
40355,0.0308303
40356,0.07067974
40357,0.07998137
40358,0.07930568
40359,0.2650518
40360,0.2662035
40361,0.05266837
40362,0.05266837
40363,0.035497136
40364,0.06569796
40365,0.05163176
40366,0.26731136
40367,0.06578383
40368,0.5010326
40369,0.05262169
40370,0.054255452
40371,0.048953842
40372,0.04971787
40373,0.037190557
40374,0.039567363
40375,0.0694324
40376,0.071090885
40377,0.1037789
40378,0.27247536
40379,0.5450848
40380,0.07880876
40381,0.058180943
40382,0.073033854
40383,0.07252094
40384,0.046736594
40385,0.057830255
40386,0.05712795
40387,0.057169814
40388,0.05790933
40389,0.0783279
40390,0.054213926
40391,0.06583897
40392,0.043375526
40393,0.04810068
40394,0.04679403
40395,0.049979795
40396,0.049979795
40397,0.03945625
40398,0.039789118
40399,0.070125125
40400,0.06784884
40401,0.06982037
40402,0.10554605
40403,0.27136904
40404,0.13059175
40405,0.07870764
40406,0.058075175
40407,0.072796896
40408,0.06345151
40409,0.05099194
40410,0.05686778
40411,0.056820452
40412,0.058179345
40413,0.055090137
40414,0.05835237
40415,0.05843946
40416,0.043037828
40417,0.0468195
40418,0.04532513
40419,0.03865243
40420,0.07496393
40421,0.07300339
40422,0.10175787
40423,0.7824605
40424,0.10169783
40425,0.07872234
40426,0.058079816
40427,0.07915472
40428,0.07395659
40429,0.07549551
40430,0.0643872
40431,0.060555838
40432,0.2654403
40433,0.05498969
40434,0.06589843
40435,0.058458805
40436,0.07589371
40437,0.048927803
40438,0.03833198
40439,0.25898376
40440,0.072761536
40441,0.06982037
40442,0.113511816
40443,0.69732356
40444,0.10071972
40445,0.07905236
40446,0.07882157
40447,0.07923649
40448,0.07395659
40449,0.2709192
40450,0.06338274
40451,0.04848323
40452,0.044719763
40453,0.060555838
40454,0.060387466
40455,0.26164132
40456,0.06602174
40457,0.07712928
40458,0.076478265
40459,0.04226574
40460,0.04045461
40461,0.039744753
40462,0.04160193
40463,0.04182972
40464,0.08107974
40465,0.08224013
40466,0.08943981
40467,0.0854396
40468,0.2568747
40469,0.080126174
40470,0.08337499
40471,0.09595317
40472,0.13015555
40473,0.26963663
40474,0.0922053
40475,0.05327031
40476,0.06465906
40477,0.081359945
40478,0.7705812
40479,0.0757704
40480,0.07612994
40481,0.53212744
40482,0.077880196
40483,0.041807372
40484,0.052820385
40485,0.25858486
40486,0.2501385
40487,0.08924764
40488,0.08047553
40489,0.07975377
40490,0.08198559
40491,0.094932646
40492,0.1298638
40493,0.27071851
40494,0.08372492
40495,0.05327031
40496,0.06033675
40497,0.06108491
40498,0.08596333
40499,0.84300923
40500,0.0757704
40501,0.2720222
40502,0.04199308
40503,0.04221752
40504,0.058734883
40505,0.053224828
40506,0.053114463
40507,0.0763421
40508,0.07615457
40509,0.50086915
40510,0.07973443
40511,0.07984019
40512,0.09613451
40513,0.096322045
40514,0.112441696
40515,0.26980197
40516,0.08398122
40517,0.044907298
40518,0.11034967
40519,0.11036901
40520,0.089809775
40521,0.8220855
40522,0.84733284
40523,0.2853615
40524,0.07814406
40525,0.07814406
40526,0.04221752
40527,0.058851633
40528,0.060902596
40529,0.056083497
40530,0.07363038
40531,0.08687082
40532,0.08697658
40533,0.07973907
40534,0.08198559
40535,0.09637811
40536,0.048979204
40537,0.112510465
40538,0.09204451
40539,0.08384823
40540,0.044719763
40541,0.052265152
40542,0.28212583
40543,0.08776386
40544,0.7676258
40545,0.8305913
40546,0.5737242
40547,0.07775689
40548,0.058820006
40549,0.48168015
40550,0.041306656
40551,0.036815833
40552,0.060199253
40553,0.0496214
40554,0.04944857
40555,0.05997007
40556,0.060051836
40557,0.5374034
40558,0.08318654
40559,0.09329081
40560,0.09304722
40561,0.08917415
40562,0.07574135
40563,0.07777623
40564,0.080142595
40565,0.06641239
40566,0.09403826
40567,0.07901874
40568,0.079092234
40569,0.91811013
40570,0.7268058
40571,0.8273549
40572,0.07138834
40573,0.06919628
40574,0.059700496
40575,0.46773756
40576,0.08170727
40577,0.26847365
40578,0.061297532
40579,0.057741467
40580,0.049429223
40581,0.049717955
40582,0.060056478
40583,0.05997007
40584,0.55014265
40585,0.5547094
40586,0.09364561
40587,0.0929608
40588,0.08956753
40589,0.0735218
40590,0.080142595
40591,0.08024656
40592,0.0664502
40593,0.06641239
40594,0.09328169
40595,0.09457606
40596,0.07888314
40597,0.089321665
40598,0.055324003
40599,0.88031065
40600,0.8139458
40601,0.8432315
40602,0.057420924
40603,0.0685356
40604,0.05957718
40605,0.44449037
40606,0.078678824
40607,0.04899855
40608,0.031973537
40609,0.06007118
40610,0.052534427
40611,0.8388624
40612,0.84001875
40613,0.08967329
40614,0.08967329
40615,0.07578913
40616,0.10966685
40617,0.08140225
40618,0.08106205
40619,0.066422574
40620,0.06606303
40621,0.0789047
40622,0.078759834
40623,0.08934929
40624,0.073607676
40625,0.2782114
40626,0.11410425
40627,0.114137344
40628,0.05696073
40629,0.07157587
40630,0.06850251
40631,0.06055428
40632,0.07891635
40633,0.07942028
40634,0.05647599
40635,0.049429223
40636,0.049875647
40637,0.03178136
40638,0.05234225
40639,0.05234225
40640,0.2669142
40641,0.64229506
40642,0.089690834
40643,0.24890862
40644,0.10914285
40645,0.10941061
40646,0.08161741
40647,0.5581679
40648,0.066610105
40649,0.0789047
40650,0.07791189
40651,0.0891768
40652,0.073607676
40653,0.27654472
40654,0.7257977
40655,0.11393047
40656,0.11282983
40657,0.9306674
40658,0.071661
40659,0.067962736
40660,0.060552996
40661,0.26036316
40662,0.0636399
40663,0.05765506
40664,0.55158913
40665,0.032187242
40666,0.03261378
40667,0.07704625
40668,0.08049064
40669,0.09332303
40670,0.5486338
40671,0.5785339
40672,0.26019377
40673,0.26423287
40674,0.120103925
40675,0.11470722
40676,0.29059914
40677,0.07341159
40678,0.073249
40679,0.07343653
40680,0.5436328
40681,0.26491895
40682,0.048831042
40683,0.53662705
40684,0.26916158
40685,0.065284
40686,0.069856256
40687,0.0611477
40688,0.06462822
40689,0.032105476
40690,0.032105476
40691,0.076547116
40692,0.08049064
40693,0.09330833
40694,0.091827914
40695,0.581307
40696,0.6635834
40697,0.26670647
40698,0.26837516
40699,0.537683
40700,0.10645518
40701,0.073940076
40702,0.073752545
40703,0.07355057
40704,0.07310413
40705,0.2680342
40706,0.09370401
40707,0.04865854
40708,0.067690074
40709,0.06443102
40710,0.06351659
40711,0.069856256
40712,0.06066078
40713,0.044139713
40714,0.04310062
40715,0.06990099
40716,0.027610704
40717,0.027711812
40718,0.0813181
40719,0.080697514
40720,0.09201839
40721,0.25110626
40722,0.13849173
40723,0.60247636
40724,0.6780844
40725,0.6774774
40726,0.28387392
40727,0.0939343
40728,0.073752545
40729,0.07296502
40730,0.073081516
40731,0.09371776
40732,0.8748671
40733,0.06415836
40734,0.05979914
40735,0.070042506
40736,0.061284717
40737,0.26115328
40738,0.07949666
40739,0.04345022
40740,0.06733767
40741,0.066850536
40742,0.080097266
40743,0.08049064
40744,0.0917268
40745,0.5642514
40746,0.67383605
40747,0.63111717
40748,0.6761198
40749,0.22450335
40750,0.2859009
40751,0.09427449
40752,0.07312347
40753,0.048781853
40754,0.048644792
40755,0.06469421
40756,0.063990876
40757,0.46493235
40758,0.059714016
40759,0.26206088
40760,0.060291898
40761,0.063828684
40762,0.079365835
40763,0.06814653
40764,0.070752315
40765,0.0595355
40766,0.060051836
40767,0.061316893
40768,0.09730812
40769,0.80829173
40770,0.6645318
40771,0.622193
40772,0.4992166
40773,0.08720468
40774,0.0846194
40775,0.09103346
40776,0.043797888
40777,0.045533564
40778,0.05974711
40779,0.05573565
40780,0.05562217
40781,0.07800043
40782,0.08014989
40783,0.04032
40784,0.059275065
40785,0.05324016
40786,0.05489127
40787,0.2776377
40788,0.071256794
40789,0.09757003
40790,0.08917106
40791,0.062309593
40792,0.061746165
40793,0.0873058
40794,0.086958215
40795,0.08444883
40796,0.09129237
40797,0.054036245
40798,0.053505868
40799,0.05435936
40800,0.055248387
40801,0.07189155
40802,0.077999145
40803,0.04044332
40804,0.05233964
40805,0.051818434
40806,0.07373621
40807,0.06274533
40808,0.088998385
40809,0.050402336
40810,0.062223185
40811,0.07426754
40812,0.073723435
40813,0.27663577
40814,0.5742153
40815,0.08976063
40816,0.05435936
40817,0.05570858
40818,0.053047854
40819,0.07800043
40820,0.079937205
40821,0.04032
40822,0.0521346
40823,0.036293566
40824,0.04253495
40825,0.04376215
40826,0.06274533
40827,0.088998385
40828,0.49225745
40829,0.062410716
40830,0.062410716
40831,0.073723435
40832,0.035536688
40833,0.09138282
40834,0.27862275
40835,0.28050467
40836,0.044978242
40837,0.26473668
40838,0.055784237
40839,0.05304657
40840,0.053208634
40841,0.27833515
40842,0.08014989
40843,0.05489127
40844,0.050879348
40845,0.07823895
40846,0.05839183
40847,0.03794295
40848,0.038291264
40849,0.049468577
40850,0.077818304
40851,0.09101089
40852,0.07014312
40853,0.05256696
40854,0.053208634
40855,0.06939475
40856,0.0709589
40857,0.2731606
40858,0.06560513
40859,0.26005578
40860,0.063801646
40861,0.0634539
40862,0.038316876
40863,0.074962385
40864,0.28457615
40865,0.05380586
40866,0.29417267
40867,0.05103447
40868,0.06690569
40869,0.05860437
40870,0.03848705
40871,0.5143068
40872,0.55582565
40873,0.06997083
40874,0.070177704
40875,0.046807438
40876,0.05269028
40877,0.052385718
40878,0.05261539
40879,0.052728787
40880,0.06953724
40881,0.06918788
40882,0.95341533
40883,0.065556906
40884,0.06380129
40885,0.06391409
40886,0.0634539
40887,0.034770966
40888,0.03542848
40889,0.075810306
40890,0.28678373
40891,0.04120028
40892,0.0767652
40893,0.04977702
40894,0.058256056
40895,0.065816864
40896,0.0309942
40897,0.0503819
40898,0.046826784
40899,0.046807438
40900,0.045410246
40901,0.05255321
40902,0.05277384
40903,0.2749103
40904,0.07106286
40905,0.07149134
40906,0.06516788
40907,0.063801646
40908,0.06367834
40909,0.06460732
40910,0.03516979
40911,0.07114431
40912,0.91192794
40913,0.077584475
40914,0.05441826
40915,0.054541577
40916,0.050389417
40917,0.06191178
40918,0.065971985
40919,0.0312633
40920,0.029923005
40921,0.2751063
40922,0.046375435
40923,0.0461879
40924,0.05256696
40925,0.072052345
40926,0.06457616
40927,0.06572958
40928,0.06487998
40929,0.07125377
40930,0.27689385
40931,0.078918405
40932,0.053679366
40933,0.050389417
40934,0.027192714
40935,0.033806533
40936,0.041725688
40937,0.050389417
40938,0.022680743
40939,0.023257762
40940,0.06619692
40941,0.06325188
40942,0.06937493
40943,0.06956246
40944,0.038222678
40945,0.039364032
40946,0.039566636
40947,0.04017348
40948,0.064763844
40949,0.0762871
40950,0.10108416
40951,0.023775185
40952,0.06325188
40953,0.061694622
40954,0.06945244
40955,0.069927126
40956,0.04017348
40957,0.06371882
40958,0.2680339
40959,0.03337279
40960,0.023674387
40961,0.0348545
40962,0.044450123
40963,0.04272991
40964,0.03892413
40965,0.039566636
40966,0.0638863
40967,0.054235537
40968,0.033141986
40969,0.030463088
40970,0.03920415
40971,0.035595458
40972,0.023606082
40973,0.062402576
40974,0.29105398
40975,0.07643999
40976,0.052639715
40977,0.033029325
40978,0.03262721
40979,0.024844714
40980,0.024507975
40981,0.044602916
40982,0.023775185
40983,0.06325188
40984,0.062475163
40985,0.08383003
40986,0.06945244
40987,0.038879395
40988,0.034055494
40989,0.027197981
40990,0.044602916
40991,0.062391143
40992,0.08157666
40993,0.100787885
40994,0.018444736
40995,0.026366265
40996,0.023625055
40997,0.063286625
40998,0.30180016
40999,0.26143134
41000,0.120895736
41001,0.03387891
41002,0.04027527
41003,0.033514015
41004,0.06483045
41005,0.04992359
41006,0.05026451
41007,0.0644785
41008,0.079109974
41009,0.07127479
41010,0.08011042
41011,0.04992359
41012,0.06563715
41013,0.058066186
41014,0.0580481
41015,0.06695438
41016,0.096051075
41017,0.09525833
41018,0.062229652
41019,0.06528883
41020,0.03893
41021,0.08049908
41022,0.07161137
41023,0.6125076
41024,0.10255086
41025,0.2748582
41026,0.056305908
41027,0.037331823
41028,0.037331823
41029,0.046274826
41030,0.07514367
41031,0.5099686
41032,0.5381567
41033,0.062560946
41034,0.06109299
41035,0.058066186
41036,0.05792478
41037,0.05608102
41038,0.037331823
41039,0.039117534
41040,0.046225403
41041,0.061082
41042,0.28669238
41043,0.09622653
41044,0.09631294
41045,0.506752
41046,0.28216338
41047,0.4757755
41048,0.05067533
41049,0.051937036
41050,0.051434122
41051,0.045674592
41052,0.065067515
41053,0.07505204
41054,0.093297325
41055,0.094397046
41056,0.047813743
41057,0.07739324
41058,0.0802349
41059,0.29175368
41060,0.051254608
41061,0.050862864
41062,0.042476412
41063,0.045674592
41064,0.03629181
41065,0.075643376
41066,0.07186697
41067,0.07661088
41068,0.051254608
41069,0.036176912
41070,0.07184555
41071,0.07167609
41072,0.07787025
41073,0.46679893
41074,0.45964292
41075,0.051256165
41076,0.05142349
41077,0.03784238
41078,0.064955644
41079,0.062607534
41080,0.07741912
41081,0.077437215
41082,0.48868
41083,0.04165109
41084,0.042461857
41085,0.036176912
41086,0.049188703
41087,0.049537018
41088,0.064955644
41089,0.051780075
41090,0.062902935
41091,0.0621821
41092,0.07847802
41093,0.4877695
41094,0.053066116
41095,0.04960587
41096,0.044477455
41097,0.06904624
41098,0.06901857
41099,0.05073687
41100,0.06714908
41101,0.067261524
41102,0.052471016
41103,0.042064734
41104,0.043161146
41105,0.03159618
41106,0.03638834
41107,0.03208271
41108,0.07062653
41109,0.07065738
41110,0.08124627
41111,0.07186697
41112,0.09954483
41113,0.059457224
41114,0.051504005
41115,0.035497136
41116,0.03575344
41117,0.0527178
41118,0.0493457
41119,0.05278889
41120,0.49874678
41121,0.56184703
41122,0.05179314
41123,0.051773794
41124,0.054302778
41125,0.04907716
41126,0.049188703
41127,0.06702577
41128,0.051348757
41129,0.041610394
41130,0.26437557
41131,0.031318888
41132,0.031982604
41133,0.031318888
41134,0.07038009
41135,0.08200379
41136,0.08290356
41137,0.2671703
41138,0.26508012
41139,0.05143791
41140,0.05186445
41141,0.03585762
41142,0.06611505
41143,0.051475946
41144,0.40544087
41145,0.065907136
41146,0.5778976
41147,0.051773794
41148,0.05441728
41149,0.04907716
41150,0.049188703
41151,0.049613897
41152,0.04330635
41153,0.036426734
41154,0.03973354
41155,0.052581962
41156,0.07069763
41157,0.06753613
41158,0.09809536
41159,0.08689016
41160,0.54091567
41161,0.07880876
41162,0.058198493
41163,0.07284632
41164,0.073033854
41165,0.07549551
41166,0.04671725
41167,0.05694377
41168,0.056940414
41169,0.056587864
41170,0.057027332
41171,0.07824081
41172,0.054902602
41173,0.043730553
41174,0.046835203
41175,0.050166044
41176,0.050223578
41177,0.039789118
41178,0.03797882
41179,0.06951417
41180,0.07147469
41181,0.069570564
41182,0.101615384
41183,0.27136904
41184,0.13069753
41185,0.2540541
41186,0.058079816
41187,0.07302008
41188,0.06398735
41189,0.046814363
41190,0.056839798
41191,0.05694377
41192,0.056820452
41193,0.056820452
41194,0.05843946
41195,0.043037828
41196,0.047204085
41197,0.046445716
41198,0.03629817
41199,0.037872236
41200,0.07266796
41201,0.072761536
41202,0.096253164
41203,0.7358026
41204,0.09740166
41205,0.078703
41206,0.058180943
41207,0.0793598
41208,0.07421675
41209,0.07565734
41210,0.06340208
41211,0.049780924
41212,0.26510492
41213,0.054902602
41214,0.06581134
41215,0.05843946
41216,0.076317474
41217,0.04805246
41218,0.038654454
41219,0.03966331
41220,0.0707271
41221,0.07074862
41222,0.10351997
41223,0.7041129
41224,0.10664154
41225,0.07862123
41226,0.0793598
41227,0.07915472
41228,0.07470476
41229,0.26745033
41230,0.06352415
41231,0.048883077
41232,0.04500703
41233,0.06043252
41234,0.060594346
41235,0.06589843
41236,0.065998875
41237,0.27083975
41238,0.07642166
41239,0.0424244
41240,0.03867381
41241,0.041696258
41242,0.041696258
41243,0.08107974
41244,0.08224013
41245,0.0893534
41246,0.08937094
41247,0.08022737
41248,0.080231935
41249,0.08190382
41250,0.09495199
41251,0.13061194
41252,0.26963663
41253,0.09373861
41254,0.05327031
41255,0.06033675
41256,0.08356662
41257,0.76037544
41258,0.27439126
41259,0.53668666
41260,0.07953991
41261,0.04226574
41262,0.03770215
41263,0.042276103
41264,0.05317793
41265,0.5178633
41266,0.25015315
41267,0.08916587
41268,0.0800444
41269,0.07973907
41270,0.08361859
41271,0.09637811
41272,0.12985003
41273,0.27039492
41274,0.08379369
41275,0.052284498
41276,0.058936022
41277,0.060510512
41278,0.08312942
41279,0.8505996
41280,0.07612994
41281,0.55824596
41282,0.04221752
41283,0.057554528
41284,0.039566197
41285,0.053795077
41286,0.05317793
41287,0.073386684
41288,0.07615457
41289,0.4783038
41290,0.07965266
41291,0.07984019
41292,0.09640846
41293,0.09535919
41294,0.112441696
41295,0.27529708
41296,0.08372492
41297,0.044719763
41298,0.27559683
41299,0.11047298
41300,0.08432946
41301,0.84584284
41302,0.8084839
41303,0.28940925
41304,0.077918716
41305,0.26847363
41306,0.058547348
41307,0.058547348
41308,0.061082
41309,0.08699413
41310,0.07965266
41311,0.08347905
41312,0.096235625
41313,0.049084973
41314,0.11243331
41315,0.092180625
41316,0.08398122
41317,0.048295695
41318,0.05327031
41319,0.5137618
41320,0.051254608
41321,0.089809775
41322,0.80936956
41323,0.8347032
41324,0.5738506
41325,0.05879113
41326,0.5085239
41327,0.041306656
41328,0.038175836
41329,0.04944857
41330,0.04953499
41331,0.060157605
41332,0.06007118
41333,0.55157995
41334,0.08328765
41335,0.09254808
41336,0.09304722
41337,0.08948576
41338,0.087802686
41339,0.07830396
41340,0.080330126
41341,0.066269904
41342,0.093914956
41343,0.09438853
41344,0.078759834
41345,0.07873722
41346,0.91918176
41347,0.70152646
41348,0.8483405
41349,0.07175145
41350,0.06862779
41351,0.060366746
41352,0.5053559
41353,0.080042794
41354,0.2691967
41355,0.057817124
41356,0.057656344
41357,0.049405742
41358,0.049429223
41359,0.04944857
41360,0.060157605
41361,0.05997007
41362,0.5520205
41363,0.5523003
41364,0.09304722
41365,0.09304722
41366,0.09069823
41367,0.08622426
41368,0.08024656
41369,0.08012325
41370,0.066610105
41371,0.06622486
41372,0.09407678
41373,0.09429455
41374,0.07892166
41375,0.089321665
41376,0.05515171
41377,0.8933317
41378,0.8429607
41379,0.8337965
41380,0.056974486
41381,0.06868876
41382,0.5025312
41383,0.049084973
41384,0.04953499
41385,0.031973537
41386,0.060051836
41387,0.05234225
41388,0.8053906
41389,0.8337371
41390,0.08957217
41391,0.08732132
41392,0.08780545
41393,0.109324194
41394,0.08142988
41395,0.08140225
41396,0.06608237
41397,0.06735828
41398,0.0789047
41399,0.07888314
41400,0.089526154
41401,0.07362702
41402,0.27757692
41403,0.27212137
41404,0.11418938
41405,0.0570978
41406,0.06877517
41407,0.06055428
41408,0.26539442
41409,0.07879304
41410,0.05746881
41411,0.049347457
41412,0.049429223
41413,0.03188713
41414,0.05244802
41415,0.05244345
41416,0.26503488
41417,0.6409715
41418,0.08948576
41419,0.09027168
41420,0.10959814
41421,0.11016413
41422,0.08158978
41423,0.5470141
41424,0.0664502
41425,0.0789047
41426,0.0891768
41427,0.073772594
41428,0.27483326
41429,0.74234295
41430,0.2719753
41431,0.11286292
41432,0.9315419
41433,0.07120601
41434,0.06798868
41435,0.060366746
41436,0.07862777
41437,0.06367503
41438,0.058570832
41439,0.5734728
41440,0.032187242
41441,0.03229301
41442,0.07704625
41443,0.08040887
41444,0.09322192
41445,0.55628765
41446,0.2599354
41447,0.26136285
41448,0.26553008
41449,0.11932848
41450,0.11436702
41451,0.28537178
41452,0.0737695
41453,0.07381455
41454,0.073227435
41455,0.07355057
41456,0.59066004
41457,0.2604981
41458,0.048519436
41459,0.27121913
41460,0.540082
41461,0.0636399
41462,0.069986045
41463,0.061557375
41464,0.032105476
41465,0.03229301
41466,0.07694049
41467,0.0805964
41468,0.09351056
41469,0.092015445
41470,0.5852627
41471,0.66369665
41472,0.6203273
41473,0.12031512
41474,0.54487073
41475,0.10681471
41476,0.0742884
41477,0.074054115
41478,0.073363036
41479,0.073700555
41480,0.26763618
41481,0.09389026
41482,0.04382307
41483,0.06772317
41484,0.06415836
41485,0.06351659
41486,0.0724903
41487,0.062277257
41488,0.062642865
41489,0.04674309
41490,0.041921552
41491,0.063696474
41492,0.027610704
41493,0.027793668
41494,0.08040887
41495,0.08040887
41496,0.091827914
41497,0.25257102
41498,0.13783935
41499,0.6087574
41500,0.67100364
41501,0.68988365
41502,0.106578484
41503,0.09446202
41504,0.07343653
41505,0.09370401
41506,0.0492295
41507,0.06476854
41508,0.8798162
41509,0.06461855
41510,0.069674194
41511,0.061284717
41512,0.25977847
41513,0.041921552
41514,0.07394289
41515,0.06964257
41516,0.027798245
41517,0.08040887
41518,0.08049528
41519,0.09191433
41520,0.56520665
41521,0.6691744
41522,0.26583678
41523,0.6628284
41524,0.22419225
41525,0.28420994
41526,0.09403826
41527,0.073752545
41528,0.07326905
41529,0.08441031
41530,0.048677888
41531,0.048993107
41532,0.06434589
41533,0.46488842
41534,0.05966355
41535,0.4560708
41536,0.061284717
41537,0.06723161
41538,0.07949119
41539,0.06833406
41540,0.063781604
41541,0.061735056
41542,0.061316893
41543,0.09730812
41544,0.8429325
41545,0.6742271
41546,0.6566571
41547,0.51319504
41548,0.09060146
41549,0.08441031
41550,0.091195285
41551,0.04542959
41552,0.05954023
41553,0.05585897
41554,0.055248387
41555,0.0758579
41556,0.08042255
41557,0.040231038
41558,0.061408866
41559,0.05477012
41560,0.26448363
41561,0.07289594
41562,0.061316893
41563,0.09775756
41564,0.08891197
41565,0.06416685
41566,0.06275137
41567,0.27587685
41568,0.0873058
41569,0.08443187
41570,0.09103346
41571,0.054171834
41572,0.054831386
41573,0.054707676
41574,0.056085013
41575,0.07189155
41576,0.077999145
41577,0.040530078
41578,0.052257918
41579,0.0521346
41580,0.07095806
41581,0.06269357
41582,0.089185916
41583,0.051222004
41584,0.062497124
41585,0.062410716
41586,0.07391097
41587,0.07356338
41588,0.27485994
41589,0.5774627
41590,0.08976063
41591,0.054831386
41592,0.054678436
41593,0.055248387
41594,0.053047854
41595,0.07834875
41596,0.079937205
41597,0.038683787
41598,0.052152105
41599,0.034647647
41600,0.041367773
41601,0.041367773
41602,0.06264421
41603,0.08891197
41604,0.53875864
41605,0.065878905
41606,0.061633088
41607,0.07356338
41608,0.03794295
41609,0.09209619
41610,0.57801664
41611,0.27990103
41612,0.04577028
41613,0.266112
41614,0.055080894
41615,0.05336693
41616,0.053470902
41617,0.07827309
41618,0.07995655
41619,0.05509815
41620,0.042409595
41621,0.06566616
41622,0.050879348
41623,0.08460876
41624,0.058411177
41625,0.037906215
41626,0.03794295
41627,0.049468577
41628,0.049468577
41629,0.27986118
41630,0.07013266
41631,0.052740745
41632,0.05156039
41633,0.053132977
41634,0.07150056
41635,0.27424228
41636,0.06560513
41637,0.26028827
41638,0.063286416
41639,0.034692954
41640,0.03810246
41641,0.036647886
41642,0.07670852
41643,0.5767716
41644,0.28177634
41645,0.050965756
41646,0.08460876
41647,0.05860437
41648,0.03780224
41649,0.2760831
41650,0.5629784
41651,0.06952565
41652,0.069276094
41653,0.046807438
41654,0.052728787
41655,0.05256696
41656,0.052740745
41657,0.05255321
41658,0.06918788
41659,0.06920722
41660,0.94333506
41661,0.065329954
41662,0.06332854
41663,0.06369768
41664,0.075810306
41665,0.28710344
41666,0.041367773
41667,0.0767652
41668,0.04979706
41669,0.058256056
41670,0.065816864
41671,0.030024134
41672,0.049698234
41673,0.046826784
41674,0.046807438
41675,0.044978242
41676,0.05255321
41677,0.05255321
41678,0.27586666
41679,0.070939556
41680,0.07149134
41681,0.0647941
41682,0.06398975
41683,0.06367834
41684,0.065067515
41685,0.07095806
41686,0.94554937
41687,0.076639846
41688,0.05386804
41689,0.054437604
41690,0.05031287
41691,0.059095986
41692,0.065952644
41693,0.029836595
41694,0.033927917
41695,0.27803078
41696,0.046826784
41697,0.07150056
41698,0.071840696
41699,0.06483176
41700,0.06499359
41701,0.07113349
41702,0.2771623
41703,0.027195862
41704,0.03737743
41705,0.26962668
41706,0.050408762
41707,0.023257762
41708,0.023257762
41709,0.062391143
41710,0.063099094
41711,0.068382114
41712,0.07444344
41713,0.03939882
41714,0.039443318
41715,0.07649307
41716,0.2833434
41717,0.02513776
41718,0.034561634
41719,0.03943381
41720,0.022407522
41721,0.022407522
41722,0.023541493
41723,0.022147171
41724,0.062106278
41725,0.061694622
41726,0.06989234
41727,0.06937493
41728,0.06421618
41729,0.28525138
41730,0.03462653
41731,0.034561634
41732,0.039552465
41733,0.03440381
41734,0.023115484
41735,0.044470165
41736,0.023257762
41737,0.022680743
41738,0.062402576
41739,0.03872126
41740,0.038846616
41741,0.047541752
41742,0.05445096
41743,0.033618998
41744,0.039552465
41745,0.022680743
41746,0.062402576
41747,0.06426008
41748,0.29807383
41749,0.07649369
41750,0.053988412
41751,0.034370862
41752,0.034552764
41753,0.024239043
41754,0.044637658
41755,0.023541493
41756,0.062391143
41757,0.08188649
41758,0.06937493
41759,0.039443318
41760,0.037674215
41761,0.03804017
41762,0.10097542
41763,0.032019515
41764,0.02009042
41765,0.062391143
41766,0.08174414
41767,0.06957575
41768,0.100787885
41769,0.020496788
41770,0.023429293
41771,0.02576331
41772,0.062391143
41773,0.3036165
41774,0.06937493
41775,0.036928676
41776,0.100787885
41777,0.018695517
